com.samsung.health.water_intake,7006011,6
start_time,amount,custom,update_time,create_time,client_data_id,client_data_ver,time_offset,deviceuuid,unit_amount,comment,pkg_name,datauuid
2024-02-02 16:03:26.063,250.0,,2024-02-02 16:03:26.064,2024-02-02 16:03:26.064,,,UTC-0300,hriiVjEkYE,250.0,,com.sec.android.app.shealth,d81f7ee3-bf28-45ac-8545-5760373da348,
2024-02-02 16:03:29.798,250.0,,2024-02-02 16:03:29.803,2024-02-02 16:03:29.803,,,UTC-0300,hriiVjEkYE,250.0,,com.sec.android.app.shealth,1a26bf61-de21-4142-8ce8-831167a03e64,
2024-02-02 16:03:33.384,250.0,,2024-02-02 16:03:33.386,2024-02-02 16:03:33.386,,,UTC-0300,hriiVjEkYE,250.0,,com.sec.android.app.shealth,53f34692-2e2e-48cf-ac1d-35eb15771be9,
2024-02-02 16:03:34.804,250.0,,2024-02-02 16:03:34.806,2024-02-02 16:03:34.806,,,UTC-0300,hriiVjEkYE,250.0,,com.sec.android.app.shealth,fb03633f-4f48-415e-b693-56658ad1bbca,
2024-02-02 17:34:57.914,500.0,,2024-02-02 17:34:57.930,2024-02-02 17:34:57.930,,,UTC-0300,hriiVjEkYE,500.0,,com.sec.android.app.shealth,6d1e25a0-c06d-48d3-96a2-2157c60d0119,
2024-02-02 17:34:59.530,500.0,,2024-02-02 17:34:59.532,2024-02-02 17:34:59.532,,,UTC-0300,hriiVjEkYE,500.0,,com.sec.android.app.shealth,241fde25-9a86-4c40-a21a-ff0dc0e57fce,
2024-02-02 18:44:40.330,250.0,,2024-02-02 18:44:40.337,2024-02-02 18:44:40.337,,,UTC-0300,hriiVjEkYE,250.0,,com.sec.android.app.shealth,aa20380d-28de-4e33-b3fd-a5c97fcbc73d,
2024-02-02 18:44:41.284,250.0,,2024-02-02 18:44:41.297,2024-02-02 18:44:41.297,,,UTC-0300,hriiVjEkYE,250.0,,com.sec.android.app.shealth,ba637def-6d76-45be-9dbc-ef68416a2518,
2024-02-02 18:44:42.351,250.0,,2024-02-02 18:44:42.354,2024-02-02 18:44:42.354,,,UTC-0300,hriiVjEkYE,250.0,,com.sec.android.app.shealth,27022918-3e4f-4f6e-bd23-a0cb57b3946a,
2024-02-02 20:57:58.721,250.0,,2024-02-02 20:57:58.731,2024-02-02 20:57:58.731,,,UTC-0300,hriiVjEkYE,250.0,,com.sec.android.app.shealth,c2044213-d4fd-4613-b5cb-00fd0e61076c,
2024-02-02 20:57:59.687,250.0,,2024-02-02 20:57:59.688,2024-02-02 20:57:59.688,,,UTC-0300,hriiVjEkYE,250.0,,com.sec.android.app.shealth,11b69182-0951-4777-9b32-a3be5cbf1452,
2024-02-02 20:58:00.411,250.0,,2024-02-02 20:58:00.412,2024-02-02 20:58:00.412,,,UTC-0300,hriiVjEkYE,250.0,,com.sec.android.app.shealth,664830ce-3c66-4baa-ae82-85684569fb45,
2024-02-02 20:58:01.139,250.0,,2024-02-02 20:58:01.140,2024-02-02 20:58:01.140,,,UTC-0300,hriiVjEkYE,250.0,,com.sec.android.app.shealth,b39b7645-a4f4-4774-8aef-ac3627789b4c,
2024-02-03 19:07:48.673,250.0,,2024-02-03 19:07:48.676,2024-02-03 19:07:48.676,,,UTC-0300,hriiVjEkYE,250.0,,com.sec.android.app.shealth,4fab77ff-69ec-47db-8dd1-9ed4d3170dda,
2024-02-03 19:07:49.461,250.0,,2024-02-03 19:07:49.476,2024-02-03 19:07:49.476,,,UTC-0300,hriiVjEkYE,250.0,,com.sec.android.app.shealth,7170ed27-6df3-4488-b8bf-72310b679e88,
2024-02-03 19:07:50.157,250.0,,2024-02-03 19:07:50.159,2024-02-03 19:07:50.159,,,UTC-0300,hriiVjEkYE,250.0,,com.sec.android.app.shealth,c8c98e38-6043-41b0-84ba-ca47a484ecc3,
2024-02-03 19:07:50.777,250.0,,2024-02-03 19:07:50.779,2024-02-03 19:07:50.779,,,UTC-0300,hriiVjEkYE,250.0,,com.sec.android.app.shealth,ef0472b4-0bc5-4db9-8f3c-ccd26f05dea0,
2024-02-03 19:07:51.417,250.0,,2024-02-03 19:07:51.418,2024-02-03 19:07:51.418,,,UTC-0300,hriiVjEkYE,250.0,,com.sec.android.app.shealth,ca08f518-4e3f-464c-9ff9-bde8ba94ed4f,
2024-02-03 21:32:27.482,250.0,,2024-02-03 21:32:27.509,2024-02-03 21:32:27.509,,,UTC-0300,hriiVjEkYE,250.0,,com.sec.android.app.shealth,e53837a9-db76-4f3c-9cbd-4f6ef9c77d7f,
2024-02-03 21:32:28.467,250.0,,2024-02-03 21:32:28.471,2024-02-03 21:32:28.471,,,UTC-0300,hriiVjEkYE,250.0,,com.sec.android.app.shealth,e71577b5-0378-4dcf-a149-a6b52f9062d2,
2024-02-03 21:32:29.209,250.0,,2024-02-03 21:32:29.210,2024-02-03 21:32:29.210,,,UTC-0300,hriiVjEkYE,250.0,,com.sec.android.app.shealth,cdeaa53c-14e6-4f6b-8a3d-7ac096346ec9,
2024-02-03 21:32:31.573,250.0,,2024-02-03 21:32:31.576,2024-02-03 21:32:31.576,,,UTC-0300,hriiVjEkYE,250.0,,com.sec.android.app.shealth,fdbf7d3f-90bd-490a-9be2-fd0ceafa7285,
2024-02-03 21:32:32.339,250.0,,2024-02-03 21:32:32.340,2024-02-03 21:32:32.340,,,UTC-0300,hriiVjEkYE,250.0,,com.sec.android.app.shealth,5c2b58d7-b86a-4dba-9979-95baade496b8,
2024-02-04 02:57:19.774,250.0,,2024-02-04 02:57:19.781,2024-02-04 02:57:19.781,,,UTC-0300,hriiVjEkYE,250.0,,com.sec.android.app.shealth,237ccda9-7eb9-4a84-a710-9a0c3246c458,
2024-02-04 02:57:21.278,250.0,,2024-02-04 02:57:21.289,2024-02-04 02:57:21.289,,,UTC-0300,hriiVjEkYE,250.0,,com.sec.android.app.shealth,dcb9e797-b9e4-41fe-9f17-a799cab99ee5,
2024-02-04 02:57:22.411,250.0,,2024-02-04 02:57:22.421,2024-02-04 02:57:22.421,,,UTC-0300,hriiVjEkYE,250.0,,com.sec.android.app.shealth,93e0178d-c4fb-4abc-88cd-1b9d01ee559a,
2024-02-04 02:57:23.495,250.0,,2024-02-04 02:57:23.513,2024-02-04 02:57:23.513,,,UTC-0300,hriiVjEkYE,250.0,,com.sec.android.app.shealth,5a1f9bf1-8ccc-4182-84ed-c023f92a6083,
2024-02-04 02:57:24.809,250.0,,2024-02-04 02:57:24.811,2024-02-04 02:57:24.811,,,UTC-0300,hriiVjEkYE,250.0,,com.sec.android.app.shealth,de88a269-589d-4ffd-8a08-abe742d1bfdc,
2024-02-04 18:11:24.177,250.0,,2024-02-04 18:11:24.178,2024-02-04 18:11:24.178,,,UTC-0300,hriiVjEkYE,250.0,,com.sec.android.app.shealth,6a8f1a45-a4d6-4ad8-abb0-131f51945876,
2024-02-04 18:11:25.173,250.0,,2024-02-04 18:11:25.174,2024-02-04 18:11:25.174,,,UTC-0300,hriiVjEkYE,250.0,,com.sec.android.app.shealth,bb735a7c-22cb-441d-a3c8-551292ae8ac8,
2024-02-04 18:11:27.524,250.0,,2024-02-04 18:11:27.526,2024-02-04 18:11:27.526,,,UTC-0300,hriiVjEkYE,250.0,,com.sec.android.app.shealth,96e09963-f928-476f-8aa1-976ee9cf492a,
2024-02-04 18:11:28.258,250.0,,2024-02-04 18:11:28.267,2024-02-04 18:11:28.267,,,UTC-0300,hriiVjEkYE,250.0,,com.sec.android.app.shealth,bedf4de7-241c-4206-900c-95ee48263898,
2024-02-04 18:11:28.960,250.0,,2024-02-04 18:11:28.962,2024-02-04 18:11:28.962,,,UTC-0300,hriiVjEkYE,250.0,,com.sec.android.app.shealth,369d43b0-2506-40ce-ac83-c589888a7d8d,
2024-02-04 20:24:41.620,250.0,,2024-02-04 20:24:41.622,2024-02-04 20:24:41.622,,,UTC-0300,hriiVjEkYE,250.0,,com.sec.android.app.shealth,b60ea46f-9935-4780-9a20-2d57d527558b,
2024-02-04 20:24:42.490,250.0,,2024-02-04 20:24:42.491,2024-02-04 20:24:42.491,,,UTC-0300,hriiVjEkYE,250.0,,com.sec.android.app.shealth,5cc4b485-ce9b-49e8-88ba-b43a752558cf,
2024-02-04 20:24:44.807,250.0,,2024-02-04 20:24:44.810,2024-02-04 20:24:44.810,,,UTC-0300,hriiVjEkYE,250.0,,com.sec.android.app.shealth,4876daf7-1543-4914-9fca-f2f0907545b3,
2024-02-04 20:24:45.663,250.0,,2024-02-04 20:24:45.672,2024-02-04 20:24:45.672,,,UTC-0300,hriiVjEkYE,250.0,,com.sec.android.app.shealth,bdab5b5f-c3cc-48ac-b298-5d027c5d42ed,
2024-02-04 20:24:46.825,250.0,,2024-02-04 20:24:46.830,2024-02-04 20:24:46.830,,,UTC-0300,hriiVjEkYE,250.0,,com.sec.android.app.shealth,6c0d9a88-c013-40cd-864c-d04c9b5aa743,
2024-02-05 01:17:14.351,250.0,,2024-02-05 01:17:14.358,2024-02-05 01:17:14.358,,,UTC-0300,hriiVjEkYE,250.0,,com.sec.android.app.shealth,2352a6e4-bf3b-45e5-9a15-0c2f919e612b,
2024-02-05 01:17:14.991,250.0,,2024-02-05 01:17:14.992,2024-02-05 01:17:14.992,,,UTC-0300,hriiVjEkYE,250.0,,com.sec.android.app.shealth,683f7595-9783-4d72-8dea-4bfa6cfd416c,
2024-02-05 01:17:17.368,250.0,,2024-02-05 01:17:17.373,2024-02-05 01:17:17.373,,,UTC-0300,hriiVjEkYE,250.0,,com.sec.android.app.shealth,d98fffaf-57db-41c7-b2ba-3f23b8bc2623,
2024-02-05 01:17:18.021,250.0,,2024-02-05 01:17:18.030,2024-02-05 01:17:18.030,,,UTC-0300,hriiVjEkYE,250.0,,com.sec.android.app.shealth,c7ea0c56-582c-40d4-99ae-b0dc73868f4a,
2024-02-05 15:21:37.256,250.0,,2024-02-05 15:21:37.259,2024-02-05 15:21:37.259,,,UTC-0300,hriiVjEkYE,250.0,,com.sec.android.app.shealth,10d53fa6-6d83-45d9-bc48-2e4c017fcbe6,
2024-02-05 15:21:37.909,250.0,,2024-02-05 15:21:37.913,2024-02-05 15:21:37.913,,,UTC-0300,hriiVjEkYE,250.0,,com.sec.android.app.shealth,c9ec95c0-a0c5-4c5a-ac42-72ff64b1f0c5,
2024-02-05 15:21:40.890,250.0,,2024-02-05 15:21:40.893,2024-02-05 15:21:40.893,,,UTC-0300,hriiVjEkYE,250.0,,com.sec.android.app.shealth,1e6ba3fc-07b4-4c1d-94ac-c3a5b411dbed,
2024-02-05 17:34:15.774,250.0,,2024-02-05 17:34:15.784,2024-02-05 17:34:15.784,,,UTC-0300,hriiVjEkYE,250.0,,com.sec.android.app.shealth,588588b0-836b-4cc8-8669-b3681d74f8d9,
2024-02-05 17:34:16.465,250.0,,2024-02-05 17:34:16.468,2024-02-05 17:34:16.468,,,UTC-0300,hriiVjEkYE,250.0,,com.sec.android.app.shealth,7846a622-6f56-40a7-b5bb-a3e68eae9a98,
2024-02-05 17:34:17.075,250.0,,2024-02-05 17:34:17.075,2024-02-05 17:34:17.075,,,UTC-0300,hriiVjEkYE,250.0,,com.sec.android.app.shealth,ed4ee28c-a145-44c1-a090-edb209d9ee9b,
2024-02-05 18:18:10.456,250.0,,2024-02-05 18:18:10.458,2024-02-05 18:18:10.458,,,UTC-0300,hriiVjEkYE,250.0,,com.sec.android.app.shealth,6a40cf13-5aba-48e4-900c-013591f1019f,
2024-02-05 18:18:16.796,250.0,,2024-02-05 18:18:16.798,2024-02-05 18:18:16.798,,,UTC-0300,hriiVjEkYE,250.0,,com.sec.android.app.shealth,f8bdbee5-9e82-4329-b3ee-2dbd2d995271,
2024-02-05 18:19:11.662,250.0,,2024-02-05 18:19:11.665,2024-02-05 18:19:11.665,,,UTC-0300,hriiVjEkYE,250.0,,com.sec.android.app.shealth,4ab06f04-250b-4ed1-866e-e28665334175,
2024-02-05 20:27:08.557,250.0,,2024-02-05 20:27:08.562,2024-02-05 20:27:08.562,,,UTC-0300,hriiVjEkYE,250.0,,com.sec.android.app.shealth,e70e967c-9516-47df-822b-e48a55f6e87e,
2024-02-05 20:27:09.174,250.0,,2024-02-05 20:27:09.181,2024-02-05 20:27:09.181,,,UTC-0300,hriiVjEkYE,250.0,,com.sec.android.app.shealth,24adf9ae-5cf2-4d4e-b2bf-a93a80c6c72a,
2024-02-05 20:27:10.573,250.0,,2024-02-05 20:27:10.574,2024-02-05 20:27:10.574,,,UTC-0300,hriiVjEkYE,250.0,,com.sec.android.app.shealth,27aadcb4-c7fa-49f3-b152-92f0d29dab99,
2024-02-06 01:48:08.510,250.0,,2024-02-06 01:48:08.517,2024-02-06 01:48:08.517,,,UTC-0300,hriiVjEkYE,250.0,,com.sec.android.app.shealth,3ef2b002-ce44-4ffc-ae69-f811594e501b,
2024-02-06 01:48:09.286,250.0,,2024-02-06 01:48:09.289,2024-02-06 01:48:09.289,,,UTC-0300,hriiVjEkYE,250.0,,com.sec.android.app.shealth,62787fad-da96-44f1-9153-3f0da16746f8,
2024-02-06 01:48:09.944,250.0,,2024-02-06 01:48:09.950,2024-02-06 01:48:09.950,,,UTC-0300,hriiVjEkYE,250.0,,com.sec.android.app.shealth,c2aba885-ac42-4e25-8904-78057ba9608d,
2024-02-06 01:48:10.772,250.0,,2024-02-06 01:48:10.773,2024-02-06 01:48:10.773,,,UTC-0300,hriiVjEkYE,250.0,,com.sec.android.app.shealth,17e080dd-05e7-4b6b-9042-be4b3145db4b,
2024-02-06 14:50:17.402,250.0,,2024-02-06 14:50:17.412,2024-02-06 14:50:17.412,,,UTC-0300,hriiVjEkYE,250.0,,com.sec.android.app.shealth,090520f0-50ed-407d-ac45-132db06c49db,
2024-02-06 14:50:18.504,250.0,,2024-02-06 14:50:18.504,2024-02-06 14:50:18.504,,,UTC-0300,hriiVjEkYE,250.0,,com.sec.android.app.shealth,a26b51b1-8734-409b-acfd-e48a1da1159c,
2024-02-06 14:50:20.370,250.0,,2024-02-06 14:50:20.372,2024-02-06 14:50:20.372,,,UTC-0300,hriiVjEkYE,250.0,,com.sec.android.app.shealth,11c5dc05-ec28-4ef1-9aa1-a75c9a201271,
2024-02-06 14:50:21.934,250.0,,2024-02-06 14:50:21.940,2024-02-06 14:50:21.940,,,UTC-0300,hriiVjEkYE,250.0,,com.sec.android.app.shealth,341e5ab7-ad00-4b7e-adce-386ffcd8c335,
2024-02-06 17:37:42.377,250.0,,2024-02-06 17:37:42.380,2024-02-06 17:37:42.380,,,UTC-0300,hriiVjEkYE,250.0,,com.sec.android.app.shealth,c480fac4-a632-4c76-983e-93a71df020ba,
2024-02-06 17:37:43.500,250.0,,2024-02-06 17:37:43.503,2024-02-06 17:37:43.503,,,UTC-0300,hriiVjEkYE,250.0,,com.sec.android.app.shealth,afee0a0c-5002-48fc-8ee6-ff0413ee26a8,
2024-02-06 17:37:44.370,250.0,,2024-02-06 17:37:44.371,2024-02-06 17:37:44.371,,,UTC-0300,hriiVjEkYE,250.0,,com.sec.android.app.shealth,b7662371-5c31-44cd-bb5d-853e4cbb86b3,
2024-02-06 17:37:45.268,250.0,,2024-02-06 17:37:45.272,2024-02-06 17:37:45.272,,,UTC-0300,hriiVjEkYE,250.0,,com.sec.android.app.shealth,332cf32c-5e3a-49cd-bb27-43b04a0bd2ac,
2024-02-07 16:40:20.277,250.0,,2024-02-07 16:40:20.308,2024-02-07 16:40:20.308,,,UTC-0300,hriiVjEkYE,250.0,,com.sec.android.app.shealth,0b4b4c29-4259-4402-8bd6-e1083296281d,
2024-02-07 16:40:20.885,250.0,,2024-02-07 16:40:20.889,2024-02-07 16:40:20.889,,,UTC-0300,hriiVjEkYE,250.0,,com.sec.android.app.shealth,c3cf2a0b-6c66-4fcb-afee-d22bbdec1a7a,
2024-02-07 16:40:21.508,250.0,,2024-02-07 16:40:21.513,2024-02-07 16:40:21.513,,,UTC-0300,hriiVjEkYE,250.0,,com.sec.android.app.shealth,f4583732-ff9c-493f-956a-321349488bf0,
2024-02-07 16:40:22.368,250.0,,2024-02-07 16:40:22.381,2024-02-07 16:40:22.381,,,UTC-0300,hriiVjEkYE,250.0,,com.sec.android.app.shealth,fa52b8ae-0517-4b03-99f9-c031461c9548,
2024-02-08 16:43:07.723,250.0,,2024-02-08 16:43:07.732,2024-02-08 16:43:07.732,,,UTC-0300,hriiVjEkYE,250.0,,com.sec.android.app.shealth,33a24358-3120-436e-b972-a2ded6f35958,
2024-02-08 16:43:08.640,250.0,,2024-02-08 16:43:08.641,2024-02-08 16:43:08.641,,,UTC-0300,hriiVjEkYE,250.0,,com.sec.android.app.shealth,129ff87a-bafa-4b92-96dd-77374f3cf1de,
2024-02-08 16:43:10.287,250.0,,2024-02-08 16:43:10.289,2024-02-08 16:43:10.289,,,UTC-0300,hriiVjEkYE,250.0,,com.sec.android.app.shealth,a78fbdff-be30-4fb7-b235-e39748d648e6,
2024-02-08 19:59:56.295,250.0,,2024-02-08 19:59:56.310,2024-02-08 19:59:56.310,,,UTC-0300,hriiVjEkYE,250.0,,com.sec.android.app.shealth,bbd7a0fa-611e-449f-9b41-cb091866d791,
2024-02-08 19:59:56.901,250.0,,2024-02-08 19:59:56.908,2024-02-08 19:59:56.908,,,UTC-0300,hriiVjEkYE,250.0,,com.sec.android.app.shealth,c003c324-e433-41fd-9333-cc86671cefe6,
2024-02-08 19:59:57.518,250.0,,2024-02-08 19:59:57.519,2024-02-08 19:59:57.519,,,UTC-0300,hriiVjEkYE,250.0,,com.sec.android.app.shealth,9774317a-0f2f-4b57-a9da-a5c7044a18e3,
2024-02-08 19:59:58.719,250.0,,2024-02-08 19:59:58.720,2024-02-08 19:59:58.720,,,UTC-0300,hriiVjEkYE,250.0,,com.sec.android.app.shealth,17f13273-710a-40b4-9194-e423b29dddfb,
2024-02-08 20:00:00.450,250.0,,2024-02-08 20:00:00.453,2024-02-08 20:00:00.453,,,UTC-0300,hriiVjEkYE,250.0,,com.sec.android.app.shealth,8697596b-9897-479e-9ad6-a02fd7ce916e,
2024-02-08 20:00:01.120,250.0,,2024-02-08 20:00:01.128,2024-02-08 20:00:01.128,,,UTC-0300,hriiVjEkYE,250.0,,com.sec.android.app.shealth,6aa17424-6dcf-47ae-8526-8acfd1445713,
2024-02-08 20:00:01.777,250.0,,2024-02-08 20:00:01.779,2024-02-08 20:00:01.779,,,UTC-0300,hriiVjEkYE,250.0,,com.sec.android.app.shealth,0f787426-0f86-4ef9-aa07-73c36234977a,
2024-02-08 20:20:14.022,250.0,,2024-02-08 20:20:14.030,2024-02-08 20:20:14.030,,,UTC-0300,hriiVjEkYE,250.0,,com.sec.android.app.shealth,22f6bf66-a2b1-4a54-9848-3e06036f12e2,
2024-02-08 20:20:14.696,250.0,,2024-02-08 20:20:14.705,2024-02-08 20:20:14.705,,,UTC-0300,hriiVjEkYE,250.0,,com.sec.android.app.shealth,e3c2af80-75ef-4c60-93cd-d7b25f7c45aa,
2024-02-08 20:20:15.373,250.0,,2024-02-08 20:20:15.374,2024-02-08 20:20:15.374,,,UTC-0300,hriiVjEkYE,250.0,,com.sec.android.app.shealth,d425dc8f-2783-488e-989c-4fb9c21bc241,
2024-02-08 20:20:15.990,250.0,,2024-02-08 20:20:15.995,2024-02-08 20:20:15.995,,,UTC-0300,hriiVjEkYE,250.0,,com.sec.android.app.shealth,e9255eef-0e8d-497e-9a34-3b5d8897671b,
2024-02-08 22:36:26.204,250.0,,2024-02-08 22:36:26.210,2024-02-08 22:36:26.210,,,UTC-0300,hriiVjEkYE,250.0,,com.sec.android.app.shealth,cdb36621-1938-40fb-a706-4c0ee15c8052,
2024-02-08 22:36:26.872,250.0,,2024-02-08 22:36:26.873,2024-02-08 22:36:26.873,,,UTC-0300,hriiVjEkYE,250.0,,com.sec.android.app.shealth,00fe8fff-3b18-445b-87ad-077102db6edd,
2024-02-08 22:36:27.650,250.0,,2024-02-08 22:36:27.662,2024-02-08 22:36:27.662,,,UTC-0300,hriiVjEkYE,250.0,,com.sec.android.app.shealth,74543b88-5b18-4ade-a40b-598a5f91737a,
2024-02-09 15:36:23.078,250.0,,2024-02-09 15:36:23.081,2024-02-09 15:36:23.081,,,UTC-0300,hriiVjEkYE,250.0,,com.sec.android.app.shealth,82a4dff4-0772-46cd-8341-fc2b6205b410,
2024-02-09 15:36:24.419,250.0,,2024-02-09 15:36:24.422,2024-02-09 15:36:24.422,,,UTC-0300,hriiVjEkYE,250.0,,com.sec.android.app.shealth,6f991d4e-51e2-43f6-9e6e-7946bb377505,
2024-02-09 15:36:25.559,250.0,,2024-02-09 15:36:25.561,2024-02-09 15:36:25.561,,,UTC-0300,hriiVjEkYE,250.0,,com.sec.android.app.shealth,c6cfe1b6-0bae-4f20-b7db-92a6f3902285,
2024-02-09 15:36:26.294,250.0,,2024-02-09 15:36:26.301,2024-02-09 15:36:26.301,,,UTC-0300,hriiVjEkYE,250.0,,com.sec.android.app.shealth,3451d87a-7c51-477f-9d49-8e697e31316d,
2024-02-09 18:11:32.968,250.0,,2024-02-09 18:11:32.978,2024-02-09 18:11:32.978,,,UTC-0300,hriiVjEkYE,250.0,,com.sec.android.app.shealth,7510b163-f6a2-4537-bcbe-c76f687915e2,
2024-02-09 18:11:34.122,250.0,,2024-02-09 18:11:34.130,2024-02-09 18:11:34.130,,,UTC-0300,hriiVjEkYE,250.0,,com.sec.android.app.shealth,4eb1c7f6-5e61-4ee6-928e-817ccb056b6a,
2024-02-09 18:11:34.965,250.0,,2024-02-09 18:11:34.971,2024-02-09 18:11:34.971,,,UTC-0300,hriiVjEkYE,250.0,,com.sec.android.app.shealth,869f0e54-78a8-4770-9ac0-087047bde5ac,
2024-02-09 18:11:35.771,250.0,,2024-02-09 18:11:35.779,2024-02-09 18:11:35.779,,,UTC-0300,hriiVjEkYE,250.0,,com.sec.android.app.shealth,0b7aadf0-6705-46c9-b47a-83d7c8c0b566,
2024-02-09 19:04:02.910,250.0,,2024-02-09 19:04:02.916,2024-02-09 19:04:02.916,,,UTC-0300,hriiVjEkYE,250.0,,com.sec.android.app.shealth,b642a174-6ec4-453c-865b-1e5e8c6fa702,
2024-02-09 19:04:03.675,250.0,,2024-02-09 19:04:03.678,2024-02-09 19:04:03.678,,,UTC-0300,hriiVjEkYE,250.0,,com.sec.android.app.shealth,f2569932-b075-42a1-b6c7-0be056513b67,
2024-02-09 19:04:04.403,250.0,,2024-02-09 19:04:04.407,2024-02-09 19:04:04.407,,,UTC-0300,hriiVjEkYE,250.0,,com.sec.android.app.shealth,ce2780ae-8f01-4607-a5ea-0f831d77548a,
2024-02-09 23:05:31.669,250.0,,2024-02-09 23:05:31.686,2024-02-09 23:05:31.686,,,UTC-0300,hriiVjEkYE,250.0,,com.sec.android.app.shealth,ac94b534-a316-4ef8-a8fa-5ce76cd02f5e,
2024-02-09 23:05:32.450,250.0,,2024-02-09 23:05:32.455,2024-02-09 23:05:32.455,,,UTC-0300,hriiVjEkYE,250.0,,com.sec.android.app.shealth,85c254c8-2c8e-4c8f-9df1-e34e3cad0cbe,
2024-02-09 23:05:33.207,250.0,,2024-02-09 23:05:33.211,2024-02-09 23:05:33.211,,,UTC-0300,hriiVjEkYE,250.0,,com.sec.android.app.shealth,94dd5d10-c8b4-424c-b7b9-44308128381f,
2024-02-09 23:05:33.981,250.0,,2024-02-09 23:05:33.984,2024-02-09 23:05:33.984,,,UTC-0300,hriiVjEkYE,250.0,,com.sec.android.app.shealth,ca6b412f-9d8e-49bb-817d-d6599c587358,
2024-02-12 15:11:21.654,250.0,,2024-02-12 15:11:21.656,2024-02-12 15:11:21.656,,,UTC-0300,hriiVjEkYE,250.0,,com.sec.android.app.shealth,69a85eac-4098-4511-bcb6-c26d24b8a157,
2024-02-12 15:11:22.390,250.0,,2024-02-12 15:11:22.397,2024-02-12 15:11:22.397,,,UTC-0300,hriiVjEkYE,250.0,,com.sec.android.app.shealth,f24cfa95-ce10-4c2e-b636-1d2999c33afe,
2024-02-12 15:11:23.186,250.0,,2024-02-12 15:11:23.187,2024-02-12 15:11:23.187,,,UTC-0300,hriiVjEkYE,250.0,,com.sec.android.app.shealth,06788ae8-e584-47ad-a1ac-8f021f156ff5,
2024-02-12 19:44:03.329,250.0,,2024-02-12 19:44:03.333,2024-02-12 19:44:03.333,,,UTC-0300,hriiVjEkYE,250.0,,com.sec.android.app.shealth,0bf76017-355a-4883-a489-f16c7f2aacd4,
2024-02-12 19:44:04.042,250.0,,2024-02-12 19:44:04.047,2024-02-12 19:44:04.047,,,UTC-0300,hriiVjEkYE,250.0,,com.sec.android.app.shealth,ae433db4-b761-4930-ba54-067176b6f1bc,
2024-02-12 19:44:04.710,250.0,,2024-02-12 19:44:04.717,2024-02-12 19:44:04.717,,,UTC-0300,hriiVjEkYE,250.0,,com.sec.android.app.shealth,856eccce-2712-448b-ae10-3259c029bedd,
2024-02-12 19:44:05.476,250.0,,2024-02-12 19:44:05.487,2024-02-12 19:44:05.487,,,UTC-0300,hriiVjEkYE,250.0,,com.sec.android.app.shealth,43f9d678-9260-451d-9d0f-51bb0e1fff68,
2024-02-12 19:44:07.269,250.0,,2024-02-12 19:44:07.273,2024-02-12 19:44:07.273,,,UTC-0300,hriiVjEkYE,250.0,,com.sec.android.app.shealth,123d2285-446a-4295-b870-51b28950cf3f,
2024-02-13 22:28:10.901,250.0,,2024-02-13 22:28:10.903,2024-02-13 22:28:10.903,,,UTC-0300,hriiVjEkYE,250.0,,com.sec.android.app.shealth,9c626fb6-0b48-4d6e-8b36-3ea905197dcb,
2024-02-13 22:28:12.319,250.0,,2024-02-13 22:28:12.321,2024-02-13 22:28:12.321,,,UTC-0300,hriiVjEkYE,250.0,,com.sec.android.app.shealth,8acc4c3f-dffb-4023-be42-d7db4b786bb3,
2024-02-13 22:28:13.127,250.0,,2024-02-13 22:28:13.133,2024-02-13 22:28:13.133,,,UTC-0300,hriiVjEkYE,250.0,,com.sec.android.app.shealth,f96488f9-9e35-4b97-8936-2eeefc87fb0a,
2024-02-13 22:28:13.754,250.0,,2024-02-13 22:28:13.755,2024-02-13 22:28:13.755,,,UTC-0300,hriiVjEkYE,250.0,,com.sec.android.app.shealth,7cfac3d8-c27f-4800-a7ef-24ba96791f34,
2024-02-13 22:28:14.457,250.0,,2024-02-13 22:28:14.460,2024-02-13 22:28:14.460,,,UTC-0300,hriiVjEkYE,250.0,,com.sec.android.app.shealth,b838916b-a0ad-4d51-97e2-a387abe13fef,
2024-02-13 22:28:15.781,250.0,,2024-02-13 22:28:15.782,2024-02-13 22:28:15.782,,,UTC-0300,hriiVjEkYE,250.0,,com.sec.android.app.shealth,f2659631-630a-43a7-844d-9a0415f4d6f5,
2024-02-13 22:28:16.564,250.0,,2024-02-13 22:28:16.567,2024-02-13 22:28:16.567,,,UTC-0300,hriiVjEkYE,250.0,,com.sec.android.app.shealth,d897722f-1a7d-4bca-b4c4-0099b16a0524,
2024-02-14 15:06:14.787,250.0,,2024-02-14 15:06:14.791,2024-02-14 15:06:14.791,,,UTC-0300,hriiVjEkYE,250.0,,com.sec.android.app.shealth,47b45add-c3a1-45cc-a80c-07d0340a8f4f,
2024-02-14 15:06:15.391,250.0,,2024-02-14 15:06:15.400,2024-02-14 15:06:15.400,,,UTC-0300,hriiVjEkYE,250.0,,com.sec.android.app.shealth,1b60180d-0c55-4548-9030-8a86d29816e7,
2024-02-14 15:06:15.991,250.0,,2024-02-14 15:06:15.994,2024-02-14 15:06:15.994,,,UTC-0300,hriiVjEkYE,250.0,,com.sec.android.app.shealth,45ed6ca9-54ab-46f7-a734-089841a56072,
2024-02-14 15:06:17.726,250.0,,2024-02-14 15:06:17.740,2024-02-14 15:06:17.740,,,UTC-0300,hriiVjEkYE,250.0,,com.sec.android.app.shealth,28c85eb8-477c-4b5e-b1b7-6688406d3ccd,
2024-02-14 17:48:51.981,250.0,,2024-02-14 17:48:51.984,2024-02-14 17:48:51.984,,,UTC-0300,hriiVjEkYE,250.0,,com.sec.android.app.shealth,b06af9b7-7971-45c6-bb09-0314aa3661e4,
2024-02-14 17:48:52.638,250.0,,2024-02-14 17:48:52.642,2024-02-14 17:48:52.642,,,UTC-0300,hriiVjEkYE,250.0,,com.sec.android.app.shealth,d3c37afe-778c-4fcd-8eee-422c1ac850f2,
2024-02-14 17:48:53.321,250.0,,2024-02-14 17:48:53.332,2024-02-14 17:48:53.332,,,UTC-0300,hriiVjEkYE,250.0,,com.sec.android.app.shealth,5982e29b-e470-49f9-8c76-389e73ff0a80,
2024-02-14 20:41:50.591,250.0,,2024-02-14 20:41:50.604,2024-02-14 20:41:50.604,,,UTC-0300,hriiVjEkYE,250.0,,com.sec.android.app.shealth,764fd89b-4119-4a4d-adc1-8ac58ca46b23,
2024-02-14 20:41:52.102,250.0,,2024-02-14 20:41:52.106,2024-02-14 20:41:52.106,,,UTC-0300,hriiVjEkYE,250.0,,com.sec.android.app.shealth,464a6406-4d85-46dc-92b8-c9421719870d,
2024-02-14 20:41:53.225,250.0,,2024-02-14 20:41:53.230,2024-02-14 20:41:53.230,,,UTC-0300,hriiVjEkYE,250.0,,com.sec.android.app.shealth,9c0bb2f1-a933-4fe6-a442-962904182893,
2024-02-14 20:41:54.278,250.0,,2024-02-14 20:41:54.280,2024-02-14 20:41:54.280,,,UTC-0300,hriiVjEkYE,250.0,,com.sec.android.app.shealth,c9d1cd3d-677e-4d06-9a6a-1653e3bc48de,
2024-02-15 00:56:57.175,250.0,,2024-02-15 00:56:57.181,2024-02-15 00:56:57.181,,,UTC-0300,hriiVjEkYE,250.0,,com.sec.android.app.shealth,c2a6d395-7538-4a57-810c-6ca2eedf4486,
2024-02-15 00:56:57.904,250.0,,2024-02-15 00:56:57.907,2024-02-15 00:56:57.907,,,UTC-0300,hriiVjEkYE,250.0,,com.sec.android.app.shealth,f18934af-f4e2-44e0-8842-e95a0e97db51,
2024-02-15 00:56:58.554,250.0,,2024-02-15 00:56:58.561,2024-02-15 00:56:58.561,,,UTC-0300,hriiVjEkYE,250.0,,com.sec.android.app.shealth,fd9656d5-3237-44c8-825c-846a63c727cf,
2024-02-15 15:01:28.520,250.0,,2024-02-15 15:01:28.525,2024-02-15 15:01:28.525,,,UTC-0300,hriiVjEkYE,250.0,,com.sec.android.app.shealth,aa67fe71-b8ff-4230-a9a8-2049cdcdde2c,
2024-02-15 15:01:29.775,250.0,,2024-02-15 15:01:29.778,2024-02-15 15:01:29.778,,,UTC-0300,hriiVjEkYE,250.0,,com.sec.android.app.shealth,2e3b7a97-884b-430a-a957-ee5c0aaba310,
2024-02-15 15:01:30.533,250.0,,2024-02-15 15:01:30.537,2024-02-15 15:01:30.537,,,UTC-0300,hriiVjEkYE,250.0,,com.sec.android.app.shealth,644a239d-7526-4f21-a3a9-f0ba4327168e,
2024-02-15 15:01:31.328,250.0,,2024-02-15 15:01:31.332,2024-02-15 15:01:31.332,,,UTC-0300,hriiVjEkYE,250.0,,com.sec.android.app.shealth,715a9a09-56f4-42d1-b4f8-87f4de997c10,
2024-02-21 17:25:15.493,250.0,,2024-02-21 17:25:15.498,2024-02-21 17:25:15.498,,,UTC-0300,hriiVjEkYE,250.0,,com.sec.android.app.shealth,59c8c91f-ace3-40c1-9c65-62ba18122d94,
2024-02-21 17:25:16.112,250.0,,2024-02-21 17:25:16.113,2024-02-21 17:25:16.113,,,UTC-0300,hriiVjEkYE,250.0,,com.sec.android.app.shealth,35a19563-a735-456d-9ce9-432a125870ed,
2024-02-21 17:25:16.714,250.0,,2024-02-21 17:25:16.716,2024-02-21 17:25:16.716,,,UTC-0300,hriiVjEkYE,250.0,,com.sec.android.app.shealth,9bd52bde-50f6-45cc-9f30-0b55cae30a83,
2024-02-21 17:25:18.270,250.0,,2024-02-21 17:25:18.271,2024-02-21 17:25:18.271,,,UTC-0300,hriiVjEkYE,250.0,,com.sec.android.app.shealth,47a43c0a-492b-44cd-83f4-fa5a8359a0a6,
2024-02-21 19:05:27.561,250.0,,2024-02-21 19:05:27.562,2024-02-21 19:05:27.562,,,UTC-0300,hriiVjEkYE,250.0,,com.sec.android.app.shealth,525d02f0-0882-49a1-9785-eef41cb9f99d,
2024-02-21 19:05:28.159,250.0,,2024-02-21 19:05:28.163,2024-02-21 19:05:28.163,,,UTC-0300,hriiVjEkYE,250.0,,com.sec.android.app.shealth,179eeacf-613a-433b-ab08-1be725c2b188,
2024-02-21 19:05:29.495,250.0,,2024-02-21 19:05:29.497,2024-02-21 19:05:29.497,,,UTC-0300,hriiVjEkYE,250.0,,com.sec.android.app.shealth,5ce83bf8-07d4-482c-8381-798cd58a29b1,
2024-02-21 19:05:30.256,250.0,,2024-02-21 19:05:30.258,2024-02-21 19:05:30.258,,,UTC-0300,hriiVjEkYE,250.0,,com.sec.android.app.shealth,a58b1c17-97ec-4c73-a8ff-fceb4c73d7da,
2024-02-21 21:04:51.827,250.0,,2024-02-21 21:04:51.828,2024-02-21 21:04:51.828,,,UTC-0300,hriiVjEkYE,250.0,,com.sec.android.app.shealth,2ac45576-9895-4b5f-b3ca-d6da66dac1f4,
2024-02-21 21:04:52.534,250.0,,2024-02-21 21:04:52.542,2024-02-21 21:04:52.542,,,UTC-0300,hriiVjEkYE,250.0,,com.sec.android.app.shealth,fe6ab3b7-f6e6-4cc2-8220-b8cb0e6b8936,
2024-02-21 21:04:53.284,250.0,,2024-02-21 21:04:53.288,2024-02-21 21:04:53.288,,,UTC-0300,hriiVjEkYE,250.0,,com.sec.android.app.shealth,7c81c57f-a34f-4361-b90e-aed8c9bf1f0a,
2024-02-22 15:18:05.008,250.0,,2024-02-22 15:18:05.014,2024-02-22 15:18:05.014,,,UTC-0300,hriiVjEkYE,250.0,,com.sec.android.app.shealth,fee72d2a-d852-49d1-b21c-bb2997363c4e,
2024-02-22 15:18:05.637,250.0,,2024-02-22 15:18:05.640,2024-02-22 15:18:05.640,,,UTC-0300,hriiVjEkYE,250.0,,com.sec.android.app.shealth,368c1b1c-55ef-4bd7-8934-8a21a9801669,
2024-02-22 15:18:06.257,250.0,,2024-02-22 15:18:06.258,2024-02-22 15:18:06.258,,,UTC-0300,hriiVjEkYE,250.0,,com.sec.android.app.shealth,4c134bf7-6342-48bd-ac35-a4054a460e90,
2024-02-22 15:18:06.965,250.0,,2024-02-22 15:18:06.968,2024-02-22 15:18:06.968,,,UTC-0300,hriiVjEkYE,250.0,,com.sec.android.app.shealth,37f1ed14-9374-461e-84f0-02df15f78615,
2024-02-22 20:52:46.739,250.0,,2024-02-22 20:52:46.743,2024-02-22 20:52:46.743,,,UTC-0300,hriiVjEkYE,250.0,,com.sec.android.app.shealth,70283049-2abc-4c7d-a23a-2a8cc372efa8,
2024-02-22 20:52:47.527,250.0,,2024-02-22 20:52:47.535,2024-02-22 20:52:47.535,,,UTC-0300,hriiVjEkYE,250.0,,com.sec.android.app.shealth,e550e0bb-f5ba-4a95-bad7-b18f49397389,
2024-02-22 20:52:48.185,250.0,,2024-02-22 20:52:48.206,2024-02-22 20:52:48.206,,,UTC-0300,hriiVjEkYE,250.0,,com.sec.android.app.shealth,f9e89641-d410-48e7-b372-ffa7e0d2770a,
2024-02-22 20:52:48.960,250.0,,2024-02-22 20:52:48.970,2024-02-22 20:52:48.970,,,UTC-0300,hriiVjEkYE,250.0,,com.sec.android.app.shealth,c82270d4-2db2-4762-a643-e7d91d542f5f,
2024-02-22 20:52:49.745,250.0,,2024-02-22 20:52:49.746,2024-02-22 20:52:49.746,,,UTC-0300,hriiVjEkYE,250.0,,com.sec.android.app.shealth,9d496f1a-a19e-4c9b-aad1-6d4c0c470d92,
2024-02-22 20:52:50.495,250.0,,2024-02-22 20:52:50.502,2024-02-22 20:52:50.502,,,UTC-0300,hriiVjEkYE,250.0,,com.sec.android.app.shealth,e7c9e99b-8d78-47bf-908c-24d8028191a5,
2024-02-22 20:52:51.229,250.0,,2024-02-22 20:52:51.236,2024-02-22 20:52:51.236,,,UTC-0300,hriiVjEkYE,250.0,,com.sec.android.app.shealth,8472f42c-3ffd-4142-8417-0c9443b64872,
2024-02-23 22:45:42.970,250.0,,2024-02-23 22:45:42.980,2024-02-23 22:45:42.980,,,UTC-0300,hriiVjEkYE,250.0,,com.sec.android.app.shealth,f7bf013d-aacf-4fbc-9567-6c40c7dbefca,
2024-02-23 22:45:44.269,250.0,,2024-02-23 22:45:44.274,2024-02-23 22:45:44.274,,,UTC-0300,hriiVjEkYE,250.0,,com.sec.android.app.shealth,70deb1f1-bf80-4954-a434-cea3d2f8f81f,
2024-02-23 22:45:45.194,250.0,,2024-02-23 22:45:45.198,2024-02-23 22:45:45.198,,,UTC-0300,hriiVjEkYE,250.0,,com.sec.android.app.shealth,0cb92c43-e41f-444b-b973-6e81a1b6c469,
2024-02-23 22:45:46.156,250.0,,2024-02-23 22:45:46.159,2024-02-23 22:45:46.159,,,UTC-0300,hriiVjEkYE,250.0,,com.sec.android.app.shealth,729d12d8-3a3f-4f61-ae60-53615797ba5d,
2024-02-23 22:45:46.982,250.0,,2024-02-23 22:45:46.990,2024-02-23 22:45:46.990,,,UTC-0300,hriiVjEkYE,250.0,,com.sec.android.app.shealth,fb7421ea-6466-40d3-8df0-e62164874ffd,
2024-02-23 22:45:47.825,250.0,,2024-02-23 22:45:47.826,2024-02-23 22:45:47.826,,,UTC-0300,hriiVjEkYE,250.0,,com.sec.android.app.shealth,f75a1e65-f2e3-4e7b-88a6-cdd4b515040b,
2024-02-23 22:45:48.639,250.0,,2024-02-23 22:45:48.643,2024-02-23 22:45:48.643,,,UTC-0300,hriiVjEkYE,250.0,,com.sec.android.app.shealth,2fd45a48-4c29-471d-981e-222fbd67616e,
2024-02-23 22:45:49.437,250.0,,2024-02-23 22:45:49.439,2024-02-23 22:45:49.439,,,UTC-0300,hriiVjEkYE,250.0,,com.sec.android.app.shealth,4a70de9a-0b74-4a81-92f4-e3f2e90e62b8,
2024-02-28 21:19:17.157,250.0,,2024-02-28 21:19:17.163,2024-02-28 21:19:17.163,,,UTC-0300,hriiVjEkYE,250.0,,com.sec.android.app.shealth,2dde6593-c6de-4ca0-ba98-f5abf91d382c,
2024-02-28 21:19:18.398,250.0,,2024-02-28 21:19:18.404,2024-02-28 21:19:18.404,,,UTC-0300,hriiVjEkYE,250.0,,com.sec.android.app.shealth,6df09da0-8e1f-4392-b31d-ad63bca7b3c9,
2024-02-28 21:19:19.243,250.0,,2024-02-28 21:19:19.247,2024-02-28 21:19:19.247,,,UTC-0300,hriiVjEkYE,250.0,,com.sec.android.app.shealth,f5d53a34-a1c2-4dd4-9adb-345dcdb90155,
2024-02-28 21:19:19.973,250.0,,2024-02-28 21:19:19.974,2024-02-28 21:19:19.974,,,UTC-0300,hriiVjEkYE,250.0,,com.sec.android.app.shealth,b77d4bbf-21ef-49dc-9e74-4f61a9f0a31a,
2024-02-28 21:19:20.858,250.0,,2024-02-28 21:19:20.906,2024-02-28 21:19:20.906,,,UTC-0300,hriiVjEkYE,250.0,,com.sec.android.app.shealth,56bc6262-b474-4970-b51d-e9cf17964660,
2024-02-28 21:19:21.661,250.0,,2024-02-28 21:19:21.667,2024-02-28 21:19:21.667,,,UTC-0300,hriiVjEkYE,250.0,,com.sec.android.app.shealth,6e834068-2383-4da5-b76e-60a157e45834,
2024-02-28 21:19:22.375,250.0,,2024-02-28 21:19:22.376,2024-02-28 21:19:22.376,,,UTC-0300,hriiVjEkYE,250.0,,com.sec.android.app.shealth,729cde84-11cb-40b2-87ab-d10f7acb40d1,
2024-02-28 21:19:23.125,250.0,,2024-02-28 21:19:23.126,2024-02-28 21:19:23.126,,,UTC-0300,hriiVjEkYE,250.0,,com.sec.android.app.shealth,9f3cc2e4-1a1c-461a-abc1-994034467b10,
2024-02-29 19:04:19.057,250.0,,2024-02-29 19:04:19.062,2024-02-29 19:04:19.062,,,UTC-0300,hriiVjEkYE,250.0,,com.sec.android.app.shealth,34646fc5-42c9-425f-b188-03f5d35524a9,
2024-02-29 19:04:19.659,250.0,,2024-02-29 19:04:19.663,2024-02-29 19:04:19.663,,,UTC-0300,hriiVjEkYE,250.0,,com.sec.android.app.shealth,e363b89c-da01-44e8-b9d6-2939e5cc65c6,
2024-02-29 19:04:20.790,250.0,,2024-02-29 19:04:20.791,2024-02-29 19:04:20.791,,,UTC-0300,hriiVjEkYE,250.0,,com.sec.android.app.shealth,4be65e24-50bf-419c-af10-a8005b66af20,
2024-02-29 19:04:21.701,250.0,,2024-02-29 19:04:21.704,2024-02-29 19:04:21.704,,,UTC-0300,hriiVjEkYE,250.0,,com.sec.android.app.shealth,e6959a3e-cae4-43ab-8774-6efa20617c6c,
2024-02-29 19:04:23.607,250.0,,2024-02-29 19:04:23.610,2024-02-29 19:04:23.610,,,UTC-0300,hriiVjEkYE,250.0,,com.sec.android.app.shealth,e91a9f92-9da0-464a-94dc-e4fcf7e30c0a,
2024-02-29 19:04:24.276,250.0,,2024-02-29 19:04:24.277,2024-02-29 19:04:24.277,,,UTC-0300,hriiVjEkYE,250.0,,com.sec.android.app.shealth,606519b8-7879-4b09-bd46-867e1f15fa69,
2024-02-29 19:04:24.957,250.0,,2024-02-29 19:04:24.960,2024-02-29 19:04:24.960,,,UTC-0300,hriiVjEkYE,250.0,,com.sec.android.app.shealth,e2fabb11-d2de-43b9-ad28-ff0ddebecf9c,
2024-02-29 19:04:25.708,250.0,,2024-02-29 19:04:25.709,2024-02-29 19:04:25.709,,,UTC-0300,hriiVjEkYE,250.0,,com.sec.android.app.shealth,33a7ddbf-fd91-4880-8de1-70633d218962,
2024-03-14 17:13:05.765,250.0,,2024-03-14 17:13:05.774,2024-03-14 17:13:05.774,,,UTC-0300,hriiVjEkYE,250.0,,com.sec.android.app.shealth,ca3882a0-37fd-4434-a4d6-97f3f009f21d,
2024-03-14 17:13:06.654,250.0,,2024-03-14 17:13:06.660,2024-03-14 17:13:06.660,,,UTC-0300,hriiVjEkYE,250.0,,com.sec.android.app.shealth,934ddb16-b373-4707-8892-0303d9359644,
2024-03-14 17:13:07.277,250.0,,2024-03-14 17:13:07.279,2024-03-14 17:13:07.279,,,UTC-0300,hriiVjEkYE,250.0,,com.sec.android.app.shealth,e828ea63-d405-4120-a769-1b6cfe17f6d2,
2024-03-14 17:13:07.937,250.0,,2024-03-14 17:13:07.939,2024-03-14 17:13:07.939,,,UTC-0300,hriiVjEkYE,250.0,,com.sec.android.app.shealth,d68d9465-ae3d-4116-bfe2-52cefd941996,
2024-03-14 20:47:54.563,250.0,,2024-03-14 20:47:54.572,2024-03-14 20:47:54.572,,,UTC-0300,hriiVjEkYE,250.0,,com.sec.android.app.shealth,298fcfed-cf8c-4065-8bb1-6d84ac69139c,
2024-03-14 20:47:55.242,250.0,,2024-03-14 20:47:55.251,2024-03-14 20:47:55.251,,,UTC-0300,hriiVjEkYE,250.0,,com.sec.android.app.shealth,64802341-0a3d-4026-8dd6-2aaa27e2fbeb,
2024-03-14 20:47:55.920,250.0,,2024-03-14 20:47:55.922,2024-03-14 20:47:55.922,,,UTC-0300,hriiVjEkYE,250.0,,com.sec.android.app.shealth,d7dff2b4-e847-4e1b-9cfc-2707be141811,
2024-03-14 20:47:56.571,250.0,,2024-03-14 20:47:56.572,2024-03-14 20:47:56.572,,,UTC-0300,hriiVjEkYE,250.0,,com.sec.android.app.shealth,0e6d6125-b407-413b-bc00-75d8348cba22,
2024-03-15 22:59:40.508,250.0,,2024-03-15 22:59:40.521,2024-03-15 22:59:40.521,,,UTC-0300,hriiVjEkYE,250.0,,com.sec.android.app.shealth,a4656d31-a85c-409f-bdfc-caa78fde770b,
2024-03-27 16:51:00.349,250.0,,2024-03-27 16:51:00.359,2024-03-27 16:51:00.359,,,UTC-0300,hriiVjEkYE,250.0,,com.sec.android.app.shealth,370ef16c-0a1b-45b9-b1a1-94f3fdbe30a0,
2024-03-27 16:51:00.971,250.0,,2024-03-27 16:51:00.974,2024-03-27 16:51:00.974,,,UTC-0300,hriiVjEkYE,250.0,,com.sec.android.app.shealth,67ee0ce6-6d93-427f-a0d9-776231ba0928,
2024-03-27 16:51:01.587,250.0,,2024-03-27 16:51:01.589,2024-03-27 16:51:01.589,,,UTC-0300,hriiVjEkYE,250.0,,com.sec.android.app.shealth,536c6b86-ac46-4edf-8b93-c44a8e0e4d42,
2024-03-27 16:51:02.190,250.0,,2024-03-27 16:51:02.194,2024-03-27 16:51:02.194,,,UTC-0300,hriiVjEkYE,250.0,,com.sec.android.app.shealth,6224c8be-3591-40fa-9501-34c05115aeab,
2024-03-27 16:51:03.967,250.0,,2024-03-27 16:51:03.973,2024-03-27 16:51:03.973,,,UTC-0300,hriiVjEkYE,250.0,,com.sec.android.app.shealth,c985abc2-fc32-4e14-9812-6bc037b041fa,
2024-03-27 19:25:10.197,250.0,,2024-03-27 19:25:10.205,2024-03-27 19:25:10.205,,,UTC-0300,hriiVjEkYE,250.0,,com.sec.android.app.shealth,76c3c4a9-5c1b-49d6-8966-01b8921f1ed6,
2024-03-27 19:25:10.833,250.0,,2024-03-27 19:25:10.834,2024-03-27 19:25:10.834,,,UTC-0300,hriiVjEkYE,250.0,,com.sec.android.app.shealth,8ca38820-146c-4000-b87e-3eab074cc51f,
2024-03-27 19:25:11.495,250.0,,2024-03-27 19:25:11.497,2024-03-27 19:25:11.497,,,UTC-0300,hriiVjEkYE,250.0,,com.sec.android.app.shealth,b7526fbc-8105-408a-8125-7ffdcd92c0a2,
2024-03-27 19:25:12.158,250.0,,2024-03-27 19:25:12.160,2024-03-27 19:25:12.160,,,UTC-0300,hriiVjEkYE,250.0,,com.sec.android.app.shealth,42a23fcf-3fd8-41b1-98f0-aa203a742889,
2024-04-01 17:24:25.936,250.0,,2024-04-01 17:24:25.952,2024-04-01 17:24:25.952,,,UTC-0300,hriiVjEkYE,250.0,,com.sec.android.app.shealth,af1e8ba9-0547-4dc3-893e-eb2fe3abf2cd,
2024-04-01 17:24:26.957,250.0,,2024-04-01 17:24:26.960,2024-04-01 17:24:26.960,,,UTC-0300,hriiVjEkYE,250.0,,com.sec.android.app.shealth,d00a41df-33f3-4166-8748-5da3b6cfd09a,
2024-04-01 17:24:27.628,250.0,,2024-04-01 17:24:27.629,2024-04-01 17:24:27.629,,,UTC-0300,hriiVjEkYE,250.0,,com.sec.android.app.shealth,8271d936-9091-45b2-be68-b5937a699924,
2024-04-01 17:24:28.326,250.0,,2024-04-01 17:24:28.334,2024-04-01 17:24:28.334,,,UTC-0300,hriiVjEkYE,250.0,,com.sec.android.app.shealth,c59b2f06-eee6-428c-bc77-5f906880483d,
2024-04-17 12:35:09.036,250.0,,2024-04-17 12:35:09.042,2024-04-17 12:35:09.042,,,UTC-0300,hriiVjEkYE,250.0,,com.sec.android.app.shealth,6c384f9b-1e42-40fe-8fcf-7d4eeea65d2c,
2024-07-25 03:30:49.094,250.0,,2024-07-25 03:30:49.095,2024-07-25 03:30:49.095,,,UTC-0300,hriiVjEkYE,250.0,,com.sec.android.app.shealth,6bf645d7-476f-4eb5-90b1-2676457d41ce,
2024-08-31 21:33:39.694,250.0,,2024-08-31 21:33:39.697,2024-08-31 21:33:39.697,,,UTC-0300,hriiVjEkYE,250.0,,com.sec.android.app.shealth,274206c2-f761-4e82-9596-0a84b345dc52,
2024-08-31 21:33:53.938,250.0,,2024-08-31 21:33:53.940,2024-08-31 21:33:53.940,,,UTC-0300,hriiVjEkYE,250.0,,com.sec.android.app.shealth,d48bf16d-17e6-41b3-80d3-40ff404acfab,
