com.samsung.shealth.report,7006011,3
timezone,start_date,update_time,create_time,type,is_empty,version,deviceuuid,content,pkg_name,datauuid,compressed_content
America/Sao_Paulo,1696734000000,2023-10-21 18:57:44.626,2023-10-21 18:57:44.626,0,0,3,487mnSNu6t,X,com.sec.android.app.shealth,c3fb8b97-b6eb-4dc0-8477-bb9df0209133,c3fb8b97-b6eb-4dc0-8477-bb9df0209133.compressed_content.json,
America/Sao_Paulo,1697338800000,2023-10-22 19:18:50.982,2023-10-22 19:18:50.982,0,0,3,487mnSNu6t,X,com.sec.android.app.shealth,4fcfef53-761f-489e-ba65-5fe50431cf3b,4fcfef53-761f-489e-ba65-5fe50431cf3b.compressed_content.json,
America/Sao_Paulo,1697943600000,2023-10-29 19:06:38.194,2023-10-29 19:06:38.194,0,0,3,487mnSNu6t,X,com.sec.android.app.shealth,c6b225a0-3130-4dff-b1d3-0851e6fc869e,c6b225a0-3130-4dff-b1d3-0851e6fc869e.compressed_content.json,
America/Sao_Paulo,1698548400000,2023-11-05 19:04:46.115,2023-11-05 19:04:46.115,0,0,3,487mnSNu6t,X,com.sec.android.app.shealth,9e1d0959-ea3e-4ef7-bc21-337b4b492196,9e1d0959-ea3e-4ef7-bc21-337b4b492196.compressed_content.json,
America/Sao_Paulo,1699153200000,2023-11-12 18:57:45.549,2023-11-12 18:57:45.549,0,0,3,487mnSNu6t,X,com.sec.android.app.shealth,e4e20d3e-c80c-4c1e-9514-9414c1cb3f11,e4e20d3e-c80c-4c1e-9514-9414c1cb3f11.compressed_content.json,
America/Sao_Paulo,1699758000000,2023-11-19 18:57:06.463,2023-11-19 18:57:06.463,0,0,3,487mnSNu6t,X,com.sec.android.app.shealth,f42c5ab0-1396-4b84-add5-5c54233eef44,f42c5ab0-1396-4b84-add5-5c54233eef44.compressed_content.json,
America/Sao_Paulo,1700362800000,2023-11-26 18:59:33.218,2023-11-26 18:59:33.218,0,0,3,487mnSNu6t,X,com.sec.android.app.shealth,3e357c16-02ca-41af-a806-d992f003f7d4,3e357c16-02ca-41af-a806-d992f003f7d4.compressed_content.json,
America/Sao_Paulo,1700967600000,2023-12-03 19:09:49.715,2023-12-03 19:09:49.715,0,0,3,487mnSNu6t,X,com.sec.android.app.shealth,9857c791-c0d5-4550-aa85-a356bf0dd734,9857c791-c0d5-4550-aa85-a356bf0dd734.compressed_content.json,
America/Sao_Paulo,1701572400000,2023-12-10 18:57:15.999,2023-12-10 18:57:15.999,0,0,3,487mnSNu6t,X,com.sec.android.app.shealth,0627fc61-6c66-41d1-bbb5-eb8606626b6c,0627fc61-6c66-41d1-bbb5-eb8606626b6c.compressed_content.json,
America/Sao_Paulo,1702177200000,2023-12-17 18:58:41.316,2023-12-17 18:58:41.316,0,0,3,487mnSNu6t,X,com.sec.android.app.shealth,651764be-910f-4742-83eb-2c5b690d290e,651764be-910f-4742-83eb-2c5b690d290e.compressed_content.json,
America/Sao_Paulo,1702782000000,2023-12-24 18:57:16.238,2023-12-24 18:57:16.238,0,0,3,487mnSNu6t,X,com.sec.android.app.shealth,49f10085-e2b7-4c16-aad3-69256ac956f9,49f10085-e2b7-4c16-aad3-69256ac956f9.compressed_content.json,
America/Sao_Paulo,1703386800000,2023-12-31 19:01:43.795,2023-12-31 19:01:43.795,0,0,3,487mnSNu6t,X,com.sec.android.app.shealth,caf1a29c-8a30-4b43-acc3-8b54b2856154,caf1a29c-8a30-4b43-acc3-8b54b2856154.compressed_content.json,
America/Sao_Paulo,1703991600000,2024-01-07 19:01:53.296,2024-01-07 19:01:53.296,0,0,3,487mnSNu6t,X,com.sec.android.app.shealth,e6fd9707-3108-4d66-9380-be6f22374050,e6fd9707-3108-4d66-9380-be6f22374050.compressed_content.json,
America/Sao_Paulo,1704596400000,2024-01-14 19:00:37.758,2024-01-14 19:00:37.758,0,0,3,487mnSNu6t,X,com.sec.android.app.shealth,ee4e6ad8-2e48-4a5b-9fca-cbcca0e9031d,ee4e6ad8-2e48-4a5b-9fca-cbcca0e9031d.compressed_content.json,
America/Sao_Paulo,1705201200000,2024-01-21 19:14:44.373,2024-01-21 19:14:44.373,0,0,3,487mnSNu6t,X,com.sec.android.app.shealth,e3dfc710-4c63-494c-8583-c926175c27aa,e3dfc710-4c63-494c-8583-c926175c27aa.compressed_content.json,
America/Sao_Paulo,1705806000000,2024-01-28 19:10:54.666,2024-01-28 19:10:54.666,0,0,3,487mnSNu6t,X,com.sec.android.app.shealth,5ce6f57b-fb3b-4891-9b69-0ec2f22645eb,5ce6f57b-fb3b-4891-9b69-0ec2f22645eb.compressed_content.json,
America/Sao_Paulo,1706410800000,2024-02-04 19:09:16.388,2024-02-04 19:09:16.388,0,0,3,487mnSNu6t,X,com.sec.android.app.shealth,7fdd819e-d097-43ab-91a2-a90753e89c28,7fdd819e-d097-43ab-91a2-a90753e89c28.compressed_content.json,
America/Sao_Paulo,1707015600000,2024-02-11 20:25:53.369,2024-02-11 20:25:53.369,0,0,3,487mnSNu6t,X,com.sec.android.app.shealth,1041373e-544e-4378-afc2-501237a53fec,1041373e-544e-4378-afc2-501237a53fec.compressed_content.json,
America/Sao_Paulo,1707620400000,2024-02-18 19:04:07.434,2024-02-18 19:04:07.434,0,0,3,487mnSNu6t,X,com.sec.android.app.shealth,134ee59c-0242-4b98-a490-b0416b618126,134ee59c-0242-4b98-a490-b0416b618126.compressed_content.json,
America/Sao_Paulo,1708225200000,2024-02-25 18:57:08.336,2024-02-25 18:57:08.336,0,0,3,487mnSNu6t,X,com.sec.android.app.shealth,fbedbf9b-d9d5-405c-a1f7-065f908dfaf5,fbedbf9b-d9d5-405c-a1f7-065f908dfaf5.compressed_content.json,
America/Sao_Paulo,1708830000000,2024-03-03 19:15:02.438,2024-03-03 19:15:02.438,0,0,3,487mnSNu6t,X,com.sec.android.app.shealth,823d02d6-e9fa-4a1a-b453-f728f0984550,823d02d6-e9fa-4a1a-b453-f728f0984550.compressed_content.json,
America/Sao_Paulo,1709434800000,2024-03-10 18:59:48.401,2024-03-10 18:59:48.401,0,0,3,487mnSNu6t,X,com.sec.android.app.shealth,092784ce-1d4d-404b-ba3c-625ce394b7cb,092784ce-1d4d-404b-ba3c-625ce394b7cb.compressed_content.json,
America/Sao_Paulo,1710039600000,2024-03-17 19:02:41.889,2024-03-17 19:02:41.889,0,0,3,487mnSNu6t,X,com.sec.android.app.shealth,4c274c73-e52d-4dcf-9351-97e93b9c058d,4c274c73-e52d-4dcf-9351-97e93b9c058d.compressed_content.json,
America/Sao_Paulo,1710644400000,2024-03-24 19:15:07.562,2024-03-24 19:15:07.562,0,0,3,487mnSNu6t,X,com.sec.android.app.shealth,67f5ca04-7291-4ebb-8917-0fddb0d0d145,67f5ca04-7291-4ebb-8917-0fddb0d0d145.compressed_content.json,
America/Sao_Paulo,1711249200000,2024-03-31 19:04:07.884,2024-03-31 19:04:07.884,0,0,3,487mnSNu6t,X,com.sec.android.app.shealth,f3cca470-b227-4cd1-8e40-ab738ba10905,f3cca470-b227-4cd1-8e40-ab738ba10905.compressed_content.json,
America/Sao_Paulo,1711854000000,2024-04-07 18:58:19.430,2024-04-07 18:58:19.430,0,0,3,487mnSNu6t,X,com.sec.android.app.shealth,9e2d5005-0bff-4ac9-a0be-b6dce9606e0f,9e2d5005-0bff-4ac9-a0be-b6dce9606e0f.compressed_content.json,
America/Sao_Paulo,1712458800000,2024-04-14 19:17:25.591,2024-04-14 19:17:25.591,0,0,3,487mnSNu6t,X,com.sec.android.app.shealth,e68d32c9-614f-443a-8649-dbd71878705e,e68d32c9-614f-443a-8649-dbd71878705e.compressed_content.json,
America/Sao_Paulo,1713063600000,2024-04-21 18:58:04.233,2024-04-21 18:58:04.233,0,0,3,487mnSNu6t,X,com.sec.android.app.shealth,c4260210-0bb5-4fc3-871b-5e7c7dab2aa6,c4260210-0bb5-4fc3-871b-5e7c7dab2aa6.compressed_content.json,
America/Sao_Paulo,1713668400000,2024-04-28 18:57:39.297,2024-04-28 18:57:39.297,0,0,3,487mnSNu6t,X,com.sec.android.app.shealth,3f936a48-7532-41bc-b63d-7b8d9074fafb,3f936a48-7532-41bc-b63d-7b8d9074fafb.compressed_content.json,
America/Sao_Paulo,1714273200000,2024-05-05 18:59:45.987,2024-05-05 18:59:45.987,0,0,3,487mnSNu6t,X,com.sec.android.app.shealth,870ec131-e8c4-449d-8818-e71a6d0bdb1d,870ec131-e8c4-449d-8818-e71a6d0bdb1d.compressed_content.json,
America/Sao_Paulo,1714878000000,2024-05-12 18:57:34.739,2024-05-12 18:57:34.739,0,0,3,487mnSNu6t,X,com.sec.android.app.shealth,84592ad5-c92f-4a2a-a6ec-7c97b5420162,84592ad5-c92f-4a2a-a6ec-7c97b5420162.compressed_content.json,
America/Sao_Paulo,1715482800000,2024-05-19 18:57:56.578,2024-05-19 18:57:56.578,0,0,3,487mnSNu6t,X,com.sec.android.app.shealth,2f778bb3-a09e-410a-b0da-d084188ab61f,2f778bb3-a09e-410a-b0da-d084188ab61f.compressed_content.json,
America/Sao_Paulo,1716087600000,2024-05-26 19:06:40.910,2024-05-26 19:06:40.910,0,0,3,487mnSNu6t,X,com.sec.android.app.shealth,80ac3827-a2f1-44c0-9dc9-eb167887be61,80ac3827-a2f1-44c0-9dc9-eb167887be61.compressed_content.json,
America/Sao_Paulo,1716692400000,2024-06-02 19:04:11.281,2024-06-02 19:04:11.281,0,0,3,487mnSNu6t,X,com.sec.android.app.shealth,a2dd62c8-4754-4d63-b69a-49223dfc39b7,a2dd62c8-4754-4d63-b69a-49223dfc39b7.compressed_content.json,
America/Sao_Paulo,1717297200000,2024-06-09 19:09:05.853,2024-06-09 19:09:05.853,0,0,3,487mnSNu6t,X,com.sec.android.app.shealth,4cfdfddb-8cc1-4aa9-95c8-8f7f257205ef,4cfdfddb-8cc1-4aa9-95c8-8f7f257205ef.compressed_content.json,
America/Sao_Paulo,1717902000000,2024-06-16 18:57:17.598,2024-06-16 18:57:17.598,0,0,3,487mnSNu6t,X,com.sec.android.app.shealth,f607d6a1-78cc-4a4e-8797-d9f1725ba031,f607d6a1-78cc-4a4e-8797-d9f1725ba031.compressed_content.json,
America/Sao_Paulo,1718506800000,2024-06-23 19:04:39.534,2024-06-23 19:04:39.534,0,0,3,487mnSNu6t,X,com.sec.android.app.shealth,ebd7b125-5b67-4d27-9b7e-1c4a302755f4,ebd7b125-5b67-4d27-9b7e-1c4a302755f4.compressed_content.json,
America/Sao_Paulo,1719111600000,2024-06-30 18:58:10.926,2024-06-30 18:58:10.926,0,0,3,487mnSNu6t,X,com.sec.android.app.shealth,e9f4b0fc-6381-4aa3-9046-23ca5fe9128f,e9f4b0fc-6381-4aa3-9046-23ca5fe9128f.compressed_content.json,
America/Sao_Paulo,1719716400000,2024-07-07 18:59:46.279,2024-07-07 18:59:46.279,0,0,3,487mnSNu6t,X,com.sec.android.app.shealth,05625748-b59d-4043-84e5-17cf9d35a587,05625748-b59d-4043-84e5-17cf9d35a587.compressed_content.json,
America/Sao_Paulo,1720321200000,2024-07-14 19:38:07.659,2024-07-14 19:38:07.659,0,0,3,487mnSNu6t,X,com.sec.android.app.shealth,9208dec4-0bac-4c2a-8453-987f05e30903,9208dec4-0bac-4c2a-8453-987f05e30903.compressed_content.json,
America/Sao_Paulo,1720926000000,2024-07-21 19:01:00.043,2024-07-21 19:01:00.043,0,0,3,487mnSNu6t,X,com.sec.android.app.shealth,980a3131-45f4-46a8-946b-5a1939747531,980a3131-45f4-46a8-946b-5a1939747531.compressed_content.json,
America/Sao_Paulo,1721530800000,2024-07-28 19:07:58.824,2024-07-28 19:07:58.824,0,0,3,487mnSNu6t,X,com.sec.android.app.shealth,0e405c71-ce6f-4eeb-a293-ee703940bd12,0e405c71-ce6f-4eeb-a293-ee703940bd12.compressed_content.json,
America/Sao_Paulo,1722135600000,2024-08-04 18:58:00.171,2024-08-04 18:58:00.171,0,0,3,487mnSNu6t,X,com.sec.android.app.shealth,49dd93d0-41ed-4744-8bf3-0b8378638a97,49dd93d0-41ed-4744-8bf3-0b8378638a97.compressed_content.json,
America/Sao_Paulo,1722740400000,2024-08-11 19:00:42.569,2024-08-11 19:00:42.569,0,0,3,487mnSNu6t,X,com.sec.android.app.shealth,f7b51cd7-9cc5-4355-be79-bac01b45141d,f7b51cd7-9cc5-4355-be79-bac01b45141d.compressed_content.json,
America/Sao_Paulo,1723345200000,2024-08-18 19:01:19.552,2024-08-18 19:01:19.552,0,0,3,487mnSNu6t,X,com.sec.android.app.shealth,d7652f48-8af5-4afb-a7ec-204a1e806848,d7652f48-8af5-4afb-a7ec-204a1e806848.compressed_content.json,
America/Sao_Paulo,1723950000000,2024-08-25 19:16:04.721,2024-08-25 19:16:04.721,0,0,3,487mnSNu6t,X,com.sec.android.app.shealth,e3d27c72-ca9f-439a-8d69-deef8d3a6a7c,e3d27c72-ca9f-439a-8d69-deef8d3a6a7c.compressed_content.json,
America/Sao_Paulo,1724554800000,2024-09-01 19:05:36.302,2024-09-01 19:05:36.302,0,0,3,487mnSNu6t,X,com.sec.android.app.shealth,6d84f757-0fe8-4566-a8a3-687df869948a,6d84f757-0fe8-4566-a8a3-687df869948a.compressed_content.json,
America/Sao_Paulo,1725159600000,2024-09-08 19:04:03.957,2024-09-08 19:04:03.957,0,0,3,487mnSNu6t,X,com.sec.android.app.shealth,63d90da9-c847-46e2-844a-59972a4b5026,63d90da9-c847-46e2-844a-59972a4b5026.compressed_content.json,
America/Sao_Paulo,1725764400000,2024-09-15 19:14:09.314,2024-09-15 19:14:09.314,0,0,3,487mnSNu6t,X,com.sec.android.app.shealth,657d11ac-432d-433a-87aa-f2e4fb501a38,657d11ac-432d-433a-87aa-f2e4fb501a38.compressed_content.json,
America/Sao_Paulo,1726369200000,2024-09-22 19:11:07.104,2024-09-22 19:11:07.104,0,0,3,487mnSNu6t,X,com.sec.android.app.shealth,9a77e2dd-2427-431f-94a6-b1fe9b75e527,9a77e2dd-2427-431f-94a6-b1fe9b75e527.compressed_content.json,
America/Sao_Paulo,1726974000000,2024-09-29 18:57:03.299,2024-09-29 18:57:03.299,0,0,3,487mnSNu6t,X,com.sec.android.app.shealth,2d1fdc31-7734-4cb0-953b-1c6756e18c7d,2d1fdc31-7734-4cb0-953b-1c6756e18c7d.compressed_content.json,
America/Sao_Paulo,1727578800000,2024-10-06 19:33:02.601,2024-10-06 19:33:02.601,0,0,3,487mnSNu6t,X,com.sec.android.app.shealth,d6743156-c143-4338-967a-1b9f9756fdfc,d6743156-c143-4338-967a-1b9f9756fdfc.compressed_content.json,
America/Sao_Paulo,1728183600000,2024-10-13 18:58:11.465,2024-10-13 18:58:11.465,0,0,3,487mnSNu6t,X,com.sec.android.app.shealth,708a47c5-2bbb-4ffa-91da-3964eb291290,708a47c5-2bbb-4ffa-91da-3964eb291290.compressed_content.json,
America/Sao_Paulo,1728788400000,2024-10-20 18:57:04.045,2024-10-20 18:57:04.045,0,0,3,487mnSNu6t,X,com.sec.android.app.shealth,8a6df1d1-4443-45bd-8ef9-506412691318,8a6df1d1-4443-45bd-8ef9-506412691318.compressed_content.json,
America/Sao_Paulo,1729393200000,2024-10-27 19:03:53.198,2024-10-27 19:03:53.198,0,0,3,487mnSNu6t,X,com.sec.android.app.shealth,b1cc2171-55d7-4fa7-bedd-23d624aff8dc,b1cc2171-55d7-4fa7-bedd-23d624aff8dc.compressed_content.json,
America/Sao_Paulo,1729998000000,2024-11-03 18:57:04.782,2024-11-03 18:57:04.782,0,0,3,487mnSNu6t,X,com.sec.android.app.shealth,6e3d8ce2-340b-4348-ac80-bf8bc96428ac,6e3d8ce2-340b-4348-ac80-bf8bc96428ac.compressed_content.json,
America/Sao_Paulo,1730602800000,2024-11-10 19:00:31.684,2024-11-10 19:00:31.684,0,0,3,487mnSNu6t,X,com.sec.android.app.shealth,01a07c1a-cd40-4007-b5e2-cb8469d3ad74,01a07c1a-cd40-4007-b5e2-cb8469d3ad74.compressed_content.json,
America/Sao_Paulo,1731207600000,2024-11-17 19:15:25.458,2024-11-17 19:15:25.458,0,0,3,487mnSNu6t,X,com.sec.android.app.shealth,0455f620-32c7-4084-aecf-7955c0512c6d,0455f620-32c7-4084-aecf-7955c0512c6d.compressed_content.json,
America/Sao_Paulo,1731812400000,2024-11-24 18:57:05.488,2024-11-24 18:57:05.488,0,0,3,487mnSNu6t,X,com.sec.android.app.shealth,8be9f664-726c-49b4-836a-7586db78ff7b,8be9f664-726c-49b4-836a-7586db78ff7b.compressed_content.json,
America/Sao_Paulo,1732417200000,2024-12-01 19:03:25.612,2024-12-01 19:03:25.612,0,0,3,487mnSNu6t,X,com.sec.android.app.shealth,3f40d920-8026-4901-953e-5038a11500e3,3f40d920-8026-4901-953e-5038a11500e3.compressed_content.json,
America/Sao_Paulo,1733022000000,2024-12-08 18:59:00.765,2024-12-08 18:59:00.765,0,0,3,487mnSNu6t,X,com.sec.android.app.shealth,3a2aeb1e-236d-45bb-beac-b24c08e03813,3a2aeb1e-236d-45bb-beac-b24c08e03813.compressed_content.json,
America/Sao_Paulo,1733626800000,2024-12-15 18:57:07.112,2024-12-15 18:57:07.112,0,0,3,487mnSNu6t,X,com.sec.android.app.shealth,63721065-6761-4e6f-b37c-387f6da4691f,63721065-6761-4e6f-b37c-387f6da4691f.compressed_content.json,
America/Sao_Paulo,1734231600000,2024-12-22 19:07:16.251,2024-12-22 19:07:16.251,0,0,3,487mnSNu6t,X,com.sec.android.app.shealth,06f6f4d5-5a9d-45f5-8f4e-b01e416027f1,06f6f4d5-5a9d-45f5-8f4e-b01e416027f1.compressed_content.json,
America/Sao_Paulo,1734836400000,2024-12-29 18:57:05.542,2024-12-29 18:57:05.542,0,0,3,487mnSNu6t,X,com.sec.android.app.shealth,eb9be90c-63f6-4d96-b324-dcd0b98a8375,eb9be90c-63f6-4d96-b324-dcd0b98a8375.compressed_content.json,
America/Sao_Paulo,1735441200000,2025-01-05 18:57:06.318,2025-01-05 18:57:06.318,0,0,3,487mnSNu6t,X,com.sec.android.app.shealth,4dc58568-ab4c-4b3c-8e06-f5cb6f30ae0e,4dc58568-ab4c-4b3c-8e06-f5cb6f30ae0e.compressed_content.json,
America/Sao_Paulo,1736046000000,2025-01-12 18:57:40.657,2025-01-12 18:57:40.657,0,0,3,487mnSNu6t,X,com.sec.android.app.shealth,a8985688-c574-4bcf-b71e-9a77a8e4518e,a8985688-c574-4bcf-b71e-9a77a8e4518e.compressed_content.json,
America/Sao_Paulo,1736650800000,2025-01-19 19:02:17.083,2025-01-19 19:02:17.083,0,0,3,487mnSNu6t,X,com.sec.android.app.shealth,eb9c7f32-fd77-4688-980e-9e2e4f57e7f3,eb9c7f32-fd77-4688-980e-9e2e4f57e7f3.compressed_content.json,
America/Sao_Paulo,1737255600000,2025-01-26 18:58:03.737,2025-01-26 18:58:03.737,0,0,3,487mnSNu6t,X,com.sec.android.app.shealth,7a0834a4-12f5-4ddf-8023-960a0a9b4efb,7a0834a4-12f5-4ddf-8023-960a0a9b4efb.compressed_content.json,
America/Sao_Paulo,1737860400000,2025-02-02 18:57:38.194,2025-02-02 18:57:38.194,0,0,3,487mnSNu6t,X,com.sec.android.app.shealth,095065a8-3eea-45d3-9338-2d14c6c41f77,095065a8-3eea-45d3-9338-2d14c6c41f77.compressed_content.json,
America/Sao_Paulo,1738465200000,2025-02-09 19:14:34.485,2025-02-09 19:14:34.485,0,0,3,487mnSNu6t,X,com.sec.android.app.shealth,6a6a28d3-8ba3-4c35-82f1-7185617a19d9,6a6a28d3-8ba3-4c35-82f1-7185617a19d9.compressed_content.json,
America/Sao_Paulo,1739070000000,2025-02-16 18:57:06.276,2025-02-16 18:57:06.276,0,0,3,487mnSNu6t,X,com.sec.android.app.shealth,75a89809-f627-4206-8ed0-8ab7779bac9c,75a89809-f627-4206-8ed0-8ab7779bac9c.compressed_content.json,
America/Sao_Paulo,1739674800000,2025-02-23 18:57:48.146,2025-02-23 18:57:48.146,0,0,3,487mnSNu6t,X,com.sec.android.app.shealth,f6908518-ed16-4260-b02b-00f4e0b7c6c1,f6908518-ed16-4260-b02b-00f4e0b7c6c1.compressed_content.json,
America/Sao_Paulo,1740279600000,2025-03-02 18:58:12.400,2025-03-02 18:58:12.400,0,0,3,487mnSNu6t,X,com.sec.android.app.shealth,0e7d7389-2643-4749-929f-54a3e43a5c77,0e7d7389-2643-4749-929f-54a3e43a5c77.compressed_content.json,
America/Sao_Paulo,1740884400000,2025-03-09 19:08:03.897,2025-03-09 19:08:03.897,0,0,3,487mnSNu6t,X,com.sec.android.app.shealth,a81a423d-839b-449e-878e-b9b68a803fa0,a81a423d-839b-449e-878e-b9b68a803fa0.compressed_content.json,
America/Sao_Paulo,1741489200000,2025-03-16 19:22:23.710,2025-03-16 19:22:23.710,0,0,3,487mnSNu6t,X,com.sec.android.app.shealth,9395ffb9-9a90-4c28-9f92-c65baad7ab4f,9395ffb9-9a90-4c28-9f92-c65baad7ab4f.compressed_content.json,
America/Sao_Paulo,1742094000000,2025-03-23 18:58:28.870,2025-03-23 18:58:28.870,0,0,3,487mnSNu6t,X,com.sec.android.app.shealth,e3e2336b-292c-463a-aba0-27f020957af3,e3e2336b-292c-463a-aba0-27f020957af3.compressed_content.json,
America/Sao_Paulo,1742698800000,2025-03-30 19:00:59.089,2025-03-30 19:00:59.089,0,0,3,487mnSNu6t,X,com.sec.android.app.shealth,3b6a3be0-2d63-4b69-a835-6cf9f6c5b658,3b6a3be0-2d63-4b69-a835-6cf9f6c5b658.compressed_content.json,
America/Sao_Paulo,1743303600000,2025-04-06 19:02:34.807,2025-04-06 19:02:34.807,0,0,3,487mnSNu6t,X,com.sec.android.app.shealth,9329e1fd-a67f-43d5-8a98-9dbb3a6b83f5,9329e1fd-a67f-43d5-8a98-9dbb3a6b83f5.compressed_content.json,
America/Sao_Paulo,1743908400000,2025-04-13 18:57:12.076,2025-04-13 18:57:12.076,0,0,3,487mnSNu6t,X,com.sec.android.app.shealth,b0521005-9a45-4448-b1c1-287c70f2b508,b0521005-9a45-4448-b1c1-287c70f2b508.compressed_content.json,
America/Sao_Paulo,1744513200000,2025-04-20 18:57:07.362,2025-04-20 18:57:07.362,0,0,3,487mnSNu6t,X,com.sec.android.app.shealth,ab7cf81e-cdc0-459c-a231-511c49a55839,ab7cf81e-cdc0-459c-a231-511c49a55839.compressed_content.json,
America/Sao_Paulo,1745118000000,2025-05-01 18:59:59.001,2025-05-01 18:59:59.001,0,0,3,487mnSNu6t,X,com.sec.android.app.shealth,6183e449-260b-4093-baba-d9480e5941e2,6183e449-260b-4093-baba-d9480e5941e2.compressed_content.json,
America/Sao_Paulo,1745722800000,2025-05-04 19:08:28.609,2025-05-04 19:08:28.609,0,0,3,487mnSNu6t,X,com.sec.android.app.shealth,f84c8c72-25fa-40f8-9418-dc1b2b94ae76,f84c8c72-25fa-40f8-9418-dc1b2b94ae76.compressed_content.json,
America/Sao_Paulo,1746327600000,2025-05-11 19:05:25.848,2025-05-11 19:05:25.848,0,0,3,487mnSNu6t,X,com.sec.android.app.shealth,e5e36c27-f6d2-4a9e-b22c-9ec9f7921e44,e5e36c27-f6d2-4a9e-b22c-9ec9f7921e44.compressed_content.json,
America/Sao_Paulo,1746932400000,2025-05-18 18:58:10.279,2025-05-18 18:58:10.279,0,0,3,487mnSNu6t,X,com.sec.android.app.shealth,28567865-f9a8-4077-81dd-9123436cebb5,28567865-f9a8-4077-81dd-9123436cebb5.compressed_content.json,
America/Sao_Paulo,1747537200000,2025-05-25 18:57:08.294,2025-05-25 18:57:08.294,0,0,3,487mnSNu6t,X,com.sec.android.app.shealth,1b3c7738-714d-4283-b03f-98fe9766162b,1b3c7738-714d-4283-b03f-98fe9766162b.compressed_content.json,
