com.samsung.shealth.exercise.recovery_heart_rate,7006011,2
create_sh_ver,start_time,modify_sh_ver,update_time,create_time,time_offset,deviceuuid,exercise_id,pkg_name,end_time,datauuid,heart_rate
,2023-10-21 21:50:48.143,,2023-10-21 21:52:48.244,2023-10-21 21:52:48.244,UTC-0300,hriiVjEkYE,85838649-3ac5-47da-9e3d-1954858a8a92,com.sec.android.app.shealth,2023-10-21 21:52:48.143,f7456c22-0353-43e4-b072-41937ce0d745,f7456c22-0353-43e4-b072-41937ce0d745.heart_rate.json,
,2023-10-24 22:52:32.574,,2023-10-24 22:54:32.823,2023-10-24 22:54:32.823,UTC-0300,hriiVjEkYE,533ab955-7816-4f12-a484-571f914623a1,com.sec.android.app.shealth,2023-10-24 22:54:32.574,d10381c9-37a4-4980-94af-c2c825aae796,d10381c9-37a4-4980-94af-c2c825aae796.heart_rate.json,
,2023-11-02 16:39:30.802,,2023-11-02 16:41:31.210,2023-11-02 16:41:31.210,UTC-0300,hriiVjEkYE,e8513616-44b3-45d9-9081-7935e3b6a2ac,com.sec.android.app.shealth,2023-11-02 16:41:30.802,f9ecdc2d-23e3-4a1c-8f3b-f7edc4473450,f9ecdc2d-23e3-4a1c-8f3b-f7edc4473450.heart_rate.json,
,2023-11-15 14:29:04.624,,2023-11-15 14:31:05.200,2023-11-15 14:31:05.200,UTC-0300,hriiVjEkYE,f2218f31-e4d9-4753-8acb-fde6d291411e,com.sec.android.app.shealth,2023-11-15 14:31:04.624,800582c3-872e-461d-8e81-2f020c8e0201,800582c3-872e-461d-8e81-2f020c8e0201.heart_rate.json,
62620030,2024-02-27 23:41:43.817,62620030,2024-02-27 23:43:43.971,2024-02-27 23:43:43.971,UTC-0300,hriiVjEkYE,a3f36d35-b3ca-425e-a6ae-b37f9bc2ca36,com.sec.android.app.shealth,2024-02-27 23:43:43.817,b067cf8a-2d23-4612-b710-2fcc9063b8b3,b067cf8a-2d23-4612-b710-2fcc9063b8b3.heart_rate.json,
62660011,2024-05-01 21:52:45.813,62660011,2024-05-01 21:54:46.244,2024-05-01 21:54:46.244,UTC-0300,hriiVjEkYE,a03f9b90-2a9c-4fb7-817a-528508b6ee0c,com.sec.android.app.shealth,2024-05-01 21:54:45.813,67ec2a43-e6a5-4063-bd13-3334fcc20134,67ec2a43-e6a5-4063-bd13-3334fcc20134.heart_rate.json,
62670031,2024-07-17 20:37:42.632,62670031,2024-07-17 20:39:42.843,2024-07-17 20:39:42.843,UTC-0300,hriiVjEkYE,a7ad8f0f-d4fe-4fae-b8ed-9f09a140e15a,com.sec.android.app.shealth,2024-07-17 20:39:42.632,0a96f204-b61b-4d55-ab48-894728645b5a,0a96f204-b61b-4d55-ab48-894728645b5a.heart_rate.json,
62970091,2025-05-06 21:15:41.259,62970091,2025-05-06 21:17:41.371,2025-05-06 21:17:41.371,UTC-0300,hriiVjEkYE,11ca3c2b-5e0a-4f65-92b9-b49611336d0f,com.sec.android.app.shealth,2025-05-06 21:17:41.259,32de317a-78cb-45fe-bd48-e7c07fc3c240,32de317a-78cb-45fe-bd48-e7c07fc3c240.heart_rate.json,
62981551,2025-08-23 21:55:06.591,62981551,2025-08-23 21:57:06.748,2025-08-23 21:57:06.748,UTC-0300,hriiVjEkYE,bc0ed17f-ee9c-4efb-a84d-9b94e3a1582e,com.sec.android.app.shealth,2025-08-23 21:57:06.591,e64ab61d-9453-4d41-9ae4-4d9a318a6917,e64ab61d-9453-4d41-9ae4-4d9a318a6917.heart_rate.json,
