com.samsung.health.user_profile,7006011,10
text_value,create_sh_ver,float_value,modify_sh_ver,update_time,create_time,long_value,key,blob_value,int_value,deviceuuid,pkg_name,double_value,datauuid
19990227,,,,2022-11-27 17:38:44.328,2022-11-27 17:38:44.350,,birth_date,,,487mnSNu6t,com.sec.android.app.shealth,,00000000-0000-0000-0000-00000000000a,
BRA,,,,2022-11-27 17:38:44.334,2022-11-27 17:38:44.355,,country,,,487mnSNu6t,com.sec.android.app.shealth,,00000000-0000-0000-0000-000000000001,
kg,,,,1970-01-01 00:00:00.001,1970-01-01 00:00:00.001,,weight_unit,,,487mnSNu6t,com.sec.android.app.shealth,,00000000-0000-0000-0000-000000000007,
cm,,,,1970-01-01 00:00:00.001,1970-01-01 00:00:00.001,,height_unit,,,487mnSNu6t,com.sec.android.app.shealth,,00000000-0000-0000-0000-000000000009,
km,,,,1970-01-01 00:00:00.001,1970-01-01 00:00:00.001,,distance_unit,,,487mnSNu6t,com.sec.android.app.shealth,,00000000-0000-0000-0000-00000000000c,
C,,,,1970-01-01 00:00:00.001,1970-01-01 00:00:00.001,,temperature_unit,,,487mnSNu6t,com.sec.android.app.shealth,,00000000-0000-0000-0000-00000000000d,
mg/dL,,,,1970-01-01 00:00:00.001,1970-01-01 00:00:00.001,,blood_glucose_unit,,,487mnSNu6t,com.sec.android.app.shealth,,00000000-0000-0000-0000-00000000000e,
%,,,,1970-01-01 00:00:00.001,1970-01-01 00:00:00.001,,hba1c_unit,,,487mnSNu6t,com.sec.android.app.shealth,,00000000-0000-0000-0000-000000000012,
mmHg,,,,1970-01-01 00:00:00.001,1970-01-01 00:00:00.001,,blood_pressure_unit,,,487mnSNu6t,com.sec.android.app.shealth,,00000000-0000-0000-0000-000000000013,
ml,,,,1970-01-01 00:00:00.001,1970-01-01 00:00:00.001,,water_unit,,,487mnSNu6t,com.sec.android.app.shealth,,00000000-0000-0000-0000-000000000014,
5541998135008,,,,2023-10-20 19:21:21.205,2023-10-20 19:21:21.196,,phone_number,,,487mnSNu6t,com.sec.android.app.shealth,,00000000-0000-0000-0000-000000000021,
,,,70060110,2026-09-13 12:57:11.262,2023-10-20 19:21:22.960,,intention_survey,00000000-0000-0000-0000-00000000001c.intention_survey.json,,487mnSNu6t,com.sec.android.app.shealth,,00000000-0000-0000-0000-00000000001c,
,,,62950170,2025-05-31 14:45:10.735,2023-10-20 19:21:23.550,,dashboard_config,00000000-0000-0000-0000-000000000016.dashboard_config.json,,487mnSNu6t,com.sec.android.app.shealth,,00000000-0000-0000-0000-000000000016,
122296845,,,,2023-10-20 19:21:23.731,2023-10-20 19:21:23.733,,social_id,,,487mnSNu6t,com.sec.android.app.shealth,,00000000-0000-0000-0000-000000000015,
M,,,,2023-10-20 22:03:55.165,2023-10-20 22:03:55.149,,gender,,,hriiVjEkYE,com.sec.android.app.shealth,,00000000-0000-0000-0000-000000000005,
M,,,,2023-10-20 22:03:55.165,2023-10-20 22:03:55.165,,gender_extended,,,hriiVjEkYE,com.sec.android.app.shealth,,00000000-0000-0000-0000-000000000022,
,,102.0,62820030,2024-11-29 11:59:41.291,2023-10-20 22:04:47.373,,weight,,,hriiVjEkYE,com.sec.android.app.shealth,,00000000-0000-0000-0000-000000000006,
,,180.0,,2023-10-20 22:03:55.170,2023-10-20 22:04:47.382,,height,,,hriiVjEkYE,com.sec.android.app.shealth,,00000000-0000-0000-0000-000000000008,
,70060110,,70060110,2026-09-13 13:09:29.876,2026-09-13 13:09:28.696,,home_tile_config,00000000-0000-0000-0000-000000000023.home_tile_config.json,,487mnSNu6t,com.sec.android.app.shealth,,00000000-0000-0000-0000-000000000023,
