com.samsung.shealth.alerted_heart_rate,7006011,2
create_sh_ver,start_time,threshold,custom,binning_data,source,tag_id,modify_sh_ver,update_time,create_time,max,min,time_offset,deviceuuid,comment,pkg_name,end_time,datauuid,heart_rate
,2023-12-14 22:10:34.908,120.0,,c55774a1-c790-41e3-9375-140ee6c01659.binning_data.json,,21314,,2023-12-14 22:20:34.055,2023-12-14 22:20:34.055,134.0,125.0,UTC-0300,hriiVjEkYE,,com.sec.android.app.shealth,2023-12-14 22:20:33.908,c55774a1-c790-41e3-9375-140ee6c01659,129.0,
,2023-12-14 22:20:38.215,120.0,,11bd7b2a-d3ce-4362-a531-e7acca39abd1.binning_data.json,,21314,,2023-12-14 22:30:37.285,2023-12-14 22:30:37.285,137.0,120.0,UTC-0300,hriiVjEkYE,,com.sec.android.app.shealth,2023-12-14 22:30:37.215,11bd7b2a-d3ce-4362-a531-e7acca39abd1,127.0,
,2023-12-14 22:30:41.345,120.0,,05c534ea-9e1f-442c-9e96-e410a2db5648.binning_data.json,,21314,,2023-12-14 22:40:40.419,2023-12-14 22:40:40.419,140.0,125.0,UTC-0300,hriiVjEkYE,,com.sec.android.app.shealth,2023-12-14 22:40:40.345,05c534ea-9e1f-442c-9e96-e410a2db5648,133.0,
,2023-12-14 23:00:34.273,120.0,,53ec1f5b-ff9c-4505-ab37-914dfc14225f.binning_data.json,,21314,,2023-12-14 23:10:33.369,2023-12-14 23:10:33.369,154.0,143.0,UTC-0300,hriiVjEkYE,,com.sec.android.app.shealth,2023-12-14 23:10:33.273,53ec1f5b-ff9c-4505-ab37-914dfc14225f,147.0,
,2023-12-14 23:10:37.606,120.0,,49e12bb2-091c-41fe-8c41-501028ad649d.binning_data.json,,21314,,2023-12-14 23:20:36.667,2023-12-14 23:20:36.667,163.0,143.0,UTC-0300,hriiVjEkYE,,com.sec.android.app.shealth,2023-12-14 23:20:36.606,49e12bb2-091c-41fe-8c41-501028ad649d,149.0,
,2023-12-14 23:20:40.958,120.0,,1e0b0006-ee34-49a0-9d6b-da77bb358f1d.binning_data.json,,21314,,2023-12-14 23:30:40.027,2023-12-14 23:30:40.027,161.0,140.0,UTC-0300,hriiVjEkYE,,com.sec.android.app.shealth,2023-12-14 23:30:39.958,1e0b0006-ee34-49a0-9d6b-da77bb358f1d,147.0,
,2023-12-14 23:30:44.225,120.0,,a9412831-698b-44d4-b930-7d7a09a82c31.binning_data.json,,21314,,2023-12-14 23:40:43.305,2023-12-14 23:40:43.305,149.0,135.0,UTC-0300,hriiVjEkYE,,com.sec.android.app.shealth,2023-12-14 23:40:43.225,a9412831-698b-44d4-b930-7d7a09a82c31,141.0,
,2023-12-25 02:21:02.501,120.0,,2e55c596-9c84-44e3-8e8c-47fb588ce104.binning_data.json,,21314,,2023-12-25 02:31:01.821,2023-12-25 02:31:01.821,134.0,122.0,UTC-0300,hriiVjEkYE,,com.sec.android.app.shealth,2023-12-25 02:31:01.501,2e55c596-9c84-44e3-8e8c-47fb588ce104,125.0,
62610110,2024-02-02 22:10:34.929,120.0,,167d679a-ff4c-46c1-863e-f2b5c425ccea.binning_data.json,,21314,62610110,2024-02-02 22:20:34.096,2024-02-02 22:20:34.096,141.0,125.0,UTC-0300,hriiVjEkYE,,com.sec.android.app.shealth,2024-02-02 22:20:33.929,167d679a-ff4c-46c1-863e-f2b5c425ccea,131.0,
62670031,2024-06-06 21:30:33.861,120.0,,f45e630c-5638-416c-80d3-fcf0c5c107db.binning_data.json,,21314,62670031,2024-06-06 21:40:33.096,2024-06-06 21:40:33.096,130.0,112.0,UTC-0300,hriiVjEkYE,,com.sec.android.app.shealth,2024-06-06 21:40:32.861,f45e630c-5638-416c-80d3-fcf0c5c107db,122.0,
62800471,2024-12-27 04:50:34.229,120.0,,4a3c0794-4e63-47bb-bfb5-b7bdd9079925.binning_data.json,,21314,62800471,2024-12-27 05:00:33.300,2024-12-27 05:00:33.300,144.0,125.0,UTC-0300,hriiVjEkYE,,com.sec.android.app.shealth,2024-12-27 05:00:33.229,4a3c0794-4e63-47bb-bfb5-b7bdd9079925,131.0,
63200011,2026-07-21 12:10:33.014,120.0,,18372d5e-8891-44a7-8e01-ee13db11469a.binning_data.json,,21314,63200011,2026-07-21 12:20:32.224,2026-07-21 12:20:32.224,162.0,124.0,UTC-0300,hriiVjEkYE,,com.sec.android.app.shealth,2026-07-21 12:20:32.014,18372d5e-8891-44a7-8e01-ee13db11469a,138.0,
63200011,2026-07-21 12:20:36.021,120.0,,04a0dc21-2f25-41ae-b10b-f523a676fafd.binning_data.json,,21314,63200011,2026-07-21 12:30:35.131,2026-07-21 12:30:35.131,153.0,133.0,UTC-0300,hriiVjEkYE,,com.sec.android.app.shealth,2026-07-21 12:30:35.021,04a0dc21-2f25-41ae-b10b-f523a676fafd,140.0,
63200011,2026-07-21 15:20:33.015,120.0,,7ab1dfe8-adcc-4345-afae-e617f1b24e4f.binning_data.json,,21314,63200011,2026-07-21 15:30:32.216,2026-07-21 15:30:32.216,128.0,120.0,UTC-0300,hriiVjEkYE,,com.sec.android.app.shealth,2026-07-21 15:30:32.015,7ab1dfe8-adcc-4345-afae-e617f1b24e4f,123.0,
63200011,2026-07-21 15:30:35.014,120.0,,a7a67e69-d7a8-4982-afa1-8a95c5570595.binning_data.json,,21314,63200011,2026-07-21 15:40:34.062,2026-07-21 15:40:34.062,133.0,121.0,UTC-0300,hriiVjEkYE,,com.sec.android.app.shealth,2026-07-21 15:40:34.014,a7a67e69-d7a8-4982-afa1-8a95c5570595,124.0,
63200011,2026-07-21 15:40:38.017,120.0,,a2eeb29a-1ba0-487c-ad68-c9086a5b3821.binning_data.json,,21314,63200011,2026-07-21 15:50:37.167,2026-07-21 15:50:37.167,131.0,119.0,UTC-0300,hriiVjEkYE,,com.sec.android.app.shealth,2026-07-21 15:50:37.017,a2eeb29a-1ba0-487c-ad68-c9086a5b3821,123.0,
