com.samsung.shealth.sleep_combined,7006011,8
total_sleep_time_weight,original_efficiency,create_sh_ver,start_time,mental_recovery,wake_score,factor_01,factor_02,factor_03,factor_04,factor_05,factor_06,factor_07,factor_08,factor_09,factor_10,deep_score,latency_weight,has_sleep_data,sleep_efficiency_with_latency,total_rem_duration,modify_sh_ver,update_time,nap_score,create_time,client_data_id,sleep_type,data_version,latency_score,deep_weight,rem_weight,physical_recovery,original_wake_up_time,client_data_ver,movement_awakening,original_bed_time,goal_bed_time,quality,time_offset,extra_data,wake_weight,deviceuuid,rem_score,goal_wake_up_time,sleep_cycle,total_light_duration,efficiency,sleep_score,pkg_name,sleep_duration,stage_analyzed_type,end_time,datauuid,stage_analysis_type,total_sleep_time_score
,,,2023-11-02 06:29:00.000,78.0,,13,72,5,7,30,430,161,0,6,0,,,0,,,,2023-11-02 14:20:43.370,,2023-11-02 14:20:43.345,,3,6,,,,63.0,,,11.0,,,0,UTC-0300,,,hriiVjEkYE,,,3,,93.0,90,com.sec.android.app.shealth,430,,2023-11-02 14:20:00.000,c8f24fb3-62d3-4ade-bd82-f16a4b69be2b,,,
,,,2023-11-07 04:17:00.000,68.0,,20,67,1,7,11,300,66,1,4,0,,,0,,,,2023-11-07 09:50:05.067,,2023-11-07 09:50:05.003,,3,6,,,,64.0,,,7.0,,,0,UTC-0300,,,hriiVjEkYE,,,3,,96.0,64,com.sec.android.app.shealth,300,,2023-11-07 09:26:00.000,2fa1b86c-386a-4b34-8997-1e8a5446f0f5,,,
,,,2023-12-16 01:14:00.000,70.0,,44,104,3,10,33,492,130,1,8,0,,,0,,,,2023-12-16 12:08:20.260,,2023-12-16 12:08:20.201,,-1,6,,,,84.0,,,11.0,,,0,UTC-0300,,,hriiVjEkYE,,,4,,93.0,91,com.sec.android.app.shealth,492,,2023-12-16 10:40:00.000,a83dc9c6-c0dd-4791-bcbb-00fc6f0ec444,,,
,,62600630,2024-01-05 03:55:00.000,67.0,,0,58,7,13,32,393,64,1,14,7,,,0,,,62600630,2024-01-05 11:46:24.722,,2024-01-05 11:46:24.675,,-1,7,,,,54.0,,,23.0,,82800000,0,UTC-0300,,,hriiVjEkYE,,25200000,4,,90.0,72,com.sec.android.app.shealth,400,,2024-01-05 10:57:00.000,606a9ed7-a794-4f29-a89e-ff1a8156cec8,,,
,,62600630,2024-01-09 03:44:00.000,78.0,,12,52,4,7,12,293,79,0,0,0,,,0,,,62600630,2024-01-09 09:28:16.719,,2024-01-09 09:28:16.653,,-1,7,,,,53.0,,,9.0,,82800000,0,UTC-0300,,,hriiVjEkYE,,25200000,3,,95.0,72,com.sec.android.app.shealth,293,,2024-01-09 09:28:00.000,05ba0fa9-b7ef-4c02-ab86-b547366c1816,,,
,,62620030,2024-02-08 04:13:00.000,71.0,,30,81,1,9,23,413,92,1,11,0,,,0,,,62620030,2024-02-08 11:43:55.291,,2024-02-08 11:43:55.230,,-1,7,,,,74.0,,,9.0,,82800000,0,UTC-0300,,,hriiVjEkYE,,25200000,4,,94.0,90,com.sec.android.app.shealth,413,,2024-02-08 11:17:00.000,8969125f-7405-478f-b951-851e160cef56,,,
,,62620030,2024-02-13 03:31:00.000,83.0,,14,68,4,7,36,460,102,1,6,0,,,0,,,62620030,2024-02-13 12:24:52.106,,2024-02-13 12:24:52.066,,-1,7,,,,66.0,,,13.0,,82800000,0,UTC-0300,,,hriiVjEkYE,,25200000,6,,92.0,88,com.sec.android.app.shealth,460,,2024-02-13 11:29:00.000,b5e79f43-efe5-4dc8-96e3-4348f742e620,,,
,,62620030,2024-02-16 03:15:00.000,68.0,,0,61,0,7,29,344,21,1,14,0,,,0,,,62620030,2024-02-16 09:55:51.805,,2024-02-16 09:55:51.757,,-1,7,,,,52.0,,,13.0,,82800000,0,UTC-0300,,,hriiVjEkYE,,25200000,3,,91.0,67,com.sec.android.app.shealth,344,,2024-02-16 09:26:00.000,20e7112b-60ae-4113-a7e3-3168f7446410,,,
,,62620030,2024-02-18 03:38:00.000,88.0,,0,55,3,7,57,653,86,1,31,0,,,0,,,62620030,2024-02-18 15:45:48.319,,2024-02-18 15:45:48.259,,-1,7,,,,74.0,,,17.0,,82800000,0,UTC-0300,,,hriiVjEkYE,,25200000,7,,91.0,54,com.sec.android.app.shealth,653,,2024-02-18 14:54:00.000,fa295606-cc55-43f4-8c16-8f2e885e9503,,,
,,62650170,2024-03-29 03:34:00.000,84.0,,13,37,3,6,26,415,86,0,3,0,,,0,,,62650170,2024-03-29 11:17:33.186,,2024-03-29 11:17:33.137,,-1,7,,,,56.0,,,10.0,,82800000,0,UTC-0300,,,hriiVjEkYE,,25200000,4,,93.0,85,com.sec.android.app.shealth,415,,2024-03-29 11:06:00.000,fb90e751-21d5-4e12-823f-08845aea308c,,,
,,62660010,2024-04-04 03:59:00.000,53.0,,13,52,3,27,56,423,80,1,35,0,,,0,,,62660010,2024-04-04 11:41:21.865,,2024-04-04 11:41:21.813,,-1,7,,,,61.0,,,25.0,,82800000,0,UTC-0300,,,hriiVjEkYE,,25200000,4,,86.0,82,com.sec.android.app.shealth,423,,2024-04-04 11:13:00.000,3d7cec36-3028-4d7e-80a5-a45532010de7,,,
,,62660010,2024-04-09 03:30:00.000,70.0,,16,62,3,10,26,423,170,1,13,0,,,0,,,62660010,2024-04-09 11:22:45.336,,2024-04-09 11:22:45.273,,-1,7,,,,61.0,,,11.0,,82800000,0,UTC-0300,,,hriiVjEkYE,,25200000,4,,93.0,85,com.sec.android.app.shealth,423,,2024-04-09 10:53:00.000,8d60b6bb-9a6b-4c8a-b5a4-cfec7b65be0b,,,
,,62660010,2024-04-13 03:11:00.000,70.0,,7,41,6,5,28,437,98,1,7,0,,,0,,,62660010,2024-04-13 11:19:45.747,,2024-04-13 11:19:45.712,,-1,7,,,,56.0,,,14.0,,82800000,0,UTC-0300,,,hriiVjEkYE,,25200000,3,,93.0,87,com.sec.android.app.shealth,437,,2024-04-13 10:36:00.000,9c2f7fd3-733c-43ba-962e-f5cbed9592b4,,,
,,62660010,2024-04-26 04:12:00.000,77.0,,31,47,14,3,19,324,244,0,3,0,,,0,,,62660010,2024-04-26 09:50:28.918,,2024-04-26 05:52:13.709,,-1,7,,,,52.0,2024-04-26 05:52:00.000,,13.0,,82800000,0,UTC-0300,,,hriiVjEkYE,,25200000,2,,94.0,71,com.sec.android.app.shealth,324,,2024-04-26 09:50:00.000,28a4bdb0-eab1-464a-8529-4a6d778d71c0,,,
,,62660010,2024-04-30 03:32:00.000,61.0,,16,28,35,9,63,436,153,2,41,0,,,0,,,62660010,2024-04-30 11:46:00.155,,2024-04-30 11:46:00.090,,-1,7,,,,54.0,,,47.0,,82800000,0,UTC-0300,,,hriiVjEkYE,,25200000,4,,85.0,77,com.sec.android.app.shealth,436,,2024-04-30 11:02:00.000,36173383-2a3b-40f0-9d62-1c79876355fc,,,
,,62660010,2024-05-08 03:37:00.000,64.0,,26,38,30,6,55,368,213,1,36,0,,,0,,,62660010,2024-05-08 10:45:58.325,,2024-05-08 10:45:58.299,,-1,7,,,,52.0,,,39.0,,82800000,0,UTC-0300,,,hriiVjEkYE,,25200000,2,,85.0,69,com.sec.android.app.shealth,368,,2024-05-08 09:51:00.000,599a6589-140b-489d-bba7-c7a430fed5f0,,,
,,62670070,2024-06-04 04:37:00.000,80.0,,0,13,14,5,27,319,98,0,13,0,,,0,,,62670070,2024-06-04 10:10:16.534,,2024-06-04 10:10:16.489,,-1,7,,,,36.0,,,27.0,,82800000,0,UTC-0300,,,hriiVjEkYE,,25200000,3,,91.0,56,com.sec.android.app.shealth,319,,2024-06-04 10:10:00.000,3cb661b1-cc7b-495b-8a5a-3f7079b8bd9d,,,
,,62670070,2024-06-08 03:37:00.000,44.0,,28,50,22,16,46,435,211,2,26,0,,,0,,,62670070,2024-06-08 10:53:53.389,,2024-06-08 10:53:53.342,,-1,7,,,,60.0,,,27.0,,82800000,0,UTC-0300,,,hriiVjEkYE,,25200000,2,,89.0,76,com.sec.android.app.shealth,435,,2024-06-08 10:53:00.000,624660c0-2f74-494f-8318-7cda38d778a3,,,
,,62670070,2024-06-19 02:59:00.000,76.0,,23,35,10,4,24,303,116,1,15,0,,,0,,,62670070,2024-06-20 10:29:53.274,,2024-06-20 10:29:53.233,,-1,7,,,,50.0,,,21.0,,82800000,0,UTC-0300,,,hriiVjEkYE,,25200000,4,,92.0,66,com.sec.android.app.shealth,303,,2024-06-19 08:32:00.000,ab1c0ece-a3a1-488b-b390-52929d8a7121,,,
,,62670070,2024-06-26 03:55:00.000,73.0,,32,52,2,7,14,341,95,1,4,0,,,0,,,62670070,2024-06-26 10:00:12.742,,2024-06-26 10:00:12.700,,-1,7,,,,63.0,,,7.0,,82800000,0,UTC-0300,,,hriiVjEkYE,,25200000,4,,95.0,80,com.sec.android.app.shealth,341,,2024-06-26 09:53:00.000,dc77ceb5-e43a-475a-ae2c-9988144c9598,,,
,,62670070,2024-07-07 04:13:00.000,43.0,,4,49,26,17,61,460,97,3,47,0,,,0,,,62670070,2024-07-07 21:45:01.312,,2024-07-07 21:45:01.264,,-1,7,,,,58.0,,,50.0,,82800000,0,UTC-0300,,,hriiVjEkYE,,25200000,4,,86.0,77,com.sec.android.app.shealth,460,,2024-07-07 11:57:00.000,a16501f4-eef1-44e7-9cb9-045c0a2e9a92,,,
,,62710150,2024-08-09 03:18:00.000,95.0,,22,69,6,6,30,473,184,3,7,,,,0,,129,62710150,2024-08-09 11:32:09.478,,2024-08-09 11:32:09.478,,,9,,,,92.0,,,11.0,,,,UTC-0300,,,487mnSNu6t,,,5,245,93.0,86,com.sec.android.app.shealth,473,1,2024-08-09 11:18:00.000,311d3068-dac0-48b4-8b0e-e83a8c54ea14,,,
,,62710150,2024-08-11 04:28:00.000,96.0,,0,25,1,3,28,513,56,0,8,,,,0,,137,62710150,2024-08-11 14:00:02.572,,2024-08-11 14:00:02.572,,,9,,,,73.0,,,9.0,,,,UTC-0300,,,487mnSNu6t,,,5,323,94.0,76,com.sec.android.app.shealth,513,1,2024-08-11 13:34:00.000,3f7848b2-e73c-4797-bdf0-36e90a719c1b,,,
,,62720090,2024-09-23 04:24:00.000,93.0,,6,25,12,1,23,365,205,0,6,,,,0,,106,62720090,2024-09-23 10:41:03.696,,2024-09-23 10:41:03.696,,,9,,,,54.0,,,14.0,,,,UTC-0300,,,487mnSNu6t,,,5,211,93.0,74,com.sec.android.app.shealth,365,1,2024-09-23 10:33:00.000,c378e480-def8-4dd5-a606-a3bdc6edcb9a,,,
,,62850050,2024-12-11 04:22:00.000,86.0,,35,43,16,4,40,416,245,0,9,,,,0,,85,62850050,2024-12-11 11:55:19.893,,2024-12-11 11:55:19.893,,,9,,,,75.0,,,18.0,,,,UTC-0300,,,487mnSNu6t,,,4,248,90.0,82,com.sec.android.app.shealth,416,1,2024-12-11 11:29:00.000,838a1e3e-b1fb-4c78-812d-5b17d236c719,,,
,,62850050,2024-12-25 06:01:00.000,84.0,,35,63,34,2,65,464,221,0,44,,,,0,,80,62850050,2024-12-25 14:53:33.115,,2024-12-25 14:53:33.115,,,9,,,,86.0,,,39.0,,,,UTC-0300,,,487mnSNu6t,,,3,256,85.0,78,com.sec.android.app.shealth,464,1,2024-12-25 14:28:00.000,9f60796b-7bf9-426c-bfd7-da4956691d12,,,
,,62850050,2025-01-12 00:36:00.000,95.0,,17,63,25,2,53,594,146,0,30,,,,0,,126,62850050,2025-01-12 15:01:18.294,,2025-01-12 15:01:18.294,,,9,,,,93.0,,,32.0,,,,UTC-0300,,,487mnSNu6t,,,7,352,90.0,69,com.sec.android.app.shealth,594,2,2025-01-12 14:29:00.000,4bb4ca25-6fe9-4f8d-8648-07b961dacac7,,,
,,62900750,2025-01-31 03:34:00.000,50.0,,53,53,13,0,21,356,331,0,4,,,,0,,28,62900750,2025-01-31 09:58:42.191,,2025-01-31 09:58:42.191,,,9,,,,77.0,,,11.0,,82800000,,UTC-0300,,,487mnSNu6t,,25200000,2,254,94.0,70,com.sec.android.app.shealth,356,2,2025-01-31 09:53:00.000,9c3f4140-14e3-456f-b1bd-aaf41e4d186b,,,
34,,63010030,2025-06-04 03:54:00.000,81.0,7,14,56,30,3,30,369,163,0,27,,10,16,0,69,74,63010030,2025-06-04 10:28:31.713,,2025-06-04 10:28:31.713,,,10,3,15,23,77.0,,,38.0,,82800000,,UTC-0300,,12,487mnSNu6t,16,25200000,4,209,93.0,55,com.sec.android.app.shealth,369,2,2025-06-04 10:23:00.000,8401df1b-a45d-4084-bc53-df3a5b975dcf,,19,
34,,63020310,2025-07-13 02:51:00.000,97.0,5,41,75,78,13,75,613,263,3,103,,11,16,0,78,153,63020310,2025-07-13 14:33:02.521,,2025-07-13 14:33:02.521,,,10,16,15,23,96.0,,,65.0,,82800000,,UTC-0300,,12,487mnSNu6t,18,25200000,4,310,89.0,78,com.sec.android.app.shealth,613,2,2025-07-13 14:01:00.000,9477c700-597d-4124-9c75-85041b18d489,,28,
34,,63051050,2025-09-30 03:03:00.000,92.0,11,17,55,4,6,54,495,72,0,37,,14,16,0,78,114,63051050,2025-09-30 11:45:21.270,0,2025-09-30 11:45:21.270,,,10,9,15,23,86.0,,,26.0,,82800000,,UTC-0300,,12,487mnSNu6t,21,25200000,5,272,90.0,87,com.sec.android.app.shealth,495,2,2025-09-30 11:29:00.000,70842b98-93ad-4532-ba45-7b98160ae22a,,32,
34,,63070030,2025-12-29 04:49:00.000,61.0,5,0,78,1,4,35,397,17,0,5,,14,16,0,81,42,63070030,2025-12-29 11:55:25.808,0,2025-12-29 11:55:25.808,,,10,12,18,26,91.0,,,17.0,,82800000,,UTC-0300,,6,487mnSNu6t,12,25200000,4,242,92.0,63,com.sec.android.app.shealth,397,2,2025-12-29 11:31:00.000,0b148b4c-b9f4-4c74-be1c-a34747564fc0,,20,
34,,63070030,2026-01-06 03:26:00.000,87.0,5,18,71,40,2,37,461,140,0,33,,14,16,0,82,90,63070030,2026-01-06 11:45:02.793,0,2026-01-06 11:45:02.793,,,10,16,18,26,91.0,,,49.0,,82800000,,UTC-0300,,6,487mnSNu6t,21,25200000,5,263,92.0,84,com.sec.android.app.shealth,461,2,2026-01-06 11:34:00.000,fefcb465-614f-4cc7-8e87-fcad5d2651d5,,28,
