com.samsung.shealth.badge,7006011,1
number_of_streak,start_time,exercise_type,device_type,status,sleep_coaching_session_uuid,update_time,create_time,source_pkg_name,key,program_id,is_shown,time_offset,extra_data,deviceuuid,pkg_name,exercise_data_uuid,controller_id,end_time,datauuid
,2023-10-20 22:04:44.680,,,1,,2023-10-20 22:04:45.287,2023-10-20 22:04:45.287,,weight_first_body_check,,,UTC-0300,,hriiVjEkYE,com.sec.android.app.shealth,,tracker.weight,2023-10-20 22:04:44.680,f08f2f5e-3aef-4e02-abe5-2d7eef201953,
,2023-10-21 08:51:13.612,,,1,,2023-10-21 11:51:13.626,2023-10-21 11:51:13.626,,sleep_goal_first_sleep,,,UTC+0000,,487mnSNu6t,com.sec.android.app.shealth,,Sleep.Goal,2023-10-21 08:51:13.612,a7b0d52d-c89e-4855-a10a-fcba177cae46,
,2023-10-21 21:06:44.527,1001,,1,,2023-10-22 23:38:40.602,2023-10-21 21:50:48.316,,exercise_goal_first_achieve,,1,UTC-0300,,hriiVjEkYE,com.sec.android.app.shealth,85838649-3ac5-47da-9e3d-1954858a8a92,tracker.exercise,2023-10-21 21:50:48.090,85509e7b-7c25-4d67-ab09-8d76b638d24d,
,2023-10-29 00:00:00.000,,,1,b1b8b05b-e024-4150-87cb-0fda410c201e,2023-11-25 02:20:10.296,2023-11-25 02:20:10.296,,sleep_coaching_completion_penguin,,,UTC-0300,,487mnSNu6t,com.sec.android.app.shealth,,Sleep.Goal,2023-11-18 00:00:00.000,abf53de5-4716-4e03-afea-f60b7ca205ca,
,2024-01-06 03:00:00.000,,100003,1,,2025-01-16 04:18:56.561,2024-01-06 18:32:12.982,com.sec.android.app.shealth,step_milestone_10k_steps,,,UTC-0300,7826.0375990867615,487mnSNu6t,com.sec.android.app.shealth,,tracker.pedometer,2024-01-07 02:59:59.999,8fb2e99e-1765-4fa8-a926-21617623392c,
,2024-02-01 23:37:29.976,15002,,1,,2024-02-02 00:30:14.154,2024-02-02 00:30:14.154,,exercise_goal_first_achieve,,,UTC-0300,,hriiVjEkYE,com.sec.android.app.shealth,7a4e25c2-ab7f-4561-b5ab-561179452c25,tracker.exercise,2024-02-02 00:30:13.796,28367054-c893-4d07-af5c-9d4bc34861c7,
1,2024-07-17 03:00:00.000,,,1,,2024-07-17 14:55:36.043,2024-07-17 14:55:36.043,,sleep_good_sleep,,,UTC-0300,,487mnSNu6t,com.sec.android.app.shealth,,Sleep.Goal,2024-07-18 02:59:59.999,3f42a321-9395-4bca-89a8-f60cb6257d7c,
1,2024-07-20 03:00:00.000,,,1,,2024-07-20 14:37:17.489,2024-07-20 14:37:17.489,,sleep_excellent_sleep,,,UTC-0300,,487mnSNu6t,com.sec.android.app.shealth,,Sleep.Goal,2024-07-21 02:59:59.999,b7200725-c06a-4bd0-bef8-a679bcecf6ac,
1,2024-07-22 03:00:00.000,,,1,,2024-07-22 11:55:05.771,2024-07-22 11:55:05.771,,sleep_excellent_sleep,,,UTC-0300,,487mnSNu6t,com.sec.android.app.shealth,,Sleep.Goal,2024-07-23 02:59:59.999,7342a4c9-0a0e-4694-8fe1-3b353f44a81b,
1,2024-08-02 03:00:00.000,,,1,,2024-08-02 11:41:18.756,2024-08-02 11:41:18.756,,sleep_excellent_sleep,,,UTC-0300,,487mnSNu6t,com.sec.android.app.shealth,,Sleep.Goal,2024-08-03 02:59:59.999,4b8f3aca-5c62-43c9-ba0e-980d47e81936,
1,2024-08-14 03:00:00.000,,,1,,2024-08-14 15:14:40.978,2024-08-14 15:14:40.978,,sleep_excellent_sleep,,,UTC-0300,,487mnSNu6t,com.sec.android.app.shealth,,Sleep.Goal,2024-08-15 02:59:59.999,2c3d0fcd-165b-4027-8978-457ba98769cf,
1,2024-08-26 03:00:00.000,,,1,,2024-08-26 10:34:10.503,2024-08-26 10:34:10.503,,sleep_excellent_sleep,,,UTC-0300,,487mnSNu6t,com.sec.android.app.shealth,,Sleep.Goal,2024-08-27 02:59:59.999,e105e6b3-2b56-4deb-baf1-d845bf4204e6,
1,2024-08-30 03:00:00.000,,,1,,2024-08-30 10:11:08.189,2024-08-30 10:11:08.189,,sleep_excellent_sleep,,,UTC-0300,,487mnSNu6t,com.sec.android.app.shealth,,Sleep.Goal,2024-08-31 02:59:59.999,2c97c470-7554-4616-b5eb-a51e116fb60e,
1,2024-08-31 03:00:00.000,,,1,,2024-08-31 12:40:27.668,2024-08-31 12:40:27.668,,sleep_excellent_sleep,,,UTC-0300,,487mnSNu6t,com.sec.android.app.shealth,,Sleep.Goal,2024-09-01 02:59:59.999,845e5389-42f3-4e50-95da-0b1bb7c9e8d2,
1,2024-09-03 03:00:00.000,,,1,,2024-09-03 10:33:54.606,2024-09-03 10:33:54.606,,sleep_excellent_sleep,,,UTC-0300,,487mnSNu6t,com.sec.android.app.shealth,,Sleep.Goal,2024-09-04 02:59:59.999,3fee0527-8050-4f70-b778-96219a17486b,
1,2024-09-09 03:00:00.000,,,1,,2024-09-09 10:53:49.893,2024-09-09 10:53:49.893,,sleep_excellent_sleep,,,UTC-0300,,487mnSNu6t,com.sec.android.app.shealth,,Sleep.Goal,2024-09-10 02:59:59.999,3b28c720-2e2a-4ad5-b1bd-aee233a7295a,
1,2024-09-28 03:00:00.000,,,1,,2024-09-28 11:22:01.664,2024-09-28 11:22:01.664,,sleep_excellent_sleep,,,UTC-0300,,487mnSNu6t,com.sec.android.app.shealth,,Sleep.Goal,2024-09-29 02:59:59.999,5f3f6a90-cf3c-432b-b10f-1a07837d6844,
1,2024-10-02 03:00:00.000,,,1,,2024-10-02 10:16:15.120,2024-10-02 10:16:15.120,,sleep_excellent_sleep,,,UTC-0300,,487mnSNu6t,com.sec.android.app.shealth,,Sleep.Goal,2024-10-03 02:59:59.999,3ebe53ce-7637-4d0a-95d0-c3a3821d5695,
1,2024-10-03 03:00:00.000,,,1,,2024-10-03 11:27:40.171,2024-10-03 11:27:40.171,,sleep_excellent_sleep,,,UTC-0300,,487mnSNu6t,com.sec.android.app.shealth,,Sleep.Goal,2024-10-04 02:59:59.999,aa1e98f9-f14c-4703-af7d-44037193fef9,
1,2024-10-06 03:00:00.000,,,1,,2024-10-06 14:48:17.330,2024-10-06 14:48:17.330,,sleep_excellent_sleep,,,UTC-0300,,487mnSNu6t,com.sec.android.app.shealth,,Sleep.Goal,2024-10-07 02:59:59.999,d0fd7665-5cff-47b1-8a18-8f775ffa105a,
1,2024-10-14 03:00:00.000,,,1,,2024-10-14 11:32:45.541,2024-10-14 11:32:45.541,,sleep_excellent_sleep,,,UTC-0300,,487mnSNu6t,com.sec.android.app.shealth,,Sleep.Goal,2024-10-15 02:59:59.999,f1af7a99-e58d-47de-b206-2fd75801d448,
1,2024-10-23 03:00:00.000,,,1,,2024-10-23 10:12:08.560,2024-10-23 10:12:08.560,,sleep_excellent_sleep,,,UTC-0300,,487mnSNu6t,com.sec.android.app.shealth,,Sleep.Goal,2024-10-24 02:59:59.999,09ec8b93-ad36-4689-9fc9-47aa68a3b99b,
1,2024-10-26 03:00:00.000,,,1,,2024-10-26 12:51:50.801,2024-10-26 12:51:50.801,,sleep_excellent_sleep,,,UTC-0300,,487mnSNu6t,com.sec.android.app.shealth,,Sleep.Goal,2024-10-27 02:59:59.999,1e4046a8-81f2-4e95-bf8c-bcd38e65392f,
1,2024-11-05 03:00:00.000,,,1,,2024-11-05 12:21:50.519,2024-11-05 12:21:50.519,,sleep_excellent_sleep,,,UTC-0300,,487mnSNu6t,com.sec.android.app.shealth,,Sleep.Goal,2024-11-06 02:59:59.999,df58383d-33d7-4d16-8aa5-67731d0c1e1a,
1,2024-11-07 03:00:00.000,,,1,,2024-11-07 18:08:20.848,2024-11-07 18:08:20.848,,sleep_excellent_sleep,,,UTC-0300,,487mnSNu6t,com.sec.android.app.shealth,,Sleep.Goal,2024-11-08 02:59:59.999,0e1a587e-49c5-4f91-89ce-d36ebc73c072,
1,2024-11-08 03:00:00.000,,,1,,2024-11-08 10:30:10.489,2024-11-08 10:30:10.489,,sleep_excellent_sleep,,,UTC-0300,,487mnSNu6t,com.sec.android.app.shealth,,Sleep.Goal,2024-11-09 02:59:59.999,0b31a687-b3c1-4f09-8183-f59cf3c75c4a,
1,2024-11-11 03:00:00.000,,,1,,2024-11-11 10:55:39.417,2024-11-11 10:55:39.417,,sleep_excellent_sleep,,,UTC-0300,,487mnSNu6t,com.sec.android.app.shealth,,Sleep.Goal,2024-11-12 02:59:59.999,49e42e3c-9d7b-4b2f-b933-5b00b47a2d14,
1,2024-11-14 03:00:00.000,,,1,,2024-11-14 11:47:35.877,2024-11-14 11:47:35.877,,sleep_excellent_sleep,,,UTC-0300,,487mnSNu6t,com.sec.android.app.shealth,,Sleep.Goal,2024-11-15 02:59:59.999,cd435ef7-4e95-40ee-b17c-b832bc555a00,
1,2024-11-19 03:00:00.000,,,1,,2024-11-19 12:05:23.404,2024-11-19 12:05:23.404,,sleep_excellent_sleep,,,UTC-0300,,487mnSNu6t,com.sec.android.app.shealth,,Sleep.Goal,2024-11-20 02:59:59.999,01ea68ba-f6f2-4605-b8ec-23df7a4ca4aa,
1,2024-11-22 03:00:00.000,,,1,,2024-11-22 11:45:10.202,2024-11-22 11:45:10.202,,sleep_excellent_sleep,,,UTC-0300,,487mnSNu6t,com.sec.android.app.shealth,,Sleep.Goal,2024-11-23 02:59:59.999,3764c38b-80ba-4a59-b3e3-f4fa91db5421,
1,2024-11-23 03:00:00.000,,,1,,2024-11-23 13:48:50.295,2024-11-23 13:48:50.295,,sleep_excellent_sleep,,,UTC-0300,,487mnSNu6t,com.sec.android.app.shealth,,Sleep.Goal,2024-11-24 02:59:59.999,05566d0a-0589-453c-b249-3765d71f49aa,
1,2024-11-29 11:59:41.199,,,2,,2024-11-29 11:59:41.895,2024-11-29 11:59:41.895,,weight_1_month_streak,,,UTC-0300,,hriiVjEkYE,com.sec.android.app.shealth,,tracker.weight,2024-11-29 11:59:41.199,b1ecf887-6114-46ae-93be-798653b3a664,
1,2024-12-04 03:00:00.000,,,1,,2024-12-04 10:19:14.169,2024-12-04 10:19:14.169,,sleep_excellent_sleep,,,UTC-0300,,487mnSNu6t,com.sec.android.app.shealth,,Sleep.Goal,2024-12-05 02:59:59.999,71c166b0-f627-4587-92f5-5b60eee16fad,
1,2024-12-05 03:00:00.000,,,1,,2024-12-06 16:28:27.619,2024-12-06 16:28:27.619,,sleep_excellent_sleep,,,UTC-0300,,487mnSNu6t,com.sec.android.app.shealth,,Sleep.Goal,2024-12-06 02:59:59.999,b7bb44df-b44e-43bc-bfaf-b4d4863f83a3,
1,2024-12-09 03:00:00.000,,,1,,2024-12-09 10:45:19.920,2024-12-09 10:45:19.920,,sleep_excellent_sleep,,,UTC-0300,,487mnSNu6t,com.sec.android.app.shealth,,Sleep.Goal,2024-12-10 02:59:59.999,9a787217-3d15-4f55-a35c-8e6f59ba6bbc,
1,2024-12-17 03:00:00.000,,,1,,2024-12-17 11:47:16.093,2024-12-17 11:47:16.093,,sleep_excellent_sleep,,,UTC-0300,,487mnSNu6t,com.sec.android.app.shealth,,Sleep.Goal,2024-12-18 02:59:59.999,0379b2e2-edc7-4043-a078-948b35e234b5,
1,2024-12-22 03:00:00.000,,,1,,2024-12-22 14:03:01.346,2024-12-22 14:03:01.346,,sleep_excellent_sleep,,,UTC-0300,,487mnSNu6t,com.sec.android.app.shealth,,Sleep.Goal,2024-12-23 02:59:59.999,35ac443d-d34b-4a84-a391-879d8a36968e,
1,2024-12-30 03:00:00.000,,,1,,2024-12-30 12:25:24.044,2024-12-30 12:25:24.044,,sleep_excellent_sleep,,,UTC-0300,,487mnSNu6t,com.sec.android.app.shealth,,Sleep.Goal,2024-12-31 02:59:59.999,4a2819b1-aaff-4fdc-9ee0-a90b70bf7f28,
1,2025-01-01 03:00:00.000,,,1,,2025-01-01 15:42:06.222,2025-01-01 15:42:06.222,,sleep_excellent_sleep,,,UTC-0300,,487mnSNu6t,com.sec.android.app.shealth,,Sleep.Goal,2025-01-02 02:59:59.999,a5f3bf1b-12b9-4631-ac84-51c538aea92d,
1,2025-01-07 03:00:00.000,,,1,,2025-01-07 11:06:56.863,2025-01-07 11:06:56.863,,sleep_excellent_sleep,,,UTC-0300,,487mnSNu6t,com.sec.android.app.shealth,,Sleep.Goal,2025-01-08 02:59:59.999,7e9d2bf3-502c-43b9-ab88-55ac8945582d,
1,2025-01-15 03:00:00.000,,,1,,2025-01-15 11:18:09.437,2025-01-15 11:18:09.437,,sleep_excellent_sleep,,,UTC-0300,,487mnSNu6t,com.sec.android.app.shealth,,Sleep.Goal,2025-01-16 02:59:59.999,65255a08-ffec-481b-add2-498fc8823b09,
1,2025-01-16 03:00:00.000,,,1,,2025-01-16 10:24:37.603,2025-01-16 10:24:37.603,,sleep_excellent_sleep,,,UTC-0300,,487mnSNu6t,com.sec.android.app.shealth,,Sleep.Goal,2025-01-17 02:59:59.999,44d79a7f-00b8-45c4-b95e-da932fdbaa30,
,2025-01-16 00:00:00.000,,,1,,2025-01-16 10:24:40.071,2025-01-16 10:24:40.071,,vitality_first_measure,,,UTC+0000,,487mnSNu6t,com.sec.android.app.shealth,,tracker.vitality,2025-01-16 00:00:00.000,68b11b9c-53ec-42f9-9519-7ebef935abc9,
,2025-01-16 00:00:00.000,,,1,,2025-01-16 10:24:40.110,2025-01-16 10:24:40.110,,vitality_good,,,UTC+0000,,487mnSNu6t,com.sec.android.app.shealth,,tracker.vitality,2025-01-16 00:00:00.000,63746e2a-4e48-48b1-a011-ddccd43458de,
1,2025-01-17 03:00:00.000,,,1,,2025-01-17 11:35:06.809,2025-01-17 11:35:06.809,,sleep_excellent_sleep,,,UTC-0300,,487mnSNu6t,com.sec.android.app.shealth,,Sleep.Goal,2025-01-18 02:59:59.999,5510567a-6b03-46f8-800c-60d14d5bbaea,
0,1970-01-01 00:00:00.000,,,0,,2025-01-24 11:37:54.922,2025-01-23 10:25:34.802,,sleep_3_days_streak,,,UTC-0300,"1737773999999,1",487mnSNu6t,com.sec.android.app.shealth,,Sleep.Goal,1970-01-01 00:00:00.000,385c4ab8-9a09-4e53-ab4d-f7bc7e18f0f9,
,2025-01-23 00:00:00.000,,,1,,2025-01-23 10:25:36.915,2025-01-23 10:25:36.915,,vitality_excellent,,,UTC+0000,,487mnSNu6t,com.sec.android.app.shealth,,tracker.vitality,2025-01-23 00:00:00.000,0e2c3e42-044f-4727-bacc-04c8f9b68c53,
1,2025-01-24 03:00:00.000,,,1,,2025-01-24 11:37:54.835,2025-01-24 11:37:54.835,,sleep_excellent_sleep,,,UTC-0300,,487mnSNu6t,com.sec.android.app.shealth,,Sleep.Goal,2025-01-25 02:59:59.999,9977db60-4c23-40a0-95e8-6030506021ad,
,2025-01-24 00:00:00.000,,,1,,2025-01-24 11:37:56.641,2025-01-24 11:37:56.641,,vitality_excellent,,,UTC+0000,,487mnSNu6t,com.sec.android.app.shealth,,tracker.vitality,2025-01-24 00:00:00.000,464d796a-1f88-40aa-b561-670c5f21a835,
1,2025-01-26 03:00:00.000,,,1,,2025-01-26 13:58:51.735,2025-01-26 13:58:51.735,,sleep_excellent_sleep,,,UTC-0300,,487mnSNu6t,com.sec.android.app.shealth,,Sleep.Goal,2025-01-27 02:59:59.999,dcde2e43-a349-4ced-a08a-a71bc97c7803,
1,2025-01-28 03:00:00.000,,,1,,2025-01-28 10:47:07.035,2025-01-28 10:47:07.035,,sleep_excellent_sleep,,,UTC-0300,,487mnSNu6t,com.sec.android.app.shealth,,Sleep.Goal,2025-01-29 02:59:59.999,b2cca849-943f-42e5-9701-9c9d462b8784,
1,2025-02-04 03:00:00.000,,,1,,2025-02-04 11:32:18.333,2025-02-04 11:32:18.333,,sleep_excellent_sleep,,,UTC-0300,,487mnSNu6t,com.sec.android.app.shealth,,Sleep.Goal,2025-02-05 02:59:59.999,e7c1203b-2a8c-4bde-b057-b19ec528bc73,
,2025-02-04 00:00:00.000,,,1,,2025-02-04 11:32:19.432,2025-02-04 11:32:19.432,,vitality_excellent,,,UTC+0000,,487mnSNu6t,com.sec.android.app.shealth,,tracker.vitality,2025-02-04 00:00:00.000,5844a1ce-2376-4a6e-882d-38cf6f21919a,
1,2025-02-07 03:00:00.000,,,1,,2025-02-07 10:32:56.516,2025-02-07 10:32:56.516,,sleep_excellent_sleep,,,UTC-0300,,487mnSNu6t,com.sec.android.app.shealth,,Sleep.Goal,2025-02-08 02:59:59.999,3dfd8e92-36f1-4d09-a49f-8b2cb7e1887a,
1,2025-02-08 03:00:00.000,,,1,,2025-02-08 11:46:27.476,2025-02-08 11:46:27.476,,sleep_excellent_sleep,,,UTC-0300,,487mnSNu6t,com.sec.android.app.shealth,,Sleep.Goal,2025-02-09 02:59:59.999,aca850dc-4d3b-4206-b732-a8320f8ce048,
,2025-02-09 00:00:00.000,,,1,,2025-02-09 15:33:25.140,2025-02-09 15:33:25.140,,vitality_excellent,,,UTC+0000,,487mnSNu6t,com.sec.android.app.shealth,,tracker.vitality,2025-02-09 00:00:00.000,feb95a22-0832-4ae4-acb4-69cf305afa23,
1,2025-02-10 03:00:00.000,,,1,,2025-02-10 11:25:44.628,2025-02-10 11:25:44.628,,sleep_excellent_sleep,,,UTC-0300,,487mnSNu6t,com.sec.android.app.shealth,,Sleep.Goal,2025-02-11 02:59:59.999,7b33089c-4328-4d06-8751-bee8e0f33753,
1,2025-02-16 03:00:00.000,,,1,,2025-02-16 13:57:12.182,2025-02-16 13:57:12.182,,sleep_excellent_sleep,,,UTC-0300,,487mnSNu6t,com.sec.android.app.shealth,,Sleep.Goal,2025-02-17 02:59:59.999,6d63ce8f-afb6-4719-a6d3-e9814361c846,
1,2025-02-20 03:00:00.000,,,1,,2025-02-20 10:25:48.997,2025-02-20 10:25:48.997,,sleep_excellent_sleep,,,UTC-0300,,487mnSNu6t,com.sec.android.app.shealth,,Sleep.Goal,2025-02-21 02:59:59.999,fa2c244e-f4ae-4e19-92e1-fa39a6a920b1,
1,2025-02-21 03:00:00.000,,,1,,2025-02-21 09:42:34.191,2025-02-21 09:42:34.191,,sleep_excellent_sleep,,,UTC-0300,,487mnSNu6t,com.sec.android.app.shealth,,Sleep.Goal,2025-02-22 02:59:59.999,0fa96b91-85f0-4b89-87e5-968ecdc24ccc,
1,2025-02-24 03:00:00.000,,,1,,2025-02-24 11:43:58.458,2025-02-24 11:43:58.458,,sleep_excellent_sleep,,,UTC-0300,,487mnSNu6t,com.sec.android.app.shealth,,Sleep.Goal,2025-02-25 02:59:59.999,c04b4b27-c64a-4d79-ad17-299165d0a685,
,2025-03-01 00:00:00.000,,,1,,2025-03-01 14:09:44.685,2025-03-01 14:09:44.685,,vitality_excellent,,,UTC+0000,,487mnSNu6t,com.sec.android.app.shealth,,tracker.vitality,2025-03-01 00:00:00.000,23d7e858-aedd-4558-a9e1-94e8218e9fc7,
1,2025-03-09 03:00:00.000,,,1,,2025-03-09 12:21:32.764,2025-03-09 12:21:32.764,,sleep_excellent_sleep,,,UTC-0300,,487mnSNu6t,com.sec.android.app.shealth,,Sleep.Goal,2025-03-10 02:59:59.999,9bcfaf42-8003-41ed-9dfe-4a4956e2e335,
1,2025-03-11 03:00:00.000,,,1,,2025-03-11 11:27:30.812,2025-03-11 11:27:30.812,,sleep_excellent_sleep,,,UTC-0300,,487mnSNu6t,com.sec.android.app.shealth,,Sleep.Goal,2025-03-12 02:59:59.999,bcb568e5-8cf2-4f34-b80d-321314570e7c,
1,2025-03-17 03:00:00.000,,,1,,2025-03-17 11:28:22.101,2025-03-17 11:28:22.101,,sleep_excellent_sleep,,,UTC-0300,,487mnSNu6t,com.sec.android.app.shealth,,Sleep.Goal,2025-03-18 02:59:59.999,e203e3d7-74a4-4366-89a9-ef307e52bd50,
1,2025-03-18 03:00:00.000,,,1,,2025-03-18 14:50:50.565,2025-03-18 14:50:50.565,,sleep_excellent_sleep,,,UTC-0300,,487mnSNu6t,com.sec.android.app.shealth,,Sleep.Goal,2025-03-19 02:59:59.999,bfbfe92e-a0b3-49bc-8e20-31e36ab5ee2e,
1,2025-03-21 03:00:00.000,,,1,,2025-03-21 10:34:07.689,2025-03-21 10:34:07.689,,sleep_excellent_sleep,,,UTC-0300,,487mnSNu6t,com.sec.android.app.shealth,,Sleep.Goal,2025-03-22 02:59:59.999,6e28757d-5e75-48c0-b70c-b5d020a17e71,
,2025-03-21 00:00:00.000,,,1,,2025-03-21 10:34:10.321,2025-03-21 10:34:10.321,,vitality_excellent,,,UTC+0000,,487mnSNu6t,com.sec.android.app.shealth,,tracker.vitality,2025-03-21 00:00:00.000,76047eca-4922-4db9-8da9-20d315c2ac54,
1,2025-03-23 03:00:00.000,,,1,,2025-03-23 14:36:29.834,2025-03-23 14:36:29.834,,sleep_excellent_sleep,,,UTC-0300,,487mnSNu6t,com.sec.android.app.shealth,,Sleep.Goal,2025-03-24 02:59:59.999,3301a799-12dc-48bb-8ba5-fefb1eb87b46,
,2025-03-23 00:00:00.000,,,1,,2025-03-23 14:36:31.661,2025-03-23 14:36:31.661,,vitality_excellent,,,UTC+0000,,487mnSNu6t,com.sec.android.app.shealth,,tracker.vitality,2025-03-23 00:00:00.000,56d07f24-fff4-4918-bac0-5fe94ab4b409,
,2025-03-25 00:00:00.000,,,1,,2025-03-25 11:53:17.527,2025-03-25 11:53:17.527,,vitality_excellent,,,UTC+0000,,487mnSNu6t,com.sec.android.app.shealth,,tracker.vitality,2025-03-25 00:00:00.000,574557a1-2b77-4ee5-a543-bb01f2f8a0ad,
,2025-03-28 00:00:00.000,,,1,,2025-03-28 10:50:08.275,2025-03-28 10:50:08.275,,vitality_excellent,,,UTC+0000,,487mnSNu6t,com.sec.android.app.shealth,,tracker.vitality,2025-03-28 00:00:00.000,669b5bf8-f476-433d-a8a8-52cfb0f8a44f,
1,2025-03-30 03:00:00.000,,,1,,2025-03-30 13:42:27.869,2025-03-30 13:42:27.869,,sleep_excellent_sleep,,,UTC-0300,,487mnSNu6t,com.sec.android.app.shealth,,Sleep.Goal,2025-03-31 02:59:59.999,afba4cf3-0ab9-44e5-8856-ef6ab187e832,
,2025-03-31 00:00:00.000,,,1,,2025-03-31 11:22:33.387,2025-03-31 11:22:33.387,,vitality_excellent,,,UTC+0000,,487mnSNu6t,com.sec.android.app.shealth,,tracker.vitality,2025-03-31 00:00:00.000,306a0e86-a967-4a4d-9757-bc38c821f76b,
1,2025-04-04 03:00:00.000,,,1,,2025-04-04 11:48:33.634,2025-04-04 11:48:33.634,,sleep_excellent_sleep,,,UTC-0300,,487mnSNu6t,com.sec.android.app.shealth,,Sleep.Goal,2025-04-05 02:59:59.999,e8161749-ddf2-4ba3-86bf-0228dd2dc087,
1,2025-04-06 03:00:00.000,,,1,,2025-04-06 13:33:22.889,2025-04-06 13:33:22.889,,sleep_excellent_sleep,,,UTC-0300,,487mnSNu6t,com.sec.android.app.shealth,,Sleep.Goal,2025-04-07 02:59:59.999,d0fe379a-f72b-4b0e-8d7f-059b7f55a6b5,
1,2025-04-08 03:00:00.000,,,1,,2025-04-08 11:30:25.287,2025-04-08 11:30:25.287,,sleep_excellent_sleep,,,UTC-0300,,487mnSNu6t,com.sec.android.app.shealth,,Sleep.Goal,2025-04-09 02:59:59.999,0bf17e53-2acb-4f8a-935e-5b8748597dad,
1,2025-04-09 03:00:00.000,,,1,,2025-04-09 10:28:03.294,2025-04-09 10:28:03.294,,sleep_excellent_sleep,,,UTC-0300,,487mnSNu6t,com.sec.android.app.shealth,,Sleep.Goal,2025-04-10 02:59:59.999,00763dac-61b4-47e1-b231-109a2591f8a7,
,2025-04-12 00:00:00.000,,,1,,2025-04-12 14:43:37.331,2025-04-12 14:43:37.331,,vitality_excellent,,,UTC+0000,,487mnSNu6t,com.sec.android.app.shealth,,tracker.vitality,2025-04-12 00:00:00.000,64849c82-7df8-4d30-a0db-f9f880b8d17a,
1,2025-04-13 03:00:00.000,,,1,,2025-04-14 03:16:45.035,2025-04-14 03:16:45.035,,sleep_excellent_sleep,,,UTC-0300,,487mnSNu6t,com.sec.android.app.shealth,,Sleep.Goal,2025-04-14 02:59:59.999,4d82a5bc-ba1f-4ad1-addf-53aeeba1cc1a,
,2025-04-13 00:00:00.000,,,1,,2025-04-14 03:16:47.087,2025-04-14 03:16:47.087,,vitality_excellent,,,UTC+0000,,487mnSNu6t,com.sec.android.app.shealth,,tracker.vitality,2025-04-13 00:00:00.000,73e2d989-4093-4c54-9aaf-57152f128599,
1,2025-04-15 03:00:00.000,,,1,,2025-04-15 11:45:56.735,2025-04-15 11:45:56.735,,sleep_excellent_sleep,,,UTC-0300,,487mnSNu6t,com.sec.android.app.shealth,,Sleep.Goal,2025-04-16 02:59:59.999,1da391d4-e07e-44bb-a060-9201c93b7b0a,
,2025-04-17 00:00:00.000,,,1,,2025-04-17 10:26:40.574,2025-04-17 10:26:40.574,,vitality_excellent,,,UTC+0000,,487mnSNu6t,com.sec.android.app.shealth,,tracker.vitality,2025-04-17 00:00:00.000,305b5a56-096f-4348-853b-a4e722ba87c1,
1,2025-04-21 03:00:00.000,,,1,,2025-04-21 14:23:33.877,2025-04-21 14:23:33.877,,sleep_excellent_sleep,,,UTC-0300,,487mnSNu6t,com.sec.android.app.shealth,,Sleep.Goal,2025-04-22 02:59:59.999,103f967f-bc3b-4692-b5bb-561d0971bb9d,
,2025-04-21 00:00:00.000,,,1,,2025-04-21 14:23:37.020,2025-04-21 14:23:37.020,,vitality_excellent,,,UTC+0000,,487mnSNu6t,com.sec.android.app.shealth,,tracker.vitality,2025-04-21 00:00:00.000,96a6aa4e-be49-45e5-b4e0-32c25c6e82e8,
1,2025-04-24 03:00:00.000,,,1,,2025-04-24 10:54:11.798,2025-04-24 10:54:11.798,,sleep_excellent_sleep,,,UTC-0300,,487mnSNu6t,com.sec.android.app.shealth,,Sleep.Goal,2025-04-25 02:59:59.999,32e655bc-b9ed-4526-bac7-9e555527585c,
,2025-04-24 00:00:00.000,,,1,,2025-04-24 10:54:14.596,2025-04-24 10:54:14.596,,vitality_excellent,,,UTC+0000,,487mnSNu6t,com.sec.android.app.shealth,,tracker.vitality,2025-04-24 00:00:00.000,9f7e807a-f27a-4d60-98f0-07eac7cb94e5,
,2025-04-28 00:00:00.000,,,1,,2025-04-29 01:39:57.648,2025-04-29 01:39:57.648,,vitality_excellent,,,UTC+0000,,487mnSNu6t,com.sec.android.app.shealth,,tracker.vitality,2025-04-28 00:00:00.000,bce607f5-e4fc-446d-a19a-be1937f8aa13,
1,2025-04-29 03:00:00.000,,,1,,2025-04-29 10:40:30.464,2025-04-29 10:40:30.464,,sleep_excellent_sleep,,,UTC-0300,,487mnSNu6t,com.sec.android.app.shealth,,Sleep.Goal,2025-04-30 02:59:59.999,366183f3-dde9-4f45-a1c7-c883f69829a8,
,2025-04-29 00:00:00.000,,,1,,2025-04-29 10:40:32.611,2025-04-29 10:40:32.611,,vitality_excellent,,,UTC+0000,,487mnSNu6t,com.sec.android.app.shealth,,tracker.vitality,2025-04-29 00:00:00.000,e8ccf3ed-a4e2-4d68-96c8-e99ea80f6710,
1,2025-04-30 03:00:00.000,,,1,,2025-04-30 11:01:39.992,2025-04-30 11:01:39.992,,sleep_excellent_sleep,,,UTC-0300,,487mnSNu6t,com.sec.android.app.shealth,,Sleep.Goal,2025-05-01 02:59:59.999,d888b176-7943-455e-b732-af39326379c9,
1,2025-05-02 03:00:00.000,,,1,,2025-05-02 14:26:05.773,2025-05-02 14:26:05.773,,sleep_excellent_sleep,,,UTC-0300,,487mnSNu6t,com.sec.android.app.shealth,,Sleep.Goal,2025-05-03 02:59:59.999,7f2d7022-77be-4980-acfc-da3433851c14,
1,2025-05-07 03:00:00.000,,,1,,2025-05-07 14:09:06.133,2025-05-07 14:09:06.133,,sleep_excellent_sleep,,,UTC-0300,,487mnSNu6t,com.sec.android.app.shealth,,Sleep.Goal,2025-05-08 02:59:59.999,de770db9-3997-4824-9016-c7c4587948d5,
1,2025-05-17 03:00:00.000,,,1,,2025-05-17 13:13:22.477,2025-05-17 13:13:22.477,,sleep_excellent_sleep,,,UTC-0300,,487mnSNu6t,com.sec.android.app.shealth,,Sleep.Goal,2025-05-18 02:59:59.999,38cddaa1-5eda-47fe-838a-f2f9d02ff0f2,
1,2025-05-18 03:00:00.000,,,1,,2025-05-18 14:15:13.377,2025-05-18 14:15:13.377,,sleep_excellent_sleep,,,UTC-0300,,487mnSNu6t,com.sec.android.app.shealth,,Sleep.Goal,2025-05-19 02:59:59.999,59b5ff6e-ab98-4dcf-98f2-d797a4b749ec,
,2025-05-18 00:00:00.000,,,1,,2025-05-18 14:15:18.776,2025-05-18 14:15:18.776,,vitality_excellent,,,UTC+0000,,487mnSNu6t,com.sec.android.app.shealth,,tracker.vitality,2025-05-18 00:00:00.000,59b74492-5ce1-48cd-9c2a-69188dc80c38,
1,2025-05-20 03:00:00.000,,,1,,2025-05-20 13:30:07.964,2025-05-20 13:30:07.964,,sleep_excellent_sleep,,,UTC-0300,,487mnSNu6t,com.sec.android.app.shealth,,Sleep.Goal,2025-05-21 02:59:59.999,23c01212-ec61-4dce-88c5-2cd4926a71b1,
,2025-05-20 00:00:00.000,,,1,,2025-05-20 13:30:10.628,2025-05-20 13:30:10.628,,vitality_excellent,,,UTC+0000,,487mnSNu6t,com.sec.android.app.shealth,,tracker.vitality,2025-05-20 00:00:00.000,eb8fdecb-4c32-46a3-9094-770494f6fdeb,
1,2025-05-29 03:00:00.000,,,1,,2025-05-29 10:13:40.057,2025-05-29 10:13:40.057,,sleep_excellent_sleep,,,UTC-0300,,487mnSNu6t,com.sec.android.app.shealth,,Sleep.Goal,2025-05-30 02:59:59.999,e8a975ab-c637-4f53-8f48-7cb85efcf714,
1,2025-06-03 03:00:00.000,,,1,,2025-06-03 11:49:35.714,2025-06-03 11:49:35.714,,sleep_excellent_sleep,,,UTC-0300,,487mnSNu6t,com.sec.android.app.shealth,,Sleep.Goal,2025-06-04 02:59:59.999,15649ed5-78bc-4791-97dd-84520af13c16,
4,2025-06-03 20:24:19.292,,,1,,2025-06-26 23:59:11.775,2025-06-04 00:30:50.947,,exercise_one_month_streak,,,UTC+0000,,487mnSNu6t,com.sec.android.app.shealth,a67d42c1-b0b6-4eaa-b0b1-a50dfae0ade1,tracker.exercise,2025-06-26 20:20:16.468,efdc2ca8-9c8d-4c0d-9d17-c9ce37cb5e9e,
1,2025-06-17 03:00:00.000,,,1,,2025-06-17 10:36:01.662,2025-06-17 10:36:01.662,,sleep_excellent_sleep,,,UTC-0300,,487mnSNu6t,com.sec.android.app.shealth,,Sleep.Goal,2025-06-18 02:59:59.999,2dba6cf4-88a5-4a17-b9ae-71aa547c4973,
1,2025-06-19 03:00:00.000,,,1,,2025-06-19 13:51:38.602,2025-06-19 13:51:38.602,,sleep_excellent_sleep,,,UTC-0300,,487mnSNu6t,com.sec.android.app.shealth,,Sleep.Goal,2025-06-20 02:59:59.999,fb48fa4e-ea3e-4d8b-87fc-74616dbd0df6,
,2025-06-20 00:00:00.000,,,1,,2025-06-20 10:52:48.193,2025-06-20 10:52:48.193,,vitality_excellent,,,UTC+0000,,487mnSNu6t,com.sec.android.app.shealth,,tracker.vitality,2025-06-20 00:00:00.000,a41f0225-fa27-4800-8277-1e88371e1877,
1,2025-06-22 03:00:00.000,,,1,,2025-06-22 14:23:23.153,2025-06-22 14:23:23.153,,sleep_excellent_sleep,,,UTC-0300,,487mnSNu6t,com.sec.android.app.shealth,,Sleep.Goal,2025-06-23 02:59:59.999,a17bcdc8-68cf-4ab3-a00e-fa55573499ef,
,2025-06-22 00:00:00.000,,,1,,2025-06-22 14:23:26.725,2025-06-22 14:23:26.725,,vitality_excellent,,,UTC+0000,,487mnSNu6t,com.sec.android.app.shealth,,tracker.vitality,2025-06-22 00:00:00.000,fc8b5569-f9f4-4da0-87bd-25b4caa18e14,
1,2025-06-23 03:00:00.000,,,1,,2025-06-23 11:08:33.856,2025-06-23 11:08:33.856,,sleep_excellent_sleep,,,UTC-0300,,487mnSNu6t,com.sec.android.app.shealth,,Sleep.Goal,2025-06-24 02:59:59.999,f0444093-ef07-4582-b9bd-7e1314e2c436,
1,2025-06-24 03:00:00.000,,,1,,2025-06-24 11:41:58.362,2025-06-24 11:41:58.362,,sleep_excellent_sleep,,,UTC-0300,,487mnSNu6t,com.sec.android.app.shealth,,Sleep.Goal,2025-06-25 02:59:59.999,c3a5e415-87ac-4a34-86ee-14f17d9ac973,
12,2025-06-03 20:24:19.292,,,1,,2025-08-23 21:55:19.721,2025-06-26 23:59:11.810,,exercise_three_month_streak,,,UTC+0000,,487mnSNu6t,com.sec.android.app.shealth,bc0ed17f-ee9c-4efb-a84d-9b94e3a1582e,tracker.exercise,2025-08-23 17:32:23.755,2501f778-4e82-486a-97f0-54958d083bbc,
1,2025-06-27 03:00:00.000,,,1,,2025-06-27 12:03:35.372,2025-06-27 12:03:35.372,,sleep_excellent_sleep,,,UTC-0300,,487mnSNu6t,com.sec.android.app.shealth,,Sleep.Goal,2025-06-28 02:59:59.999,f712f2ae-6984-4f95-9a96-32f4e2cea646,
1,2025-06-28 03:00:00.000,,,1,,2025-06-28 13:39:29.297,2025-06-28 13:39:29.297,,sleep_excellent_sleep,,,UTC-0300,,487mnSNu6t,com.sec.android.app.shealth,,Sleep.Goal,2025-06-29 02:59:59.999,cbe8d5fb-ad35-4c27-bde6-c2141640293d,
,2025-07-04 00:00:00.000,,,1,,2025-07-04 10:50:38.658,2025-07-04 10:50:38.658,,vitality_excellent,,,UTC+0000,,487mnSNu6t,com.sec.android.app.shealth,,tracker.vitality,2025-07-04 00:00:00.000,0752b080-d8a2-4e6e-99ac-f4f646862c53,
,2025-07-13 00:00:00.000,,,1,,2025-07-13 14:33:04.331,2025-07-13 14:33:04.331,,vitality_excellent,,,UTC+0000,,487mnSNu6t,com.sec.android.app.shealth,,tracker.vitality,2025-07-13 00:00:00.000,9acbc2e9-b857-4a51-bdce-cf033efe25b6,
,2025-07-14 00:00:00.000,,,1,,2025-07-14 11:28:56.346,2025-07-14 11:28:56.346,,vitality_excellent,,,UTC+0000,,487mnSNu6t,com.sec.android.app.shealth,,tracker.vitality,2025-07-14 00:00:00.000,3d07df1b-cf82-446b-ad88-0332ca3043e5,
1,2025-07-19 03:00:00.000,,,1,,2025-07-19 13:18:52.407,2025-07-19 13:18:52.407,,sleep_excellent_sleep,,,UTC-0300,,487mnSNu6t,com.sec.android.app.shealth,,Sleep.Goal,2025-07-20 02:59:59.999,f058826b-25c3-4a7d-8398-331c77ef0c33,
,2025-07-21 00:00:00.000,,,1,,2025-07-21 10:49:24.026,2025-07-21 10:49:24.026,,vitality_excellent,,,UTC+0000,,487mnSNu6t,com.sec.android.app.shealth,,tracker.vitality,2025-07-21 00:00:00.000,62734e9c-1da7-4842-a311-07a8e15d0f3c,
1,2025-07-22 03:00:00.000,,,1,,2025-07-22 12:00:35.777,2025-07-22 12:00:35.777,,sleep_excellent_sleep,,,UTC-0300,,487mnSNu6t,com.sec.android.app.shealth,,Sleep.Goal,2025-07-23 02:59:59.999,9dbfbbdb-9008-4cb3-90d6-a480d8baec2c,
1,2025-07-24 03:00:00.000,,,1,,2025-07-24 10:35:36.100,2025-07-24 10:35:36.100,,sleep_excellent_sleep,,,UTC-0300,,487mnSNu6t,com.sec.android.app.shealth,,Sleep.Goal,2025-07-25 02:59:59.999,0dc3f12b-7e78-4569-a22b-006afea05d8d,
,2025-07-25 00:00:00.000,,,1,,2025-07-25 10:38:55.469,2025-07-25 10:38:55.469,,vitality_excellent,,,UTC+0000,,487mnSNu6t,com.sec.android.app.shealth,,tracker.vitality,2025-07-25 00:00:00.000,cc0ef966-2e9b-489a-85cc-bd234bee0220,
1,2025-08-09 03:00:00.000,,,1,,2025-08-09 13:23:28.960,2025-08-09 13:23:28.960,,sleep_excellent_sleep,,,UTC-0300,,487mnSNu6t,com.sec.android.app.shealth,,Sleep.Goal,2025-08-10 02:59:59.999,5e30bc90-893f-4549-8c8d-096061745374,
1,2025-08-16 03:00:00.000,,,1,,2025-08-16 13:10:59.926,2025-08-16 13:10:59.926,,sleep_excellent_sleep,,,UTC-0300,,487mnSNu6t,com.sec.android.app.shealth,,Sleep.Goal,2025-08-17 02:59:59.999,241aada8-75cd-4a9e-b303-9a10da1dbfb1,
,2025-08-19 00:00:00.000,,,1,,2025-08-19 10:01:05.180,2025-08-19 10:01:05.180,,vitality_excellent,,,UTC+0000,,487mnSNu6t,com.sec.android.app.shealth,,tracker.vitality,2025-08-19 00:00:00.000,9c4fb3fa-fcf7-410c-9cd1-72a3bde3b50a,
1,2025-08-20 03:00:00.000,,,1,,2025-08-20 10:38:15.867,2025-08-20 10:38:15.867,,sleep_excellent_sleep,,,UTC-0300,,487mnSNu6t,com.sec.android.app.shealth,,Sleep.Goal,2025-08-21 02:59:59.999,bf1d9b3b-56ad-455e-96e0-db7b740a0163,
,2025-08-20 00:00:00.000,,,1,,2025-08-20 10:38:18.155,2025-08-20 10:38:18.155,,vitality_excellent,,,UTC+0000,,487mnSNu6t,com.sec.android.app.shealth,,tracker.vitality,2025-08-20 00:00:00.000,9d237380-19da-402a-8610-0e7aad1f7a89,
1,2025-08-22 03:00:00.000,,,1,,2025-08-22 12:22:12.858,2025-08-22 12:22:12.858,,sleep_excellent_sleep,,,UTC-0300,,487mnSNu6t,com.sec.android.app.shealth,,Sleep.Goal,2025-08-23 02:59:59.999,48ea7700-42c7-4d3e-8d64-499f1582c7d2,
,2025-08-22 00:00:00.000,,,1,,2025-08-22 12:22:14.988,2025-08-22 12:22:14.988,,vitality_excellent,,,UTC+0000,,487mnSNu6t,com.sec.android.app.shealth,,tracker.vitality,2025-08-22 00:00:00.000,9976ef01-89c4-4a12-87da-973ade27bc59,
11,2026-07-06 19:18:26.526,,,2,,2026-09-18 16:23:34.272,2025-08-23 21:55:19.732,,exercise_six_month_streak,,,UTC+0000,,487mnSNu6t,com.sec.android.app.shealth,c14a4735-471f-40bc-89ea-a6c3e4d3b51d,tracker.exercise,2026-09-14 21:08:30.551,452af019-1b0b-4b24-8264-b468318902bd,
1,2025-08-25 03:00:00.000,,,1,,2025-08-25 11:51:38.747,2025-08-25 11:51:38.747,,sleep_excellent_sleep,,,UTC-0300,,487mnSNu6t,com.sec.android.app.shealth,,Sleep.Goal,2025-08-26 02:59:59.999,59b92046-ff3e-4dda-a614-6d9b14c5e1f1,
1,2025-09-07 03:00:00.000,,,1,,2025-09-07 13:16:18.251,2025-09-07 13:16:18.251,,sleep_excellent_sleep,,,UTC-0300,,487mnSNu6t,com.sec.android.app.shealth,,Sleep.Goal,2025-09-08 02:59:59.999,0aae75cb-2a07-46c7-85d0-6fee182f8b8f,
1,2025-09-13 03:00:00.000,,,1,,2025-09-13 13:31:30.119,2025-09-13 13:31:30.119,,sleep_excellent_sleep,,,UTC-0300,,487mnSNu6t,com.sec.android.app.shealth,,Sleep.Goal,2025-09-14 02:59:59.999,e5f03f08-8431-48da-b41c-810cee14ef28,
1,2025-09-14 03:00:00.000,,,1,,2025-09-14 14:09:05.824,2025-09-14 14:09:05.824,,sleep_excellent_sleep,,,UTC-0300,,487mnSNu6t,com.sec.android.app.shealth,,Sleep.Goal,2025-09-15 02:59:59.999,921f4b95-3287-4587-98e9-ddc8ed855fcf,
1,2025-09-15 03:00:00.000,,,1,,2025-09-15 11:35:06.589,2025-09-15 11:35:06.589,,sleep_excellent_sleep,,,UTC-0300,,487mnSNu6t,com.sec.android.app.shealth,,Sleep.Goal,2025-09-16 02:59:59.999,b3d5963d-1965-4194-b821-0347e0e2f351,
,2025-09-15 00:00:00.000,,,1,,2025-09-15 11:35:08.835,2025-09-15 11:35:08.835,,vitality_excellent,,,UTC+0000,,487mnSNu6t,com.sec.android.app.shealth,,tracker.vitality,2025-09-15 00:00:00.000,099c27ac-afdc-4e04-b0f0-69009fc77748,
1,2025-09-18 03:00:00.000,,,1,,2025-09-18 10:31:44.756,2025-09-18 10:31:44.756,,sleep_excellent_sleep,,,UTC-0300,,487mnSNu6t,com.sec.android.app.shealth,,Sleep.Goal,2025-09-19 02:59:59.999,583d4901-d262-4aab-8a1a-2880b4924c55,
1,2025-09-23 03:00:00.000,,,1,,2025-09-23 10:06:08.781,2025-09-23 10:06:08.781,,sleep_excellent_sleep,,,UTC-0300,,487mnSNu6t,com.sec.android.app.shealth,,Sleep.Goal,2025-09-24 02:59:59.999,05f36403-f18f-4dcd-882d-12d46c3443bd,
1,2025-09-25 03:00:00.000,,,1,,2025-09-25 10:44:18.745,2025-09-25 10:44:18.745,,sleep_excellent_sleep,,,UTC-0300,,487mnSNu6t,com.sec.android.app.shealth,,Sleep.Goal,2025-09-26 02:59:59.999,0b442e5c-c4f0-4086-b1f4-f7b6bd2663d4,
,2025-09-25 00:00:00.000,,,1,,2025-09-25 10:44:21.018,2025-09-25 10:44:21.018,,vitality_excellent,,,UTC+0000,,487mnSNu6t,com.sec.android.app.shealth,,tracker.vitality,2025-09-25 00:00:00.000,818ddbfb-1a04-4f1c-97cd-79446082f5dd,
1,2025-09-26 03:00:00.000,,,1,,2025-09-26 10:22:08.111,2025-09-26 10:22:08.111,,sleep_excellent_sleep,,,UTC-0300,,487mnSNu6t,com.sec.android.app.shealth,,Sleep.Goal,2025-09-27 02:59:59.999,e2ba9e93-3d8a-44ce-a0f9-2f3825b9c2f5,
,2025-09-30 00:00:00.000,,,1,,2025-09-30 09:47:02.741,2025-09-30 09:47:02.741,,vitality_excellent,,,UTC+0000,,487mnSNu6t,com.sec.android.app.shealth,,tracker.vitality,2025-09-30 00:00:00.000,b0ebb5e4-6a86-47a0-afab-a750603f8cdc,
1,2025-09-30 03:00:00.000,,,1,,2025-09-30 11:45:22.297,2025-09-30 11:45:22.297,,sleep_excellent_sleep,,,UTC-0300,,487mnSNu6t,com.sec.android.app.shealth,,Sleep.Goal,2025-10-01 02:59:59.999,23659b77-36cc-4940-939e-7733fb561a77,
1,2025-10-01 03:00:00.000,,,1,,2025-10-01 10:40:56.989,2025-10-01 10:40:56.989,,sleep_excellent_sleep,,,UTC-0300,,487mnSNu6t,com.sec.android.app.shealth,,Sleep.Goal,2025-10-02 02:59:59.999,9550f39a-804d-4181-b493-3ad718465381,
1,2025-10-05 03:00:00.000,,,1,,2025-10-05 13:58:22.977,2025-10-05 13:58:22.977,,sleep_excellent_sleep,,,UTC-0300,,487mnSNu6t,com.sec.android.app.shealth,,Sleep.Goal,2025-10-06 02:59:59.999,e17bf59b-84d5-4c64-9719-64182788705b,
1,2025-10-06 03:00:00.000,,,1,,2025-10-06 11:29:57.580,2025-10-06 11:29:57.580,,sleep_excellent_sleep,,,UTC-0300,,487mnSNu6t,com.sec.android.app.shealth,,Sleep.Goal,2025-10-07 02:59:59.999,cede4bc8-65b0-4566-adf8-3c0c7c0b14bb,
1,2025-10-07 03:00:00.000,,,1,,2025-10-07 10:05:03.712,2025-10-07 10:05:03.712,,sleep_excellent_sleep,,,UTC-0300,,487mnSNu6t,com.sec.android.app.shealth,,Sleep.Goal,2025-10-08 02:59:59.999,7ee162cf-b2ee-41db-b9e4-3af457954ead,
,2025-10-09 00:00:00.000,,,1,,2025-10-09 10:34:31.646,2025-10-09 10:34:31.646,,vitality_excellent,,,UTC+0000,,487mnSNu6t,com.sec.android.app.shealth,,tracker.vitality,2025-10-09 00:00:00.000,04d1556c-76be-4d75-b51a-230fc897ecdc,
1,2025-10-10 03:00:00.000,,,1,,2025-10-10 10:48:15.020,2025-10-10 10:48:15.020,,sleep_excellent_sleep,,,UTC-0300,,487mnSNu6t,com.sec.android.app.shealth,,Sleep.Goal,2025-10-11 02:59:59.999,112dc0aa-e8cd-4d3b-b588-9f7b7f647ee9,
1,2025-10-13 03:00:00.000,,,1,,2025-10-14 11:21:10.124,2025-10-14 11:21:10.124,,sleep_excellent_sleep,,,UTC-0300,,487mnSNu6t,com.sec.android.app.shealth,,Sleep.Goal,2025-10-14 02:59:59.999,fb750a5f-b087-4136-82ee-f6dce540425a,
1,2025-10-16 03:00:00.000,,,1,,2025-10-16 10:19:45.260,2025-10-16 10:19:45.260,,sleep_excellent_sleep,,,UTC-0300,,487mnSNu6t,com.sec.android.app.shealth,,Sleep.Goal,2025-10-17 02:59:59.999,28310c82-60ba-44c6-8c32-1d23211bef1c,
1,2025-10-19 03:00:00.000,,,1,,2025-10-19 13:42:57.434,2025-10-19 13:42:57.434,,sleep_excellent_sleep,,,UTC-0300,,487mnSNu6t,com.sec.android.app.shealth,,Sleep.Goal,2025-10-20 02:59:59.999,3d0f81bd-6058-4119-8c98-035c3a843643,
1,2025-10-22 03:00:00.000,,,1,,2025-10-22 13:59:19.984,2025-10-22 13:59:19.984,,sleep_excellent_sleep,,,UTC-0300,,487mnSNu6t,com.sec.android.app.shealth,,Sleep.Goal,2025-10-23 02:59:59.999,cb5d4f22-0a47-4d5d-a53b-b718f5799d67,
1,2025-10-23 03:00:00.000,,,1,,2025-10-23 13:52:18.281,2025-10-23 13:52:18.281,,sleep_excellent_sleep,,,UTC-0300,,487mnSNu6t,com.sec.android.app.shealth,,Sleep.Goal,2025-10-24 02:59:59.999,f077769b-fd89-474f-9069-1b8ce28b4a18,
1,2025-10-25 03:00:00.000,,,1,,2025-10-25 13:45:34.397,2025-10-25 13:45:34.397,,sleep_excellent_sleep,,,UTC-0300,,487mnSNu6t,com.sec.android.app.shealth,,Sleep.Goal,2025-10-26 02:59:59.999,51335072-0e8c-4eac-aae6-67b3878d2812,
1,2025-10-29 03:00:00.000,,,1,,2025-10-29 09:56:58.906,2025-10-29 09:56:58.906,,sleep_excellent_sleep,,,UTC-0300,,487mnSNu6t,com.sec.android.app.shealth,,Sleep.Goal,2025-10-30 02:59:59.999,65c33701-1d39-4a9e-ac79-43c5b9fa6a98,
,2025-10-29 00:00:00.000,,,1,,2025-10-29 09:57:00.805,2025-10-29 09:57:00.805,,vitality_excellent,,,UTC+0000,,487mnSNu6t,com.sec.android.app.shealth,,tracker.vitality,2025-10-29 00:00:00.000,f703ad40-6a89-4606-8563-d290a3baaeaf,
1,2025-11-01 03:00:00.000,,,1,,2025-11-01 13:02:22.775,2025-11-01 13:02:22.775,,sleep_excellent_sleep,,,UTC-0300,,487mnSNu6t,com.sec.android.app.shealth,,Sleep.Goal,2025-11-02 02:59:59.999,e2cd9201-7e59-4660-a017-422cf4c0bbb4,
1,2025-11-06 03:00:00.000,,,1,,2025-11-06 10:31:32.331,2025-11-06 10:31:32.331,,sleep_excellent_sleep,,,UTC-0300,,487mnSNu6t,com.sec.android.app.shealth,,Sleep.Goal,2025-11-07 02:59:59.999,a60fe4ea-37a9-42b4-af47-738509bc9ba6,
1,2025-11-12 03:00:00.000,,,1,,2025-11-12 11:58:05.472,2025-11-12 11:58:05.472,,sleep_excellent_sleep,,,UTC-0300,,487mnSNu6t,com.sec.android.app.shealth,,Sleep.Goal,2025-11-13 02:59:59.999,8ef720ac-22b8-441f-9bed-e9d183349290,
,2025-11-14 00:00:00.000,,,1,,2025-11-14 10:48:46.438,2025-11-14 10:48:46.438,,vitality_excellent,,,UTC+0000,,487mnSNu6t,com.sec.android.app.shealth,,tracker.vitality,2025-11-14 00:00:00.000,1fffef9d-2514-4564-b4d3-703086e29e77,
1,2025-11-23 03:00:00.000,,,1,,2025-11-23 14:33:07.959,2025-11-23 14:33:07.959,,sleep_excellent_sleep,,,UTC-0300,,487mnSNu6t,com.sec.android.app.shealth,,Sleep.Goal,2025-11-24 02:59:59.999,42cb777a-10d0-41a0-b49c-06d982c7c602,
1,2025-11-25 03:00:00.000,,,1,,2025-11-25 10:21:58.292,2025-11-25 10:21:58.292,,sleep_excellent_sleep,,,UTC-0300,,487mnSNu6t,com.sec.android.app.shealth,,Sleep.Goal,2025-11-26 02:59:59.999,79ddccd6-0821-4174-bdc2-efae6576f425,
,2025-11-25 00:00:00.000,,,1,,2025-11-25 10:22:00.128,2025-11-25 10:22:00.128,,vitality_excellent,,,UTC+0000,,487mnSNu6t,com.sec.android.app.shealth,,tracker.vitality,2025-11-25 00:00:00.000,a424bc7f-4f35-48fd-a968-f9c5d8ee9e4f,
1,2025-11-26 03:00:00.000,,,1,,2025-11-26 11:43:24.609,2025-11-26 11:43:24.609,,sleep_excellent_sleep,,,UTC-0300,,487mnSNu6t,com.sec.android.app.shealth,,Sleep.Goal,2025-11-27 02:59:59.999,0a293ad2-5d46-4182-ace6-0fa82a832760,
,2025-11-28 00:00:00.000,,,1,,2025-11-28 10:14:32.647,2025-11-28 10:14:32.647,,vitality_excellent,,,UTC+0000,,487mnSNu6t,com.sec.android.app.shealth,,tracker.vitality,2025-11-28 00:00:00.000,cad09891-5a26-4184-8424-7658f229531f,
,2025-12-02 00:00:00.000,,,1,,2025-12-02 10:29:10.673,2025-12-02 10:29:10.673,,vitality_excellent,,,UTC+0000,,487mnSNu6t,com.sec.android.app.shealth,,tracker.vitality,2025-12-02 00:00:00.000,d8642f99-64f6-46ba-a4cd-177c1f57d53c,
1,2025-12-04 03:00:00.000,,,1,,2025-12-04 10:45:10.732,2025-12-04 10:45:10.732,,sleep_excellent_sleep,,,UTC-0300,,487mnSNu6t,com.sec.android.app.shealth,,Sleep.Goal,2025-12-05 02:59:59.999,c614fe63-060b-4806-b698-663eddaacdfb,
1,2025-12-06 03:00:00.000,,,1,,2025-12-06 13:16:24.160,2025-12-06 13:16:24.160,,sleep_excellent_sleep,,,UTC-0300,,487mnSNu6t,com.sec.android.app.shealth,,Sleep.Goal,2025-12-07 02:59:59.999,cf893369-d52b-4242-886d-75e53d3ef4ab,
1,2025-12-14 03:00:00.000,,,1,,2025-12-19 10:50:10.302,2025-12-19 10:50:10.302,,sleep_excellent_sleep,,,UTC-0300,,487mnSNu6t,com.sec.android.app.shealth,,Sleep.Goal,2025-12-15 02:59:59.999,6282c84e-5935-4b96-9881-c0126ac12a94,
,2025-12-19 00:00:00.000,,,1,,2025-12-19 10:50:18.179,2025-12-19 10:50:18.179,,vitality_excellent,,,UTC+0000,,487mnSNu6t,com.sec.android.app.shealth,,tracker.vitality,2025-12-19 00:00:00.000,915b6635-6cc5-4004-b1ed-2259858ba01e,
1,2025-12-22 03:00:00.000,,,1,,2025-12-22 11:30:36.841,2025-12-22 11:30:36.841,,sleep_excellent_sleep,,,UTC-0300,,487mnSNu6t,com.sec.android.app.shealth,,Sleep.Goal,2025-12-23 02:59:59.999,ec9d616b-faa9-44ac-a706-0ae01b7b1bd0,
1,2025-12-28 03:00:00.000,,,1,,2025-12-28 14:55:15.031,2025-12-28 14:55:15.031,,sleep_excellent_sleep,,,UTC-0300,,487mnSNu6t,com.sec.android.app.shealth,,Sleep.Goal,2025-12-29 02:59:59.999,32834465-8c56-4ae8-8135-48bd462eb8f0,
,2026-01-06 00:00:00.000,,,1,,2026-01-06 11:45:09.314,2026-01-06 11:45:09.314,,vitality_excellent,,,UTC+0000,,487mnSNu6t,com.sec.android.app.shealth,,tracker.vitality,2026-01-06 00:00:00.000,581f7716-2d87-427c-b951-ba24d32a8be5,
1,2026-01-07 03:00:00.000,,,1,,2026-01-07 11:58:00.306,2026-01-07 11:58:00.306,,sleep_excellent_sleep,,,UTC-0300,,487mnSNu6t,com.sec.android.app.shealth,,Sleep.Goal,2026-01-08 02:59:59.999,0320cfa6-57bd-4ffc-9665-4113fef7577f,
,2026-01-09 00:00:00.000,,,1,,2026-01-09 11:42:15.504,2026-01-09 11:42:15.504,,vitality_excellent,,,UTC+0000,,487mnSNu6t,com.sec.android.app.shealth,,tracker.vitality,2026-01-09 00:00:00.000,94f01d50-6973-487d-8de4-8dcfa38ab0f6,
,2026-01-14 00:00:00.000,,,1,,2026-01-14 10:32:02.716,2026-01-14 10:32:02.716,,vitality_excellent,,,UTC+0000,,487mnSNu6t,com.sec.android.app.shealth,,tracker.vitality,2026-01-14 00:00:00.000,3a04fd49-9b23-470a-9793-95f1ccb54387,
1,2026-01-16 03:00:00.000,,,1,,2026-01-16 10:34:04.029,2026-01-16 10:34:04.029,,sleep_excellent_sleep,,,UTC-0300,,487mnSNu6t,com.sec.android.app.shealth,,Sleep.Goal,2026-01-17 02:59:59.999,03b2aec9-c89a-4041-a493-c38b88c5009a,
,2026-01-19 00:00:00.000,,,1,,2026-01-19 11:43:56.863,2026-01-19 11:43:56.863,,vitality_excellent,,,UTC+0000,,487mnSNu6t,com.sec.android.app.shealth,,tracker.vitality,2026-01-19 00:00:00.000,004ece8f-4bfb-4013-8a85-af999939d639,
,2026-01-22 00:00:00.000,,,1,,2026-01-22 10:46:43.193,2026-01-22 10:46:43.193,,vitality_excellent,,,UTC+0000,,487mnSNu6t,com.sec.android.app.shealth,,tracker.vitality,2026-01-22 00:00:00.000,e1357d95-9ecd-4b62-a36c-0cc483149ee1,
1,2026-01-31 03:00:00.000,,,1,,2026-01-31 13:32:30.931,2026-01-31 13:32:30.931,,sleep_excellent_sleep,,,UTC-0300,,487mnSNu6t,com.sec.android.app.shealth,,Sleep.Goal,2026-02-01 02:59:59.999,21f6c5be-b688-42ae-8ad4-6b9bac0cd7e6,
,2026-02-02 00:00:00.000,,,1,,2026-02-02 11:53:06.829,2026-02-02 11:53:06.829,,vitality_excellent,,,UTC+0000,,487mnSNu6t,com.sec.android.app.shealth,,tracker.vitality,2026-02-02 00:00:00.000,d436f726-72c4-417b-93a5-e32dbb89e643,
1,2026-02-03 03:00:00.000,,,1,,2026-02-03 11:47:06.608,2026-02-03 11:47:06.608,,sleep_excellent_sleep,,,UTC-0300,,487mnSNu6t,com.sec.android.app.shealth,,Sleep.Goal,2026-02-04 02:59:59.999,ae3b7cee-9f3f-4242-902f-074f1e617889,
,2026-02-03 00:00:00.000,,,1,,2026-02-03 11:47:10.220,2026-02-03 11:47:10.220,,vitality_excellent,,,UTC+0000,,487mnSNu6t,com.sec.android.app.shealth,,tracker.vitality,2026-02-03 00:00:00.000,67a60c0f-de8b-4f59-b5c2-18175712a983,
,2026-02-05 00:00:00.000,,,1,,2026-02-05 10:37:46.955,2026-02-05 10:37:46.955,,vitality_excellent,,,UTC+0000,,487mnSNu6t,com.sec.android.app.shealth,,tracker.vitality,2026-02-05 00:00:00.000,cf3c8d55-9bc6-46db-864e-cb5f1c9d6abe,
1,2026-02-18 03:00:00.000,,,1,,2026-02-18 11:57:56.104,2026-02-18 11:57:56.104,,sleep_excellent_sleep,,,UTC-0300,,487mnSNu6t,com.sec.android.app.shealth,,Sleep.Goal,2026-02-19 02:59:59.999,59bb52cc-8eb1-4ff1-a052-6ff40e4a1784,
1,2026-02-21 03:00:00.000,,,1,,2026-02-21 13:41:51.200,2026-02-21 13:41:51.200,,sleep_excellent_sleep,,,UTC-0300,,487mnSNu6t,com.sec.android.app.shealth,,Sleep.Goal,2026-02-22 02:59:59.999,1b24e5b8-ccf3-4759-8689-a251fde2244c,
,2026-02-21 00:00:00.000,,,1,,2026-02-21 13:41:57.483,2026-02-21 13:41:57.483,,vitality_excellent,,,UTC+0000,,487mnSNu6t,com.sec.android.app.shealth,,tracker.vitality,2026-02-21 00:00:00.000,4b005b92-5631-4641-acd2-f5f228f05e2d,
,2026-02-24 00:00:00.000,,,1,,2026-02-24 11:08:26.506,2026-02-24 11:08:26.506,,vitality_excellent,,,UTC+0000,,487mnSNu6t,com.sec.android.app.shealth,,tracker.vitality,2026-02-24 00:00:00.000,30df34cd-bce2-4bf1-87a5-189a08d9950b,
1,2026-02-27 03:00:00.000,,,1,,2026-02-27 11:04:32.017,2026-02-27 11:04:32.017,,sleep_excellent_sleep,,,UTC-0300,,487mnSNu6t,com.sec.android.app.shealth,,Sleep.Goal,2026-02-28 02:59:59.999,aa431998-b06a-43b3-ac55-3be224c29402,
1,2026-03-04 03:00:00.000,,,1,,2026-03-04 10:35:20.321,2026-03-04 10:35:20.321,,sleep_excellent_sleep,,,UTC-0300,,487mnSNu6t,com.sec.android.app.shealth,,Sleep.Goal,2026-03-05 02:59:59.999,25868572-fb90-48c8-b23d-201eb828110d,
1,2026-03-07 03:00:00.000,,,1,,2026-03-07 13:02:05.809,2026-03-07 13:02:05.809,,sleep_excellent_sleep,,,UTC-0300,,487mnSNu6t,com.sec.android.app.shealth,,Sleep.Goal,2026-03-08 02:59:59.999,a73cbf49-1f9a-4f8b-9bb6-7832d11f5aca,
1,2026-03-24 03:00:00.000,,,1,,2026-03-24 11:46:27.922,2026-03-24 11:46:27.922,,sleep_excellent_sleep,,,UTC-0300,,487mnSNu6t,com.sec.android.app.shealth,,Sleep.Goal,2026-03-25 02:59:59.999,79172f5b-b622-4321-8ee2-c067bd4ca33c,
1,2026-03-28 03:00:00.000,,,1,,2026-03-28 12:14:00.879,2026-03-28 12:14:00.879,,sleep_excellent_sleep,,,UTC-0300,,487mnSNu6t,com.sec.android.app.shealth,,Sleep.Goal,2026-03-29 02:59:59.999,111beb51-36dd-4c19-8cda-9ed9cd81f467,
,2026-03-28 00:00:00.000,,,1,,2026-03-28 12:14:03.046,2026-03-28 12:14:03.046,,vitality_excellent,,,UTC+0000,,487mnSNu6t,com.sec.android.app.shealth,,tracker.vitality,2026-03-28 00:00:00.000,fe4ee935-d5dd-4541-9ba7-c3b2695d4fa3,
1,2026-04-05 03:00:00.000,,,1,,2026-04-05 14:55:31.910,2026-04-05 14:55:31.910,,sleep_excellent_sleep,,,UTC-0300,,487mnSNu6t,com.sec.android.app.shealth,,Sleep.Goal,2026-04-06 02:59:59.999,8cf778ea-b9ce-49a4-890e-c989f6501ffc,
1,2026-04-12 03:00:00.000,,,1,,2026-04-12 13:48:27.075,2026-04-12 13:48:27.075,,sleep_excellent_sleep,,,UTC-0300,,487mnSNu6t,com.sec.android.app.shealth,,Sleep.Goal,2026-04-13 02:59:59.999,0d3ea8da-6191-4d39-8bff-78b247162e7d,
1,2026-04-17 03:00:00.000,,,1,,2026-04-17 10:30:48.035,2026-04-17 10:30:48.035,,sleep_excellent_sleep,,,UTC-0300,,487mnSNu6t,com.sec.android.app.shealth,,Sleep.Goal,2026-04-18 02:59:59.999,902a2935-df05-4185-b877-19887ec04874,
,2026-04-17 00:00:00.000,,,1,,2026-04-17 10:30:51.040,2026-04-17 10:30:51.040,,vitality_excellent,,,UTC+0000,,487mnSNu6t,com.sec.android.app.shealth,,tracker.vitality,2026-04-17 00:00:00.000,c6bdf636-ab25-4699-8580-d04a951b4386,
,2026-04-20 00:00:00.000,,,1,,2026-04-20 11:33:38.489,2026-04-20 11:33:38.489,,vitality_excellent,,,UTC+0000,,487mnSNu6t,com.sec.android.app.shealth,,tracker.vitality,2026-04-20 00:00:00.000,d2314d13-ee28-4262-bb21-a5c7cd27238c,
,2026-04-21 00:00:00.000,,,1,,2026-04-23 03:26:34.324,2026-04-23 03:26:34.324,,vitality_excellent,,,UTC+0000,,487mnSNu6t,com.sec.android.app.shealth,,tracker.vitality,2026-04-21 00:00:00.000,b44e9f0c-41bd-4c29-9688-cbe88266d758,
,2026-04-23 00:00:00.000,,,1,,2026-04-23 10:38:47.474,2026-04-23 10:38:47.474,,vitality_excellent,,,UTC+0000,,487mnSNu6t,com.sec.android.app.shealth,,tracker.vitality,2026-04-23 00:00:00.000,bd36f677-2c8b-4f25-842d-dff23870d87b,
1,2026-05-14 03:00:00.000,,,1,,2026-05-14 10:30:05.687,2026-05-14 10:30:05.687,,sleep_excellent_sleep,,,UTC-0300,,487mnSNu6t,com.sec.android.app.shealth,,Sleep.Goal,2026-05-15 02:59:59.999,99043156-9f86-4dd2-8bd2-7822acc77037,
1,2026-05-24 03:00:00.000,,,1,,2026-05-24 15:12:18.053,2026-05-24 15:12:18.053,,sleep_excellent_sleep,,,UTC-0300,,487mnSNu6t,com.sec.android.app.shealth,,Sleep.Goal,2026-05-25 02:59:59.999,c7345539-eee3-472d-9844-0bbb9f00cb90,
1,2026-07-11 03:00:00.000,,,1,,2026-07-11 13:20:26.252,2026-07-11 13:20:26.252,,sleep_excellent_sleep,,,UTC-0300,,487mnSNu6t,com.sec.android.app.shealth,,Sleep.Goal,2026-07-12 02:59:59.999,f8c5540b-fbdc-409b-a616-0e56c99e6b53,
1,2026-07-19 03:00:00.000,,,1,,2026-07-19 12:27:54.160,2026-07-19 12:27:54.160,,sleep_excellent_sleep,,,UTC-0300,,487mnSNu6t,com.sec.android.app.shealth,,Sleep.Goal,2026-07-20 02:59:59.999,b48b70e5-c8ab-40bb-b6fe-97d507869c40,
1,2026-07-22 03:00:00.000,,,1,,2026-07-22 11:49:16.884,2026-07-22 11:49:16.884,,sleep_excellent_sleep,,,UTC-0300,,487mnSNu6t,com.sec.android.app.shealth,,Sleep.Goal,2026-07-23 02:59:59.999,8b7ff057-2c6c-445c-a1b5-d4b5127c8036,
1,2026-07-26 03:00:00.000,,,1,,2026-07-26 13:58:58.062,2026-07-26 13:58:58.062,,sleep_excellent_sleep,,,UTC-0300,,487mnSNu6t,com.sec.android.app.shealth,,Sleep.Goal,2026-07-27 02:59:59.999,c2328cc3-088c-4ee5-8728-35405c17e4d7,
1,2026-08-02 03:00:00.000,,,1,,2026-08-02 17:42:02.933,2026-08-02 17:42:02.933,,sleep_excellent_sleep,,,UTC-0300,,487mnSNu6t,com.sec.android.app.shealth,,Sleep.Goal,2026-08-03 02:59:59.999,3ddd291f-885b-4526-88fa-d618687e73cf,
1,2026-08-07 03:00:00.000,,,1,,2026-08-07 11:15:36.961,2026-08-07 11:15:36.961,,sleep_excellent_sleep,,,UTC-0300,,487mnSNu6t,com.sec.android.app.shealth,,Sleep.Goal,2026-08-08 02:59:59.999,1a3d577b-16a0-4545-bec8-4fdf557f6e12,
1,2026-08-08 03:00:00.000,,,1,,2026-08-08 13:30:21.357,2026-08-08 13:30:21.357,,sleep_excellent_sleep,,,UTC-0300,,487mnSNu6t,com.sec.android.app.shealth,,Sleep.Goal,2026-08-09 02:59:59.999,3a63cedf-9ec8-497d-b883-fc43679425cd,
1,2026-08-20 03:00:00.000,,,1,,2026-08-20 10:40:54.733,2026-08-20 10:40:54.733,,sleep_excellent_sleep,,,UTC-0300,,487mnSNu6t,com.sec.android.app.shealth,,Sleep.Goal,2026-08-21 02:59:59.999,7e8afc23-9da0-404f-a489-e2357cbc300a,
1,2026-08-24 03:00:00.000,,,1,,2026-08-24 10:32:43.614,2026-08-24 10:32:43.614,,sleep_excellent_sleep,,,UTC-0300,,487mnSNu6t,com.sec.android.app.shealth,,Sleep.Goal,2026-08-25 02:59:59.999,c567ab4e-3ee3-41ba-9a53-4123c3172ff7,
2,2026-09-01 00:00:00.000,,,0,,2026-09-20 19:57:41.894,2026-09-01 03:13:05.477,,daily_activity_month_streak_sep,,,UTC+0000,{"a":false},487mnSNu6t,com.sec.android.app.shealth,,tracker.daily_activity,2026-09-20 00:00:00.000,9e2b7c30-eb4a-417f-8e6f-f2fa142cf7a8,
1,2026-09-05 03:00:00.000,,,1,,2026-09-05 15:08:27.516,2026-09-05 15:08:27.516,,sleep_excellent_sleep,,,UTC-0300,,487mnSNu6t,com.sec.android.app.shealth,,Sleep.Goal,2026-09-06 02:59:59.999,bf014aff-4e20-4acb-bf98-c2b246af2af9,
1,2026-09-13 03:00:00.000,,,1,,2026-09-13 13:09:44.637,2026-09-13 13:09:44.637,,sleep_excellent_sleep,,,UTC-0300,,487mnSNu6t,com.sec.android.app.shealth,,Sleep.Goal,2026-09-14 02:59:59.999,4b98ee5b-b657-4932-a4a2-8bda93bd0d29,
,2026-09-14 00:00:00.000,,,1,,2026-09-14 10:11:03.125,2026-09-14 10:11:03.125,,vitality_excellent,,,UTC+0000,,487mnSNu6t,com.sec.android.app.shealth,,tracker.vitality,2026-09-14 00:00:00.000,1fae2910-d68d-47fe-b35f-aab57949017b,
1,2026-09-17 03:00:00.000,,,1,,2026-09-17 10:46:38.519,2026-09-17 10:46:38.519,,sleep_excellent_sleep,,,UTC-0300,,487mnSNu6t,com.sec.android.app.shealth,,Sleep.Goal,2026-09-18 02:59:59.999,1cd0f0ab-50c0-4c0c-8178-6edd1f528287,
,2026-09-17 00:00:00.000,,,1,,2026-09-17 10:46:46.830,2026-09-17 10:46:46.830,,vitality_excellent,,,UTC+0000,,487mnSNu6t,com.sec.android.app.shealth,,tracker.vitality,2026-09-17 00:00:00.000,e30df7d1-8e36-45b4-907b-62acb850076e,
1,2026-09-19 03:00:00.000,,,1,,2026-09-19 14:38:44.095,2026-09-19 14:38:44.095,,sleep_excellent_sleep,,,UTC-0300,,487mnSNu6t,com.sec.android.app.shealth,,Sleep.Goal,2026-09-20 02:59:59.999,e225a68f-c261-4e35-aa35-570bb8f2abc2,
1,2026-09-20 03:00:00.000,,,1,,2026-09-20 14:40:56.336,2026-09-20 14:40:56.336,,sleep_excellent_sleep,,,UTC-0300,,487mnSNu6t,com.sec.android.app.shealth,,Sleep.Goal,2026-09-21 02:59:59.999,702f6455-729e-4e38-8bf6-2fa3cab1804b,
