com.samsung.shealth.rewards,7006011,5
number_of_streak,start_time,exercise_type,device_type,exercise_session_id,update_time,create_time,source_pkg_name,program_id,title,time_offset,extra_data,deviceuuid,pkg_name,controller_id,end_time,datauuid,is_visible
,2023-10-21 03:00:00.000,,100003,,2024-01-12 00:57:55.605,2024-01-12 00:57:55.605,,,tracker_pedometer_reward_target_achieved,UTC-0300,"{""mTarget"":6000,""mValue"":6324}",487mnSNu6t,com.sec.android.app.shealth,tracker.pedometer,2023-10-21 03:00:00.000,b24d2fb8-3371-46e5-9e9c-cedfc15881b0,1,
,2023-10-24 03:00:00.000,,100003,,2024-01-12 00:57:55.605,2024-01-12 00:57:55.605,,,tracker_pedometer_reward_target_achieved,UTC-0300,"{""mTarget"":6000,""mValue"":6690}",487mnSNu6t,com.sec.android.app.shealth,tracker.pedometer,2023-10-24 03:00:00.000,804b2708-0851-473f-8f34-e7b0180b21eb,1,
,2023-10-30 03:00:00.000,,100003,,2024-01-12 00:57:55.605,2024-01-12 00:57:55.605,,,tracker_pedometer_reward_target_achieved,UTC-0300,"{""mTarget"":6000,""mValue"":6235}",487mnSNu6t,com.sec.android.app.shealth,tracker.pedometer,2023-10-30 03:00:00.000,ebc87f32-aace-431b-8b27-fd2aba74c0e2,1,
,2023-11-01 03:00:00.000,,100003,,2024-01-12 00:57:55.605,2024-01-12 00:57:55.605,,,tracker_pedometer_reward_target_achieved,UTC-0300,"{""mTarget"":6000,""mValue"":6528}",487mnSNu6t,com.sec.android.app.shealth,tracker.pedometer,2023-11-01 03:00:00.000,429bb806-eca7-4b04-a07c-5c34fc6167d0,1,
,2023-11-02 03:00:00.000,,100003,,2024-01-12 00:57:55.605,2024-01-12 00:57:55.605,,,tracker_pedometer_reward_target_achieved,UTC-0300,"{""mTarget"":6000,""mValue"":6054}",487mnSNu6t,com.sec.android.app.shealth,tracker.pedometer,2023-11-02 03:00:00.000,5122a7bf-d202-4464-bb89-79550da9686d,1,
,2023-11-06 03:00:00.000,,100003,,2024-01-12 00:57:55.605,2024-01-12 00:57:55.605,,,tracker_pedometer_reward_target_achieved,UTC-0300,"{""mTarget"":6000,""mValue"":6426}",487mnSNu6t,com.sec.android.app.shealth,tracker.pedometer,2023-11-06 03:00:00.000,ec59b198-7990-42ad-a325-1e79b33f205f,1,
,2023-11-07 03:00:00.000,,100003,,2024-01-12 00:57:55.605,2024-01-12 00:57:55.605,,,tracker_pedometer_reward_target_achieved,UTC-0300,"{""mTarget"":6000,""mValue"":6055}",487mnSNu6t,com.sec.android.app.shealth,tracker.pedometer,2023-11-07 03:00:00.000,80f3fe54-701a-4604-ac4b-cb2ab44ced3b,1,
,2023-11-20 03:00:00.000,,100003,,2024-01-12 00:57:55.605,2024-01-12 00:57:55.605,,,tracker_pedometer_reward_target_achieved,UTC-0300,"{""mTarget"":6000,""mValue"":6135}",487mnSNu6t,com.sec.android.app.shealth,tracker.pedometer,2023-11-20 03:00:00.000,e7591947-1411-4b4e-98ca-56765be843d7,1,
,2023-11-28 03:00:00.000,,100003,,2024-01-12 00:57:55.605,2024-01-12 00:57:55.605,,,tracker_pedometer_reward_target_achieved,UTC-0300,"{""mTarget"":6000,""mValue"":6947}",487mnSNu6t,com.sec.android.app.shealth,tracker.pedometer,2023-11-28 03:00:00.000,e8f52e7d-2a86-460a-92ee-77d69a7e3c2d,1,
,2023-12-06 03:00:00.000,,100003,,2024-01-12 00:57:55.605,2024-01-12 00:57:55.605,,,tracker_pedometer_reward_target_achieved,UTC-0300,"{""mTarget"":6000,""mValue"":7157}",487mnSNu6t,com.sec.android.app.shealth,tracker.pedometer,2023-12-06 03:00:00.000,d2ebfc3b-d797-4539-9b50-fc0a2adccd56,1,
,2023-12-08 03:00:00.000,,100003,,2024-01-12 00:57:55.605,2024-01-12 00:57:55.605,,,tracker_pedometer_reward_target_achieved,UTC-0300,"{""mTarget"":6000,""mValue"":7789}",487mnSNu6t,com.sec.android.app.shealth,tracker.pedometer,2023-12-08 03:00:00.000,2068cad8-34ed-4750-b518-261c955d9f32,1,
,2023-12-12 03:00:00.000,,100003,,2024-01-12 00:57:55.605,2024-01-12 00:57:55.605,,,tracker_pedometer_reward_target_achieved,UTC-0300,"{""mTarget"":6000,""mValue"":6294}",487mnSNu6t,com.sec.android.app.shealth,tracker.pedometer,2023-12-12 03:00:00.000,8c7c78ee-9838-473b-bc24-7d65b87ae0ee,1,
,2023-12-13 03:00:00.000,,100003,,2024-01-12 00:57:55.605,2024-01-12 00:57:55.605,,,tracker_pedometer_reward_target_achieved,UTC-0300,"{""mTarget"":6000,""mValue"":6224}",487mnSNu6t,com.sec.android.app.shealth,tracker.pedometer,2023-12-13 03:00:00.000,a0cbb829-d88c-4d6e-897d-77fcf110fc1a,1,
,2023-12-18 03:00:00.000,,100003,,2024-01-12 00:57:55.605,2024-01-12 00:57:55.605,,,tracker_pedometer_reward_target_achieved,UTC-0300,"{""mTarget"":6000,""mValue"":6895}",487mnSNu6t,com.sec.android.app.shealth,tracker.pedometer,2023-12-18 03:00:00.000,73dcffef-f89d-49da-be53-f6869c660340,1,
,2023-12-20 03:00:00.000,,100003,,2024-01-12 00:57:55.605,2024-01-12 00:57:55.605,,,tracker_pedometer_reward_target_achieved,UTC-0300,"{""mTarget"":6000,""mValue"":7679}",487mnSNu6t,com.sec.android.app.shealth,tracker.pedometer,2023-12-20 03:00:00.000,ff1aefc0-d63d-48e7-a9f0-bba421ec8fe7,1,
,2023-12-21 03:00:00.000,,100003,,2024-01-12 00:57:55.605,2024-01-12 00:57:55.605,,,tracker_pedometer_reward_target_achieved,UTC-0300,"{""mTarget"":6000,""mValue"":6837}",487mnSNu6t,com.sec.android.app.shealth,tracker.pedometer,2023-12-21 03:00:00.000,4fe2de17-fecb-4388-a849-2240e12dc3ab,1,
,2023-12-30 03:00:00.000,,100003,,2024-01-12 00:57:55.605,2024-01-12 00:57:55.605,,,tracker_pedometer_reward_target_achieved,UTC-0300,"{""mTarget"":6000,""mValue"":6888}",487mnSNu6t,com.sec.android.app.shealth,tracker.pedometer,2023-12-30 03:00:00.000,2fd62111-a2ad-4277-9694-d90fedec6332,1,
,2024-01-04 03:00:00.000,,100003,,2024-01-12 00:57:55.605,2024-01-12 00:57:55.605,,,tracker_pedometer_reward_target_achieved,UTC-0300,"{""mTarget"":6000,""mValue"":7932}",487mnSNu6t,com.sec.android.app.shealth,tracker.pedometer,2024-01-04 03:00:00.000,b98285c7-ca4d-46c4-ae60-74612209ebc6,1,
,2024-01-06 03:00:00.000,,100003,,2024-01-12 00:57:55.605,2024-01-12 00:57:55.605,,,tracker_pedometer_reward_most_walking_day,UTC-0300,"{""mTarget"":-1,""mValue"":15737}",487mnSNu6t,com.sec.android.app.shealth,tracker.pedometer,2024-01-06 03:00:00.000,1d2a2d0c-9e28-4b78-93d1-bcafc3035e78,1,
,2024-01-06 03:00:00.000,,100003,,2024-01-12 00:57:55.606,2024-01-12 00:57:55.606,,,tracker_pedometer_reward_target_achieved,UTC-0300,"{""mTarget"":6000,""mValue"":15737}",487mnSNu6t,com.sec.android.app.shealth,tracker.pedometer,2024-01-06 03:00:00.000,ccefe16e-ef13-445d-b9fa-198243fcc962,1,
,2024-01-08 03:00:00.000,,100003,,2024-01-12 00:57:55.606,2024-01-12 00:57:55.606,,,tracker_pedometer_reward_target_achieved,UTC-0300,"{""mTarget"":6000,""mValue"":9318}",487mnSNu6t,com.sec.android.app.shealth,tracker.pedometer,2024-01-08 03:00:00.000,0a8d4c5f-60a4-48dc-9e62-da6613dc27ee,1,
,2024-01-10 03:00:00.000,,100003,,2024-01-12 00:57:55.606,2024-01-12 00:57:55.606,,,tracker_pedometer_reward_target_achieved,UTC-0300,"{""mTarget"":6000,""mValue"":10006}",487mnSNu6t,com.sec.android.app.shealth,tracker.pedometer,2024-01-10 03:00:00.000,fac24011-3a89-444a-b988-d54f4d8a8a27,1,
,2024-01-11 03:00:00.000,,100003,,2024-01-12 00:57:55.606,2024-01-12 00:57:55.606,,,tracker_pedometer_reward_target_achieved,UTC-0300,"{""mTarget"":6000,""mValue"":8714}",487mnSNu6t,com.sec.android.app.shealth,tracker.pedometer,2024-01-11 03:00:00.000,78a64f68-6576-42a0-becc-e71f8e5e7476,1,
,2024-01-06 03:00:00.000,,100003,,2024-01-12 00:57:55.606,2024-01-12 00:57:55.606,,,tracker_pedometer_reward_most_walking_day,UTC-0300,"{""mTarget"":-1,""mValue"":15737}",487mnSNu6t,com.sec.android.app.shealth,tracker.pedometer,2024-01-06 03:00:00.000,f77ed3f7-43c3-4f04-8022-5eea70653a1d,1,
