com.samsung.shealth.service_preferences,7006011,1
text_value,service_id,float_value,update_time,create_time,long_value,key,tag,blob_value,int_value,deviceuuid,pkg_name,double_value,datauuid
,tracker.daily_activity,,2024-11-29 00:35:00.291,2024-07-18 01:22:56.183,1732829700281,daily_activity_all_target_achievement_time,,,,487mnSNu6t,com.sec.android.app.shealth,,b3c77e61-dc7a-4f86-ac42-0e35b438a4dd,
"{""05-measure.period"":2,""05-alert.high.enable"":0,""05-alert.low.enable"":0,""08-measure.period"":1,""10-measure.period"":1,""06-skin_temp_enable"":0,""06-snore_setting"":0,""06-snore_setting_new"":0,""37-skin_temp_enable"":0,""34-detection.workout.enable"":0,""44-age.setting.enable"":0,""08-alert.high.enable"":0}",app.settings,,2025-04-03 19:43:18.267,2024-07-19 16:18:00.308,,psm_plus_settings,,,,hriiVjEkYE,com.sec.android.app.shealth,,b17caf17-ecb2-43eb-950e-e06e11f1e624,
,app.settings,,2025-04-03 19:43:18.277,2024-07-19 16:18:00.308,,psm_plus_enable,,,0,hriiVjEkYE,com.sec.android.app.shealth,,7ecd7d90-60ac-4e17-bb9d-845eed1fa9fe,
,tracker.daily_activity,,2025-01-15 11:18:08.302,2024-07-19 16:57:55.538,1736929088291,daily_activity_yesterday_all_target_checked_time,,,,hriiVjEkYE,com.sec.android.app.shealth,,e75baa92-0821-4070-ad24-1b0140d62d4e,
,tracker.daily_activity,,2024-12-11 01:59:15.938,2024-07-20 00:37:05.244,1733871555923,daily_activity_active_calorie_target_achievement_time,,,,hriiVjEkYE,com.sec.android.app.shealth,,af439934-eacc-43fb-a65e-14e918390c32,
,tracker.daily_activity,,2024-11-29 00:21:42.284,2024-07-20 01:48:21.759,1732828902279,daily_activity_active_time_target_achievement_time,,,,hriiVjEkYE,com.sec.android.app.shealth,,daccd750-7a25-4082-ba3c-1780d849ebeb,
,tracker.daily_activity,,2024-12-10 23:55:16.653,2024-07-22 23:27:23.693,1733864116590,daily_activity_step_target_achievement_time,,,,hriiVjEkYE,com.sec.android.app.shealth,,01bb1b30-313c-46f7-882d-2e6618fc0e99,
,tracker.daily_activity,,2024-12-20 20:48:21.082,2024-07-24 21:15:21.378,1734716901064,daily_activity_all_over_half_target_cheer_up_time,,,,hriiVjEkYE,com.sec.android.app.shealth,,0aca5ac8-3637-4072-9a1a-f2e2de59a0dd,
,tracker.daily_activity,,2026-09-20 14:25:54.824,2025-01-16 00:08:34.832,1789903554811,da_yesterday_all_checked_time,,,,hriiVjEkYE,com.sec.android.app.shealth,,da_yesterday_all_checked_time,
"{""05-measure.period"":2,""05-alert.high.enable"":0,""05-alert.low.enable"":0,""08-measure.period"":1,""10-measure.period"":1,""06-skin_temp_enable"":0,""06-snore_setting"":0,""06-snore_setting_new"":0,""37-skin_temp_enable"":0,""34-detection.workout.enable"":0,""44-age.setting.enable"":0,""08-alert.high.enable"":0,""84-hearing.sound_monitoring.enabled"":0,""84-hearing.loud_sound_alert.enabled"":0,""84-hearing.daily_limit_alert.enabled"":0}",app.settings,,2026-09-17 23:57:56.232,2025-01-16 00:55:34.803,,psm_plus_settings_new,,,,hriiVjEkYE,com.sec.android.app.shealth,,psm_plus_settings_new,
,app.settings,,2026-09-19 18:34:17.829,2025-01-16 00:55:34.873,,psm_plus_enable_new,,,0,hriiVjEkYE,com.sec.android.app.shealth,,psm_plus_enable_new,
,tracker.daily_activity,,2026-09-18 16:23:31.332,2025-01-27 16:20:03.342,1789737811321,da_active_calorie_achievement_time,,,,hriiVjEkYE,com.sec.android.app.shealth,,da_active_calorie_achievement_time,
,tracker.daily_activity,,2026-09-18 22:16:55.491,2025-01-27 23:43:19.949,1789759015407,da_active_time_achievement_time,,,,hriiVjEkYE,com.sec.android.app.shealth,,da_active_time_achievement_time,
,tracker.daily_activity,,2026-09-17 02:55:48.437,2025-01-30 23:52:33.012,1789602948411,da_all_over_half_cheer_up_time,,,,hriiVjEkYE,com.sec.android.app.shealth,,da_all_over_half_cheer_up_time,
,tracker.daily_activity,,2026-09-05 01:21:06.075,2025-01-31 00:19:50.622,1788560465997,da_step_achievement_time,,,,hriiVjEkYE,com.sec.android.app.shealth,,da_step_achievement_time,
,tracker.daily_activity,,2026-09-05 01:21:06.497,2025-01-31 00:23:48.305,1788560466431,da_all_achievement_time,,,,hriiVjEkYE,com.sec.android.app.shealth,,da_all_achievement_time,
,tracker.daily_activity,,2026-03-05 11:54:29.453,2025-02-14 00:32:32.096,1772668800000,da_monthly_goal_first_day,,,,487mnSNu6t,com.sec.android.app.shealth,,da_monthly_goal_first_day,
,tracker.cycle,,2026-02-24 03:56:13.450,2026-02-24 03:56:13.450,,cycle.shd_consent_status,,,0,487mnSNu6t,com.sec.android.app.shealth,,cycle.shd_consent_status,
,tracker.medication,,2026-02-24 03:56:13.725,2026-02-24 03:56:13.725,,medication.shd_consent_status,,,0,487mnSNu6t,com.sec.android.app.shealth,,medication.shd_consent_status,
,mood,,2026-03-07 01:29:55.496,2026-03-07 01:29:55.496,,meditation_supported,,,1,487mnSNu6t,com.sec.android.app.shealth,,c513c577-78c1-4058-846c-a322826c1d92,
,tracker.vitals,,2026-09-20 03:09:32.464,2026-07-02 03:00:15.703,,vitals_screen_type,,,4,487mnSNu6t,com.sec.android.app.shealth,,vitals_screen_type,
,tracker.vitals,,2026-09-20 03:09:32.630,2026-07-02 03:00:15.885,,vitals_stamp_count,,,13,487mnSNu6t,com.sec.android.app.shealth,,vitals_stamp_count,
"[1787529600000,1788134400000,1788566400000,1788825600000,1788912000000,1788998400000,1789257600000,1789344000000,1789430400000,1789516800000,1789603200000,1789689600000,1789776000000]",tracker.vitals,,2026-09-20 03:09:32.832,2026-07-02 03:00:17.281,,vitals_stamp_dates,,,,487mnSNu6t,com.sec.android.app.shealth,,vitals_stamp_dates,
