com.samsung.health.respiratory_rate,7006011,2
create_sh_ver,start_time,custom,binning_data,modify_sh_ver,average,lower_limit,update_time,create_time,client_data_id,upper_limit,client_data_ver,is_outlier,pplib_version,time_offset,deviceuuid,comment,pkg_name,end_time,datauuid
62800471,2024-12-30 04:20:00.000,,3387820f-61d9-488b-8b28-090392208163.binning_data.json,62800471,13.154735,0.0,2024-12-30 12:25:21.601,2024-12-30 12:25:21.601,,0.0,,0,1.01.04,UTC-0300,hriiVjEkYE,,com.sec.android.app.shealth,2024-12-30 11:59:00.000,3387820f-61d9-488b-8b28-090392208163,
62800471,2025-01-01 06:13:00.000,,da59fb98-e4ec-45fc-8183-5ba98d524f21.binning_data.json,62800471,13.2445345,0.0,2025-01-01 15:41:57.521,2025-01-01 15:41:57.521,,0.0,,0,1.01.04,UTC-0300,hriiVjEkYE,,com.sec.android.app.shealth,2025-01-01 15:16:00.000,da59fb98-e4ec-45fc-8183-5ba98d524f21,
62800471,2025-01-04 05:21:00.000,,75e43319-02ba-413c-a4c9-2b0e77fc090d.binning_data.json,62800471,13.051172,13.052073,2025-01-04 14:36:43.077,2025-01-04 14:36:43.077,,13.249596,,1,1.01.04,UTC-0300,hriiVjEkYE,,com.sec.android.app.shealth,2025-01-04 14:25:00.000,75e43319-02ba-413c-a4c9-2b0e77fc090d,
62800471,2025-01-05 04:42:00.000,,a86bfead-5b6c-415c-940e-f2f1faa8c182.binning_data.json,62800471,13.3470955,13.158153,2025-01-05 15:20:03.514,2025-01-05 15:20:03.514,,13.35567,,0,1.01.04,UTC-0300,hriiVjEkYE,,com.sec.android.app.shealth,2025-01-05 15:08:00.000,a86bfead-5b6c-415c-940e-f2f1faa8c182,
62800471,2025-01-07 03:33:00.000,,51cf3e59-94dc-44cd-bef0-3549d5b385ba.binning_data.json,62800471,13.674728,13.099671,2025-01-07 11:06:51.707,2025-01-07 11:06:51.707,,13.591739,,1,1.01.04,UTC-0300,hriiVjEkYE,,com.sec.android.app.shealth,2025-01-07 10:40:00.000,51cf3e59-94dc-44cd-bef0-3549d5b385ba,
62800471,2025-01-09 03:53:00.000,,752a210e-09ec-4f0d-90eb-2484fe57a129.binning_data.json,62800471,13.056383,13.084089,2025-01-09 10:08:30.263,2025-01-09 10:08:30.263,,13.357754,,1,1.01.04,UTC-0300,hriiVjEkYE,,com.sec.android.app.shealth,2025-01-09 09:51:00.000,752a210e-09ec-4f0d-90eb-2484fe57a129,
62800471,2025-01-10 03:55:00.000,,e354029e-1d8b-459c-8993-e62ae3fa20d3.binning_data.json,62800471,13.057628,13.083125,2025-01-10 10:40:47.046,2025-01-10 10:40:47.046,,13.354762,,1,1.01.04,UTC-0300,hriiVjEkYE,,com.sec.android.app.shealth,2025-01-10 10:13:00.000,e354029e-1d8b-459c-8993-e62ae3fa20d3,
62800471,2025-01-12 00:36:00.000,,c6feb315-668a-48a5-9e96-7aeb602cb282.binning_data.json,62800471,16.991177,11.200718,2025-01-12 02:32:18.239,2025-01-12 02:32:18.239,,15.668064,,1,1.01.04,UTC-0300,hriiVjEkYE,,com.sec.android.app.shealth,2025-01-12 02:02:00.000,c6feb315-668a-48a5-9e96-7aeb602cb282,
62800471,2025-01-12 06:01:00.000,,43a59ffc-4f64-46d0-8564-320915674f90.binning_data.json,62800471,12.40282,12.582809,2025-01-12 15:01:10.799,2025-01-12 15:01:10.799,,13.514711,,1,1.01.04,UTC-0300,hriiVjEkYE,,com.sec.android.app.shealth,2025-01-12 14:35:00.000,43a59ffc-4f64-46d0-8564-320915674f90,
62800471,2025-01-13 04:32:00.000,,4328ae4e-3f23-49fb-a895-e87ecbb25dd0.binning_data.json,62800471,13.470816,13.13764,2025-01-13 15:13:40.076,2025-01-13 15:13:40.076,,13.435448,,1,1.01.04,UTC-0300,hriiVjEkYE,,com.sec.android.app.shealth,2025-01-13 09:21:00.000,4328ae4e-3f23-49fb-a895-e87ecbb25dd0,
62800471,2025-01-14 04:21:00.000,,31fc1803-f501-4c14-b48b-8aabec7a8eed.binning_data.json,62800471,13.856414,13.011915,2025-01-14 10:04:35.244,2025-01-14 10:04:35.244,,13.700401,,1,1.01.04,UTC-0300,hriiVjEkYE,,com.sec.android.app.shealth,2025-01-14 09:53:00.000,31fc1803-f501-4c14-b48b-8aabec7a8eed,
62800471,2025-01-15 04:27:00.000,,00ec9b28-b1e2-4a87-9185-37fb1ffa1980.binning_data.json,62800471,13.685285,13.086441,2025-01-15 11:18:04.280,2025-01-15 11:18:04.280,,13.590956,,1,1.01.04,UTC-0300,hriiVjEkYE,,com.sec.android.app.shealth,2025-01-15 10:48:00.000,00ec9b28-b1e2-4a87-9185-37fb1ffa1980,
62900571,2025-01-16 03:44:00.000,,02e6c670-5eaa-4f4d-8e62-101cd9431f50.binning_data.json,62900571,12.606042,12.770407,2025-01-16 10:24:32.080,2025-01-16 10:24:32.080,,13.495407,,1,1.01.04,UTC-0300,hriiVjEkYE,,com.sec.android.app.shealth,2025-01-16 10:09:00.000,02e6c670-5eaa-4f4d-8e62-101cd9431f50,
62900571,2025-01-17 04:38:00.000,,165dfa4e-c476-4d2b-b81e-8393f7630b35.binning_data.json,62900571,13.419789,13.163496,2025-01-17 11:35:01.957,2025-01-17 11:35:01.957,,13.414993,,1,1.01.04,UTC-0300,hriiVjEkYE,,com.sec.android.app.shealth,2025-01-17 11:20:00.000,165dfa4e-c476-4d2b-b81e-8393f7630b35,
62900571,2025-01-20 04:27:00.000,,5c20d187-0cc2-4305-9e81-aff61f68c8af.binning_data.json,62900571,13.904314,13.01725,2025-01-20 11:17:54.622,2025-01-20 11:17:54.622,,13.75053,,1,1.01.04,UTC-0300,hriiVjEkYE,,com.sec.android.app.shealth,2025-01-20 10:52:00.000,5c20d187-0cc2-4305-9e81-aff61f68c8af,
62900571,2025-01-21 03:42:00.000,,61d47d1b-86cb-4054-a7e5-f82e174d2f39.binning_data.json,62900571,13.1522255,13.158153,2025-01-21 11:43:05.444,2025-01-21 11:43:05.444,,13.35567,,1,1.01.04,UTC-0300,hriiVjEkYE,,com.sec.android.app.shealth,2025-01-21 11:19:00.000,61d47d1b-86cb-4054-a7e5-f82e174d2f39,
62900571,2025-01-23 02:12:00.000,,a4842179-3101-4670-9641-d9f26774598a.binning_data.json,62900571,13.577441,13.158153,2025-01-23 10:25:28.606,2025-01-23 10:25:28.606,,13.35567,,1,1.01.04,UTC-0300,hriiVjEkYE,,com.sec.android.app.shealth,2025-01-23 10:00:00.000,a4842179-3101-4670-9641-d9f26774598a,
62900571,2025-01-24 03:39:00.000,,3c9dc282-298f-46f3-8df7-e4eadb21c184.binning_data.json,62900571,13.3722,13.158153,2025-01-24 11:37:49.510,2025-01-24 11:37:49.510,,13.35567,,1,1.01.04,UTC-0300,hriiVjEkYE,,com.sec.android.app.shealth,2025-01-24 11:13:00.000,3c9dc282-298f-46f3-8df7-e4eadb21c184,
62900571,2025-01-25 03:18:00.000,,45ff67f2-9a62-4016-a2e5-702b5af3372d.binning_data.json,62900571,13.494102,13.158153,2025-01-25 09:33:00.990,2025-01-25 09:33:00.990,,13.35567,,1,1.01.04,UTC-0300,hriiVjEkYE,,com.sec.android.app.shealth,2025-01-25 09:25:00.000,45ff67f2-9a62-4016-a2e5-702b5af3372d,
62900571,2025-01-25 10:07:00.000,,d81bfd48-f8e9-4ae6-8667-1b0678531781.binning_data.json,62900571,13.42693,13.158153,2025-01-25 13:18:25.095,2025-01-25 13:18:25.095,,13.35567,,1,1.01.04,UTC-0300,hriiVjEkYE,,com.sec.android.app.shealth,2025-01-25 12:52:00.000,d81bfd48-f8e9-4ae6-8667-1b0678531781,
62900571,2025-01-26 05:16:00.000,,60d9b92f-cc41-4159-a187-61817d5fb025.binning_data.json,62900571,13.6648655,13.18554,2025-01-26 13:58:46.440,2025-01-26 13:58:46.440,,13.633494,,1,1.01.04,UTC-0300,hriiVjEkYE,,com.sec.android.app.shealth,2025-01-26 13:33:00.000,60d9b92f-cc41-4159-a187-61817d5fb025,
62900571,2025-01-28 03:11:00.000,,0d46a8de-feb6-44fc-baa0-49b4e4ea7ae6.binning_data.json,62900571,12.583357,12.679647,2025-01-28 10:46:58.651,2025-01-28 10:46:58.651,,13.534521,,1,1.01.04,UTC-0300,hriiVjEkYE,,com.sec.android.app.shealth,2025-01-28 10:19:00.000,0d46a8de-feb6-44fc-baa0-49b4e4ea7ae6,
62900571,2025-01-30 03:53:00.000,,fd2803a7-8141-4461-83dd-b76e9ea795b0.binning_data.json,62900571,13.298963,0.0,2025-01-30 10:35:50.297,2025-01-30 10:35:50.297,,0.0,,0,1.01.04,UTC-0300,hriiVjEkYE,,com.sec.android.app.shealth,2025-01-30 10:05:00.000,fd2803a7-8141-4461-83dd-b76e9ea795b0,
62900571,2025-01-31 03:34:00.000,,8fd6e3bf-1384-4adb-9b83-e46cfbe2d506.binning_data.json,62900571,14.829594,12.388855,2025-01-31 05:11:06.678,2025-01-31 05:11:06.678,,14.440346,,1,1.01.04,UTC-0300,hriiVjEkYE,,com.sec.android.app.shealth,2025-01-31 04:45:00.000,8fd6e3bf-1384-4adb-9b83-e46cfbe2d506,
62900571,2025-01-31 05:08:00.000,,28ad5c67-838e-4094-8b28-a6c0e297b2a3.binning_data.json,62900571,13.2677355,13.272287,2025-01-31 09:58:38.114,2025-01-31 09:58:38.114,,13.358078,,1,1.01.04,UTC-0300,hriiVjEkYE,,com.sec.android.app.shealth,2025-01-31 09:53:00.000,28ad5c67-838e-4094-8b28-a6c0e297b2a3,
62900571,2025-02-03 05:02:00.000,,911b055a-9987-4b12-abba-9d989c8072ce.binning_data.json,62900571,14.782028,0.0,2025-02-03 10:15:41.394,2025-02-03 10:15:41.394,,0.0,,0,1.01.04,UTC-0300,hriiVjEkYE,,com.sec.android.app.shealth,2025-02-03 09:51:00.000,911b055a-9987-4b12-abba-9d989c8072ce,
62900571,2025-02-04 02:46:00.000,,a08fde69-7ce8-4eb2-b41d-2352a775929e.binning_data.json,62900571,13.404128,12.842403,2025-02-04 11:32:05.411,2025-02-04 11:32:05.411,,14.561068,,0,1.01.04,UTC-0300,hriiVjEkYE,,com.sec.android.app.shealth,2025-02-04 11:07:00.000,a08fde69-7ce8-4eb2-b41d-2352a775929e,
62900571,2025-02-05 03:52:00.000,,e3155266-1f91-4573-af57-9c669eb2d655.binning_data.json,62900571,13.746541,12.969871,2025-02-05 10:22:38.848,2025-02-05 10:22:38.848,,14.454831,,0,1.01.04,UTC-0300,hriiVjEkYE,,com.sec.android.app.shealth,2025-02-05 09:53:00.000,e3155266-1f91-4573-af57-9c669eb2d655,
62900571,2025-02-07 03:58:00.000,,cfe1ac6f-526d-4dfe-9907-db79ec0690ee.binning_data.json,62900571,13.62878,13.028111,2025-02-07 10:32:51.336,2025-02-07 10:32:51.336,,14.36465,,0,1.01.04,UTC-0300,hriiVjEkYE,,com.sec.android.app.shealth,2025-02-07 10:23:00.000,cfe1ac6f-526d-4dfe-9907-db79ec0690ee,
62900571,2025-02-08 04:42:00.000,,82a17e96-d521-4d26-941f-68117f29e7bf.binning_data.json,62900571,13.680186,13.082935,2025-02-08 11:46:22.930,2025-02-08 11:46:22.930,,14.304049,,0,1.01.04,UTC-0300,hriiVjEkYE,,com.sec.android.app.shealth,2025-02-08 11:19:00.000,82a17e96-d521-4d26-941f-68117f29e7bf,
62900571,2025-02-09 03:31:00.000,,d0750f4f-df92-4ef9-b893-72fee31361df.binning_data.json,62900571,13.543793,13.087645,2025-02-09 14:23:34.555,2025-02-09 14:23:34.555,,14.235506,,0,1.01.04,UTC-0300,hriiVjEkYE,,com.sec.android.app.shealth,2025-02-09 14:05:00.000,d0750f4f-df92-4ef9-b893-72fee31361df,
62900571,2025-02-10 03:39:00.000,,1b8de566-bb58-47ca-9097-b546a4ff8254.binning_data.json,62900571,13.976671,13.157207,2025-02-10 11:25:39.098,2025-02-10 11:25:39.098,,14.248744,,0,1.01.04,UTC-0300,hriiVjEkYE,,com.sec.android.app.shealth,2025-02-10 10:59:00.000,1b8de566-bb58-47ca-9097-b546a4ff8254,
62900571,2025-02-11 04:05:00.000,,f535e413-ebe4-4ad7-b367-58475aed2f2d.binning_data.json,62900571,13.270956,13.1145735,2025-02-11 10:16:43.219,2025-02-11 10:16:43.219,,14.209743,,0,1.01.04,UTC-0300,hriiVjEkYE,,com.sec.android.app.shealth,2025-02-11 09:50:00.000,f535e413-ebe4-4ad7-b367-58475aed2f2d,
62900571,2025-02-13 04:03:00.000,,259f2d9d-e4e6-45ef-8c5c-007ce9404e1b.binning_data.json,62900571,13.481724,13.120481,2025-02-13 10:35:59.157,2025-02-13 10:35:59.157,,14.171792,,0,1.01.04,UTC-0300,hriiVjEkYE,,com.sec.android.app.shealth,2025-02-13 10:11:00.000,259f2d9d-e4e6-45ef-8c5c-007ce9404e1b,
62900571,2025-02-16 04:59:00.000,,974859ed-64cf-4447-ad22-11005fd12010.binning_data.json,62900571,13.577712,13.13609,2025-02-16 13:57:05.118,2025-02-16 13:57:05.118,,14.141183,,0,1.01.04,UTC-0300,hriiVjEkYE,,com.sec.android.app.shealth,2025-02-16 13:32:00.000,974859ed-64cf-4447-ad22-11005fd12010,
62910031,2025-02-18 04:14:00.000,,db995e8b-bb30-4c7e-bfa8-702154c50014.binning_data.json,62910031,13.389871,13.127836,2025-02-18 11:13:13.145,2025-02-18 11:13:13.145,,14.109283,,0,1.01.04,UTC-0300,hriiVjEkYE,,com.sec.android.app.shealth,2025-02-18 10:45:00.000,db995e8b-bb30-4c7e-bfa8-702154c50014,
62910031,2025-02-19 04:00:00.000,,b6580544-2d02-4848-9f8b-17d9ff224289.binning_data.json,62910031,13.129988,13.083805,2025-02-19 10:33:26.399,2025-02-19 10:33:26.399,,14.087109,,0,1.01.04,UTC-0300,hriiVjEkYE,,com.sec.android.app.shealth,2025-02-19 10:11:00.000,b6580544-2d02-4848-9f8b-17d9ff224289,
62910031,2025-02-20 03:32:00.000,,eec7b3ef-008f-470f-90ca-bcae1709d1ff.binning_data.json,62910031,13.827347,12.842403,2025-02-20 10:25:41.633,2025-02-20 10:25:41.633,,14.561068,,0,1.01.04,UTC-0300,hriiVjEkYE,,com.sec.android.app.shealth,2025-02-20 10:00:00.000,eec7b3ef-008f-470f-90ca-bcae1709d1ff,
62910031,2025-02-21 03:29:00.000,,cc05deac-490d-466d-b46f-0e08cd40a992.binning_data.json,62910031,13.266392,12.969871,2025-02-21 09:42:29.188,2025-02-21 09:42:29.188,,14.454831,,0,1.01.04,UTC-0300,hriiVjEkYE,,com.sec.android.app.shealth,2025-02-21 09:37:00.000,cc05deac-490d-466d-b46f-0e08cd40a992,
62910031,2025-02-24 04:26:00.000,,ac871a18-bd60-431a-bef7-984afdb27b13.binning_data.json,62910031,13.927709,13.082936,2025-02-24 11:43:51.624,2025-02-24 11:43:51.624,,14.3040495,,0,1.01.04,UTC-0300,hriiVjEkYE,,com.sec.android.app.shealth,2025-02-24 11:19:00.000,ac871a18-bd60-431a-bef7-984afdb27b13,
62910031,2025-02-26 04:13:00.000,,d7e3e4b2-a340-46cf-8cd8-00258f7e38d8.binning_data.json,62910031,13.330598,13.1145735,2025-02-26 10:35:57.984,2025-02-26 10:35:57.984,,14.209743,,0,1.01.04,UTC-0300,hriiVjEkYE,,com.sec.android.app.shealth,2025-02-26 10:10:00.000,d7e3e4b2-a340-46cf-8cd8-00258f7e38d8,
62910031,2025-02-27 04:34:00.000,,3e71fdad-fb11-4d09-a8ae-23a4d2602b81.binning_data.json,62910031,13.476425,13.153958,2025-02-27 10:47:06.772,2025-02-27 10:47:06.772,,14.25361,,0,1.01.04,UTC-0300,hriiVjEkYE,,com.sec.android.app.shealth,2025-02-27 10:23:00.000,3e71fdad-fb11-4d09-a8ae-23a4d2602b81,
62910031,2025-03-01 03:44:00.000,,b6f094c3-6379-491d-b64b-d05dbcf51e1b.binning_data.json,62910031,13.246533,13.153461,2025-03-01 14:09:33.839,2025-03-01 14:09:33.839,,14.210598,,0,1.01.04,UTC-0300,hriiVjEkYE,,com.sec.android.app.shealth,2025-03-01 13:45:00.000,b6f094c3-6379-491d-b64b-d05dbcf51e1b,
62910031,2025-03-04 05:43:00.000,,f3d8ffa8-48b6-4300-b306-d9f78aff20e7.binning_data.json,62910031,13.10469,13.353864,2025-03-04 13:08:14.244,2025-03-04 13:08:14.244,,13.849572,,1,1.01.04,UTC-0300,hriiVjEkYE,,com.sec.android.app.shealth,2025-03-04 12:44:00.000,f3d8ffa8-48b6-4300-b306-d9f78aff20e7,
62910031,2025-03-05 05:00:00.000,,9737d637-0e8f-4de9-81e6-22599257e05f.binning_data.json,62910031,13.50075,13.330225,2025-03-05 11:19:44.998,2025-03-05 11:19:44.998,,13.823883,,0,1.01.04,UTC-0300,hriiVjEkYE,,com.sec.android.app.shealth,2025-03-05 10:54:00.000,9737d637-0e8f-4de9-81e6-22599257e05f,
62910031,2025-03-06 05:36:00.000,,40d9b4fb-b8b3-446e-8fd6-cf515d34b7fd.binning_data.json,62910031,13.657084,13.221212,2025-03-06 11:44:28.706,2025-03-06 11:44:28.706,,13.828375,,0,1.01.04,UTC-0300,hriiVjEkYE,,com.sec.android.app.shealth,2025-03-06 11:19:00.000,40d9b4fb-b8b3-446e-8fd6-cf515d34b7fd,
62910031,2025-03-07 04:08:00.000,,c4f2ce8b-bbbf-403b-b9a0-18c26ce03fa6.binning_data.json,62910031,13.591011,13.242498,2025-03-07 10:30:30.515,2025-03-07 10:30:30.515,,13.867348,,0,1.01.04,UTC-0300,hriiVjEkYE,,com.sec.android.app.shealth,2025-03-07 10:05:00.000,c4f2ce8b-bbbf-403b-b9a0-18c26ce03fa6,
62910031,2025-03-09 04:16:00.000,,0ff35e3e-8f09-4851-abb7-6aaf30f2a4b0.binning_data.json,62910031,13.171832,13.162358,2025-03-09 12:21:28.079,2025-03-09 12:21:28.079,,13.702197,,0,1.01.04,UTC-0300,hriiVjEkYE,,com.sec.android.app.shealth,2025-03-09 11:54:00.000,0ff35e3e-8f09-4851-abb7-6aaf30f2a4b0,
62910031,2025-03-11 04:21:00.000,,53827fea-6699-44f5-9d3a-69703d7b8229.binning_data.json,62910031,13.712588,13.176716,2025-03-11 11:26:51.276,2025-03-11 11:26:51.276,,13.735744,,0,1.01.04,UTC-0300,hriiVjEkYE,,com.sec.android.app.shealth,2025-03-11 11:14:00.000,53827fea-6699-44f5-9d3a-69703d7b8229,
62910031,2025-03-14 04:04:00.000,,a5b4ddca-fdb0-49a4-b9e6-7617bca7d91d.binning_data.json,62910031,13.104713,13.164356,2025-03-14 10:25:32.532,2025-03-14 10:25:32.532,,13.852093,,1,1.01.04,UTC-0300,hriiVjEkYE,,com.sec.android.app.shealth,2025-03-14 10:00:00.000,a5b4ddca-fdb0-49a4-b9e6-7617bca7d91d,
62910031,2025-03-17 04:13:00.000,,1a8d984f-168b-4886-8bd9-ffb691ad84d3.binning_data.json,62910031,13.267984,13.0987625,2025-03-17 11:28:15.187,2025-03-17 11:28:15.187,,13.807629,,0,1.01.04,UTC-0300,hriiVjEkYE,,com.sec.android.app.shealth,2025-03-17 11:04:00.000,1a8d984f-168b-4886-8bd9-ffb691ad84d3,
62910031,2025-03-18 04:20:00.000,,3942ea1a-d5a7-4246-b911-bd262e840539.binning_data.json,62910031,13.665894,13.0987625,2025-03-18 13:17:59.705,2025-03-18 13:17:59.705,,13.807629,,0,1.01.04,UTC-0300,hriiVjEkYE,,com.sec.android.app.shealth,2025-03-18 13:17:00.000,3942ea1a-d5a7-4246-b911-bd262e840539,
62910031,2025-03-19 03:25:00.000,,5dca1ddd-fd4e-445a-b20c-dd2c758ad266.binning_data.json,62910031,13.262857,13.125298,2025-03-19 10:26:39.037,2025-03-19 10:26:39.037,,13.756414,,0,1.01.04,UTC-0300,hriiVjEkYE,,com.sec.android.app.shealth,2025-03-19 10:01:00.000,5dca1ddd-fd4e-445a-b20c-dd2c758ad266,
62910031,2025-03-21 03:45:00.000,,68c4b78b-e507-44ba-ac71-2f23f72d3e97.binning_data.json,62910031,13.502084,13.185895,2025-03-21 10:34:02.369,2025-03-21 10:34:02.369,,13.775006,,0,1.01.04,UTC-0300,hriiVjEkYE,,com.sec.android.app.shealth,2025-03-21 10:28:00.000,68c4b78b-e507-44ba-ac71-2f23f72d3e97,
62910031,2025-03-22 04:08:00.000,,70947d2a-ed94-4e53-a774-f3c4c39afe46.binning_data.json,62910031,14.754848,13.225627,2025-03-22 17:53:15.491,2025-03-22 17:53:15.491,,13.784507,,1,1.01.04,UTC-0300,hriiVjEkYE,,com.sec.android.app.shealth,2025-03-22 17:52:00.000,70947d2a-ed94-4e53-a774-f3c4c39afe46,
62910031,2025-03-23 04:50:00.000,,b9efda2a-62dd-4ae6-a0cb-21597b1dd6b6.binning_data.json,62910031,13.368437,13.264523,2025-03-23 14:36:22.813,2025-03-23 14:36:22.813,,13.62281,,0,1.01.04,UTC-0300,hriiVjEkYE,,com.sec.android.app.shealth,2025-03-23 14:10:00.000,b9efda2a-62dd-4ae6-a0cb-21597b1dd6b6,
62910031,2025-03-25 04:40:00.000,,3900cb60-aa45-4873-ae1d-3008b2779590.binning_data.json,62910031,13.491058,13.1873045,2025-03-25 11:53:01.050,2025-03-25 11:53:01.050,,13.632186,,0,1.01.04,UTC-0300,hriiVjEkYE,,com.sec.android.app.shealth,2025-03-25 11:25:00.000,3900cb60-aa45-4873-ae1d-3008b2779590,
62910031,2025-03-27 03:27:00.000,,9292120a-2344-4e4c-a504-f8e8ca281dac.binning_data.json,62910031,13.607898,13.191155,2025-03-27 10:26:12.096,2025-03-27 10:26:12.096,,13.705264,,0,1.01.04,UTC-0300,hriiVjEkYE,,com.sec.android.app.shealth,2025-03-27 10:11:00.000,9292120a-2344-4e4c-a504-f8e8ca281dac,
62910031,2025-03-28 04:33:00.000,,dc5af624-d903-4920-b432-20ac542bce19.binning_data.json,62910031,13.26574,13.191155,2025-03-28 10:49:56.054,2025-03-28 10:49:56.054,,13.705264,,0,1.01.04,UTC-0300,hriiVjEkYE,,com.sec.android.app.shealth,2025-03-28 10:28:00.000,dc5af624-d903-4920-b432-20ac542bce19,
62910031,2025-03-30 04:11:00.000,,693274d8-55e2-4a54-85d7-26277b91b32e.binning_data.json,62910031,13.366089,13.271479,2025-03-30 13:35:56.562,2025-03-30 13:35:56.562,,13.750444,,0,1.01.04,UTC-0300,hriiVjEkYE,,com.sec.android.app.shealth,2025-03-30 13:11:00.000,693274d8-55e2-4a54-85d7-26277b91b32e,
62910031,2025-03-31 03:58:00.000,,22835484-2a0c-4600-9449-2a21d7c3892b.binning_data.json,62910031,13.625968,13.271479,2025-03-31 11:22:22.178,2025-03-31 11:22:22.178,,13.750444,,0,1.01.04,UTC-0300,hriiVjEkYE,,com.sec.android.app.shealth,2025-03-31 10:58:00.000,22835484-2a0c-4600-9449-2a21d7c3892b,
62910031,2025-04-01 03:35:00.000,,627fb47c-5518-48d6-87af-53e666159b37.binning_data.json,62910031,13.66472,13.271479,2025-04-01 10:21:36.209,2025-04-01 10:21:36.209,,13.750444,,0,1.01.04,UTC-0300,hriiVjEkYE,,com.sec.android.app.shealth,2025-04-01 10:10:00.000,627fb47c-5518-48d6-87af-53e666159b37,
62910031,2025-04-02 04:15:00.000,,e9f2b445-f0b3-4b47-94fb-8d7dcde0965e.binning_data.json,62910031,13.581404,13.225223,2025-04-02 10:36:01.587,2025-04-02 10:36:01.587,,13.754703,,0,1.01.04,UTC-0300,hriiVjEkYE,,com.sec.android.app.shealth,2025-04-02 10:06:00.000,e9f2b445-f0b3-4b47-94fb-8d7dcde0965e,
62950051,2025-04-04 03:59:00.000,,fb1802f3-7b9d-44c5-97e0-8a391aefd552.binning_data.json,62950051,13.329854,13.114046,2025-04-04 11:48:28.299,2025-04-04 11:48:28.299,,13.68099,,0,1.01.04,UTC-0300,hriiVjEkYE,,com.sec.android.app.shealth,2025-04-04 11:40:00.000,fb1802f3-7b9d-44c5-97e0-8a391aefd552,
62950051,2025-04-05 03:55:00.000,,75875d72-3f01-4f7e-9d9d-083a88680c6f.binning_data.json,62950051,13.134914,13.234061,2025-04-05 13:36:16.658,2025-04-05 13:36:16.658,,13.71065,,1,1.01.04,UTC-0300,hriiVjEkYE,,com.sec.android.app.shealth,2025-04-05 13:10:00.000,75875d72-3f01-4f7e-9d9d-083a88680c6f,
62950051,2025-04-06 03:58:00.000,,99b2647f-9007-43f3-843a-60da7ff7a656.binning_data.json,62950051,13.552945,13.234061,2025-04-06 13:33:15.666,2025-04-06 13:33:15.666,,13.71065,,0,1.01.04,UTC-0300,hriiVjEkYE,,com.sec.android.app.shealth,2025-04-06 13:15:00.000,99b2647f-9007-43f3-843a-60da7ff7a656,
62950051,2025-04-07 03:41:00.000,,0a9b7cd1-1e67-4ac1-b364-0787bdff7cd9.binning_data.json,62950051,13.502081,13.234061,2025-04-07 11:09:27.701,2025-04-07 11:09:27.701,,13.71065,,0,1.01.04,UTC-0300,hriiVjEkYE,,com.sec.android.app.shealth,2025-04-07 10:59:00.000,0a9b7cd1-1e67-4ac1-b364-0787bdff7cd9,
62950051,2025-04-08 04:11:00.000,,9181f0c0-4283-4772-b961-ce157e6755a3.binning_data.json,62950051,13.734476,13.205545,2025-04-08 11:30:20.586,2025-04-08 11:30:20.586,,13.590624,,1,1.01.04,UTC-0300,hriiVjEkYE,,com.sec.android.app.shealth,2025-04-08 11:25:00.000,9181f0c0-4283-4772-b961-ce157e6755a3,
62950051,2025-04-09 03:43:00.000,,da0f0e67-070c-4ce4-8026-856faea8f4aa.binning_data.json,62950051,13.512353,13.205545,2025-04-09 10:27:57.923,2025-04-09 10:27:57.923,,13.590624,,0,1.01.04,UTC-0300,hriiVjEkYE,,com.sec.android.app.shealth,2025-04-09 10:12:00.000,da0f0e67-070c-4ce4-8026-856faea8f4aa,
62950051,2025-04-12 04:35:00.000,,26022bf3-3208-4348-a9c2-32855acc6228.binning_data.json,62950051,13.660152,13.232492,2025-04-12 14:43:25.019,2025-04-12 14:43:25.019,,13.609253,,1,1.01.04,UTC-0300,hriiVjEkYE,,com.sec.android.app.shealth,2025-04-12 14:35:00.000,26022bf3-3208-4348-a9c2-32855acc6228,
62950051,2025-04-13 03:27:00.000,,bbad17c1-f841-4c95-a007-3b2202d69db8.binning_data.json,62950051,13.590064,13.259309,2025-04-14 03:07:41.858,2025-04-14 03:07:41.858,,13.627751,,0,1.01.04,UTC-0300,hriiVjEkYE,,com.sec.android.app.shealth,2025-04-13 11:42:00.000,bbad17c1-f841-4c95-a007-3b2202d69db8,
62950051,2025-04-14 05:04:00.000,,fe90434b-61ab-499a-9b2b-7ad0ebcc02e3.binning_data.json,62950051,13.44662,13.255236,2025-04-14 11:23:48.080,2025-04-14 11:23:48.080,,13.575018,,0,1.01.04,UTC-0300,hriiVjEkYE,,com.sec.android.app.shealth,2025-04-14 10:58:00.000,fe90434b-61ab-499a-9b2b-7ad0ebcc02e3,
62950051,2025-04-15 04:08:00.000,,1dee262c-ca3c-4749-8506-31ddd5d46b06.binning_data.json,62950051,13.633644,13.300338,2025-04-15 11:45:49.391,2025-04-15 11:45:49.391,,13.609906,,1,1.01.04,UTC-0300,hriiVjEkYE,,com.sec.android.app.shealth,2025-04-15 11:20:00.000,1dee262c-ca3c-4749-8506-31ddd5d46b06,
62950051,2025-04-16 04:43:00.000,,9fb3c7e1-435f-4911-88f0-b74ed11896d8.binning_data.json,62950051,13.563253,13.31057,2025-04-16 10:26:20.919,2025-04-16 10:26:20.919,,13.645903,,0,1.01.04,UTC-0300,hriiVjEkYE,,com.sec.android.app.shealth,2025-04-16 10:00:00.000,9fb3c7e1-435f-4911-88f0-b74ed11896d8,
62950051,2025-04-17 03:05:00.000,,d7ac0467-2554-47c4-a121-bbd686634235.binning_data.json,62950051,13.302046,13.296198,2025-04-17 10:26:28.549,2025-04-17 10:26:28.549,,13.654362,,0,1.01.04,UTC-0300,hriiVjEkYE,,com.sec.android.app.shealth,2025-04-17 10:21:00.000,d7ac0467-2554-47c4-a121-bbd686634235,
62950051,2025-04-18 04:34:00.000,,8ecaee16-1fef-473d-b8ef-f6cf7e840499.binning_data.json,62950051,13.753675,13.314162,2025-04-18 14:28:02.887,2025-04-18 14:28:02.887,,13.658927,,1,1.01.04,UTC-0300,hriiVjEkYE,,com.sec.android.app.shealth,2025-04-18 14:02:00.000,8ecaee16-1fef-473d-b8ef-f6cf7e840499,
62950051,2025-04-21 04:18:00.000,,966edd59-c277-4711-b231-a2161aef08f0.binning_data.json,62950051,12.909733,13.315595,2025-04-21 14:23:25.558,2025-04-21 14:23:25.558,,13.675649,,1,1.01.04,UTC-0300,hriiVjEkYE,,com.sec.android.app.shealth,2025-04-21 13:59:00.000,966edd59-c277-4711-b231-a2161aef08f0,
62950051,2025-04-22 05:06:00.000,,341aa9c5-2620-4b50-99a1-3208aa1ed7b0.binning_data.json,62950051,13.837211,13.315595,2025-04-22 11:02:20.415,2025-04-22 11:02:20.415,,13.675649,,1,1.01.04,UTC-0300,hriiVjEkYE,,com.sec.android.app.shealth,2025-04-22 10:38:00.000,341aa9c5-2620-4b50-99a1-3208aa1ed7b0,
62950051,2025-04-23 04:47:00.000,,c5a71293-7122-4752-99cd-8044eedc29bf.binning_data.json,62950051,13.614666,13.310761,2025-04-23 11:43:22.945,2025-04-23 11:43:22.945,,13.656159,,0,1.01.04,UTC-0300,hriiVjEkYE,,com.sec.android.app.shealth,2025-04-23 11:19:00.000,c5a71293-7122-4752-99cd-8044eedc29bf,
62950051,2025-04-24 03:26:00.000,,07836828-fe3a-4823-a2fc-3e008d6a95a0.binning_data.json,62950051,13.511365,13.370848,2025-04-24 10:54:05.533,2025-04-24 10:54:05.533,,13.647099,,0,1.01.04,UTC-0300,hriiVjEkYE,,com.sec.android.app.shealth,2025-04-24 10:49:00.000,07836828-fe3a-4823-a2fc-3e008d6a95a0,
62950051,2025-04-26 03:39:00.000,,fb49a6b5-0fda-4736-bce1-adca5414ddb4.binning_data.json,62950051,14.136564,13.409264,2025-04-26 14:51:05.887,2025-04-26 14:51:05.887,,13.661472,,1,1.01.04,UTC-0300,hriiVjEkYE,,com.sec.android.app.shealth,2025-04-26 14:23:00.000,fb49a6b5-0fda-4736-bce1-adca5414ddb4,
62950051,2025-04-28 04:17:00.000,,97da701d-b55f-4494-b2d7-8cd96db84779.binning_data.json,62950051,13.8238125,13.392983,2025-04-29 01:39:13.139,2025-04-29 01:39:13.139,,13.647767,,1,1.01.04,UTC-0300,hriiVjEkYE,,com.sec.android.app.shealth,2025-04-28 10:13:00.000,97da701d-b55f-4494-b2d7-8cd96db84779,
62950051,2025-04-29 03:48:00.000,,2a02f487-d093-40bf-b530-af7d95afbf51.binning_data.json,62950051,13.405875,13.402397,2025-04-29 10:38:21.713,2025-04-29 10:38:21.713,,13.620966,,0,1.01.04,UTC-0300,hriiVjEkYE,,com.sec.android.app.shealth,2025-04-29 10:32:00.000,2a02f487-d093-40bf-b530-af7d95afbf51,
62950051,2025-04-30 04:24:00.000,,9a7752d6-f923-4b2a-9a3c-9998d654d855.binning_data.json,62950051,14.11678,13.388122,2025-04-30 11:01:34.103,2025-04-30 11:01:34.103,,13.597882,,1,1.01.04,UTC-0300,hriiVjEkYE,,com.sec.android.app.shealth,2025-04-30 10:35:00.000,9a7752d6-f923-4b2a-9a3c-9998d654d855,
62970091,2025-05-02 04:59:00.000,,b7c30df7-2500-42da-a455-5f387237a6fb.binning_data.json,62970091,12.975921,13.384943,2025-05-02 14:25:57.501,2025-05-02 14:25:57.501,,13.610548,,1,1.01.04,UTC-0300,hriiVjEkYE,,com.sec.android.app.shealth,2025-05-02 14:01:00.000,b7c30df7-2500-42da-a455-5f387237a6fb,
62970091,2025-05-03 04:59:00.000,,565cbf26-bb47-47e8-aa9b-636aa45a7256.binning_data.json,62970091,13.724888,13.384943,2025-05-03 21:47:47.864,2025-05-03 21:47:47.864,,13.610548,,1,1.01.04,UTC-0300,hriiVjEkYE,,com.sec.android.app.shealth,2025-05-03 09:58:00.000,565cbf26-bb47-47e8-aa9b-636aa45a7256,
62970091,2025-05-04 05:42:00.000,,cb9d8b59-b1dd-446b-b5c2-b975d40d7644.binning_data.json,62970091,13.599517,13.3530855,2025-05-04 12:23:02.431,2025-05-04 12:23:02.431,,13.610089,,0,1.01.04,UTC-0300,hriiVjEkYE,,com.sec.android.app.shealth,2025-05-04 12:13:00.000,cb9d8b59-b1dd-446b-b5c2-b975d40d7644,
62970091,2025-05-07 04:52:00.000,,82f841dd-9215-4ee1-bb2e-081a89f231ae.binning_data.json,62970091,13.519481,13.331832,2025-05-07 14:09:00.536,2025-05-07 14:09:00.536,,13.616202,,0,1.01.04,UTC-0300,hriiVjEkYE,,com.sec.android.app.shealth,2025-05-07 13:52:00.000,82f841dd-9215-4ee1-bb2e-081a89f231ae,
62970091,2025-05-08 05:05:00.000,,b1bf3b80-2606-4ac9-9a5c-f3e60b0e213d.binning_data.json,62970091,13.500214,13.35641,2025-05-08 11:38:06.876,2025-05-08 11:38:06.876,,13.646365,,0,1.01.04,UTC-0300,hriiVjEkYE,,com.sec.android.app.shealth,2025-05-08 11:12:00.000,b1bf3b80-2606-4ac9-9a5c-f3e60b0e213d,
62970091,2025-05-08 11:45:00.000,,64d6778d-c606-4237-af72-a6e796dedd64.binning_data.json,62970091,13.401457,13.35641,2025-05-08 13:53:51.547,2025-05-08 13:53:51.547,,13.646365,,0,1.01.04,UTC-0300,hriiVjEkYE,,com.sec.android.app.shealth,2025-05-08 13:48:00.000,64d6778d-c606-4237-af72-a6e796dedd64,
62970091,2025-05-12 03:57:00.000,,bdea083b-ec65-43c2-8dfd-d9c940515997.binning_data.json,62970091,14.006965,13.341831,2025-05-12 10:04:10.801,2025-05-12 10:04:10.801,,13.63936,,1,1.01.04,UTC-0300,hriiVjEkYE,,com.sec.android.app.shealth,2025-05-12 09:57:00.000,bdea083b-ec65-43c2-8dfd-d9c940515997,
62970091,2025-05-14 05:10:00.000,,09d7efd4-0620-4644-87c2-1e55d1405837.binning_data.json,62970091,13.36767,13.404115,2025-05-14 11:24:55.517,2025-05-14 11:24:55.517,,13.617215,,1,1.01.04,UTC-0300,hriiVjEkYE,,com.sec.android.app.shealth,2025-05-14 10:55:00.000,09d7efd4-0620-4644-87c2-1e55d1405837,
62970091,2025-05-17 04:27:00.000,,a926e250-2f05-41bd-82d6-1abda7a9c736.binning_data.json,62970091,13.179294,13.404115,2025-05-17 12:10:29.746,2025-05-17 12:10:29.746,,13.617215,,1,1.01.04,UTC-0300,hriiVjEkYE,,com.sec.android.app.shealth,2025-05-17 12:02:00.000,a926e250-2f05-41bd-82d6-1abda7a9c736,
62970091,2025-05-18 04:15:00.000,,8f8ee83f-bb87-495c-a14d-88f656963de5.binning_data.json,62970091,13.225426,13.404115,2025-05-18 14:15:01.720,2025-05-18 14:15:01.720,,13.617215,,1,1.01.04,UTC-0300,hriiVjEkYE,,com.sec.android.app.shealth,2025-05-18 13:43:00.000,8f8ee83f-bb87-495c-a14d-88f656963de5,
62970091,2025-05-20 05:53:00.000,,63bdff2e-930c-424e-95ce-665a6095f121.binning_data.json,62970091,13.016774,13.406873,2025-05-20 13:29:59.397,2025-05-20 13:29:59.397,,13.604772,,1,1.01.04,UTC-0300,hriiVjEkYE,,com.sec.android.app.shealth,2025-05-20 13:04:00.000,63bdff2e-930c-424e-95ce-665a6095f121,
62980011,2025-05-27 05:05:00.000,,90548099-20a4-43d2-ad73-e8ddf131b0d8.binning_data.json,62980011,13.716257,13.434685,2025-05-27 11:17:08.258,2025-05-27 11:17:08.258,,13.619162,,1,1.01.04,UTC-0300,hriiVjEkYE,,com.sec.android.app.shealth,2025-05-27 10:47:00.000,90548099-20a4-43d2-ad73-e8ddf131b0d8,
62980011,2025-05-29 03:22:00.000,,cdb635a5-a889-4aa7-8926-fa59a22b6439.binning_data.json,62980011,14.543731,13.434685,2025-05-29 10:13:32.867,2025-05-29 10:13:32.867,,13.619162,,1,1.01.04,UTC-0300,hriiVjEkYE,,com.sec.android.app.shealth,2025-05-29 09:51:00.000,cdb635a5-a889-4aa7-8926-fa59a22b6439,
62980011,2025-05-30 03:28:00.000,,18cdc492-ff4f-4a81-98df-1367af594c82.binning_data.json,62980011,14.263083,13.434685,2025-05-30 10:10:15.329,2025-05-30 10:10:15.329,,13.619162,,1,1.01.04,UTC-0300,hriiVjEkYE,,com.sec.android.app.shealth,2025-05-30 09:45:00.000,18cdc492-ff4f-4a81-98df-1367af594c82,
62980011,2025-06-03 03:26:00.000,,358f6af1-1d53-4e7a-84e9-220a1b462479.binning_data.json,62980011,13.913668,13.427114,2025-06-03 11:49:26.462,2025-06-03 11:49:26.462,,13.571107,,1,1.01.04,UTC-0300,hriiVjEkYE,,com.sec.android.app.shealth,2025-06-03 11:35:00.000,358f6af1-1d53-4e7a-84e9-220a1b462479,
62980011,2025-06-04 03:54:00.000,,87485e0e-fbda-4118-acc6-de03201f103a.binning_data.json,62980011,14.30142,13.12081,2025-06-04 06:05:58.057,2025-06-04 06:05:58.057,,14.156353,,1,1.01.04,UTC-0300,hriiVjEkYE,,com.sec.android.app.shealth,2025-06-04 05:39:00.000,87485e0e-fbda-4118-acc6-de03201f103a,
62980011,2025-06-04 05:59:00.000,,8597a69d-7c34-440f-8f03-7a5fc7d99a4d.binning_data.json,62980011,13.926044,13.34248,2025-06-04 10:28:26.419,2025-06-04 10:28:26.419,,13.913439,,1,1.01.04,UTC-0300,hriiVjEkYE,,com.sec.android.app.shealth,2025-06-04 10:23:00.000,8597a69d-7c34-440f-8f03-7a5fc7d99a4d,
62980011,2025-06-05 05:01:00.000,,405fb958-774a-4648-a0aa-0a2d3272a8ba.binning_data.json,62980011,14.189065,0.0,2025-06-05 10:15:24.727,2025-06-05 10:15:24.727,,0.0,,0,1.01.04,UTC-0300,hriiVjEkYE,,com.sec.android.app.shealth,2025-06-05 09:52:00.000,405fb958-774a-4648-a0aa-0a2d3272a8ba,
62980011,2025-06-12 04:05:00.000,,e61d95b8-3247-41c7-b3b8-bc3321696e8d.binning_data.json,62980011,13.969027,0.0,2025-06-12 11:44:43.471,2025-06-12 11:44:43.471,,0.0,,0,1.01.04,UTC-0300,hriiVjEkYE,,com.sec.android.app.shealth,2025-06-12 11:15:00.000,e61d95b8-3247-41c7-b3b8-bc3321696e8d,
62980011,2025-06-14 04:48:00.000,,082dca7a-81ef-43a1-96b9-c30b5b462ddf.binning_data.json,62980011,13.927723,13.875255,2025-06-14 10:06:22.269,2025-06-14 10:06:22.269,,14.163003,,0,1.01.04,UTC-0300,hriiVjEkYE,,com.sec.android.app.shealth,2025-06-14 10:01:00.000,082dca7a-81ef-43a1-96b9-c30b5b462ddf,
62980011,2025-06-14 10:24:00.000,,4f38a618-c696-475e-9d1b-3b4d012b1437.binning_data.json,62980011,13.911609,13.884131,2025-06-14 12:39:13.141,2025-06-14 12:39:13.141,,14.184346,,0,1.01.04,UTC-0300,hriiVjEkYE,,com.sec.android.app.shealth,2025-06-14 12:26:00.000,4f38a618-c696-475e-9d1b-3b4d012b1437,
62980011,2025-06-17 03:35:00.000,,8085e4c9-24fd-4fea-8712-3765e2e04f75.binning_data.json,62980011,13.300556,13.446519,2025-06-17 10:35:56.958,2025-06-17 10:35:56.958,,14.194827,,1,1.01.04,UTC-0300,hriiVjEkYE,,com.sec.android.app.shealth,2025-06-17 10:28:00.000,8085e4c9-24fd-4fea-8712-3765e2e04f75,
62980011,2025-06-19 05:05:00.000,,dc017246-dd59-4f00-8b61-37f483e54b3e.binning_data.json,62980011,14.333088,13.893147,2025-06-19 13:51:32.002,2025-06-19 13:51:32.002,,14.322646,,1,1.01.04,UTC-0300,hriiVjEkYE,,com.sec.android.app.shealth,2025-06-19 13:25:00.000,dc017246-dd59-4f00-8b61-37f483e54b3e,
62980011,2025-06-20 04:01:00.000,,57ed8864-5318-492e-ac97-e2c9f824e875.binning_data.json,62980011,13.369539,13.505655,2025-06-20 10:52:07.001,2025-06-20 10:52:07.001,,14.186472,,1,1.01.04,UTC-0300,hriiVjEkYE,,com.sec.android.app.shealth,2025-06-20 10:46:00.000,57ed8864-5318-492e-ac97-e2c9f824e875,
62980011,2025-06-22 03:39:00.000,,5b74ef82-5d51-4854-99aa-512429e663b0.binning_data.json,62980011,13.277918,13.3417845,2025-06-22 14:23:14.473,2025-06-22 14:23:14.473,,14.151711,,1,1.01.04,UTC-0300,hriiVjEkYE,,com.sec.android.app.shealth,2025-06-22 14:07:00.000,5b74ef82-5d51-4854-99aa-512429e663b0,
62980011,2025-06-22 20:20:00.000,,bbe8e066-2a9a-4693-9226-80460654e12a.binning_data.json,62980011,15.430897,13.370725,2025-06-22 22:24:07.351,2025-06-22 22:24:07.351,,14.878552,,1,1.01.04,UTC-0300,hriiVjEkYE,,com.sec.android.app.shealth,2025-06-22 21:54:00.000,bbe8e066-2a9a-4693-9226-80460654e12a,
62980011,2025-06-23 03:46:00.000,,ab71be71-7ec3-440b-bd3f-0aa1b1d9bef7.binning_data.json,62980011,14.043076,13.889861,2025-06-23 11:08:22.223,2025-06-23 11:08:22.223,,14.143973,,0,1.01.04,UTC-0300,hriiVjEkYE,,com.sec.android.app.shealth,2025-06-23 10:44:00.000,ab71be71-7ec3-440b-bd3f-0aa1b1d9bef7,
62980011,2025-06-24 04:01:00.000,,c9aac5bb-8fd2-4275-87ac-941c1ad43308.binning_data.json,62980011,13.779955,13.806784,2025-06-24 11:41:43.382,2025-06-24 11:41:43.382,,14.121143,,1,1.01.04,UTC-0300,hriiVjEkYE,,com.sec.android.app.shealth,2025-06-24 11:12:00.000,c9aac5bb-8fd2-4275-87ac-941c1ad43308,
62980011,2025-06-25 04:10:00.000,,4f9e799c-5094-48d5-a40d-22f0480ae5f6.binning_data.json,62980011,13.535039,13.675774,2025-06-25 10:32:16.566,2025-06-25 10:32:16.566,,14.173565,,1,1.01.04,UTC-0300,hriiVjEkYE,,com.sec.android.app.shealth,2025-06-25 10:26:00.000,4f9e799c-5094-48d5-a40d-22f0480ae5f6,
62980011,2025-06-26 04:06:00.000,,4a7598da-c086-4620-9a97-3bffc1b2c3d4.binning_data.json,62980011,13.978387,13.892893,2025-06-26 10:39:58.487,2025-06-26 10:39:58.487,,14.12619,,0,1.01.04,UTC-0300,hriiVjEkYE,,com.sec.android.app.shealth,2025-06-26 10:09:00.000,4a7598da-c086-4620-9a97-3bffc1b2c3d4,
62980011,2025-06-27 03:50:00.000,,4490efaf-e07e-4908-9460-6c7d3d2a05ec.binning_data.json,62980011,14.047706,13.907302,2025-06-27 12:03:28.216,2025-06-27 12:03:28.216,,14.127128,,0,1.01.04,UTC-0300,hriiVjEkYE,,com.sec.android.app.shealth,2025-06-27 11:37:00.000,4490efaf-e07e-4908-9460-6c7d3d2a05ec,
62980011,2025-06-28 04:18:00.000,,5cac7475-32cd-4ac0-9519-b26ba7c6d05e.binning_data.json,62980011,13.602463,13.741432,2025-06-28 13:39:17.042,2025-06-28 13:39:17.042,,14.138212,,1,1.01.04,UTC-0300,hriiVjEkYE,,com.sec.android.app.shealth,2025-06-28 13:34:00.000,5cac7475-32cd-4ac0-9519-b26ba7c6d05e,
62980011,2025-06-29 04:58:00.000,,c9190825-74ac-4587-9b0a-325c28ed872a.binning_data.json,62980011,13.722447,13.867817,2025-06-29 17:09:01.595,2025-06-29 17:09:01.595,,14.147356,,1,1.01.04,UTC-0300,hriiVjEkYE,,com.sec.android.app.shealth,2025-06-29 13:41:00.000,c9190825-74ac-4587-9b0a-325c28ed872a,
62980011,2025-07-01 04:43:00.000,,09d8536c-b9e6-4b5a-bc44-94af1772e922.binning_data.json,62980011,14.1559,13.867817,2025-07-01 11:53:55.746,2025-07-01 11:53:55.746,,14.147356,,1,1.01.04,UTC-0300,hriiVjEkYE,,com.sec.android.app.shealth,2025-07-01 11:31:00.000,09d8536c-b9e6-4b5a-bc44-94af1772e922,
62981051,2025-07-03 03:51:00.000,,b8c6e52c-ad6c-44ac-bcfc-7381ec0f8a44.binning_data.json,62981051,13.684726,13.913865,2025-07-03 10:16:41.636,2025-07-03 10:16:41.636,,13.980178,,1,1.01.04,UTC-0300,hriiVjEkYE,,com.sec.android.app.shealth,2025-07-03 10:06:00.000,b8c6e52c-ad6c-44ac-bcfc-7381ec0f8a44,
62981051,2025-07-04 04:32:00.000,,b0c62e6a-f05f-489f-813a-b42defe71337.binning_data.json,62981051,13.4921665,13.913865,2025-07-04 10:50:21.336,2025-07-04 10:50:21.336,,13.980178,,1,1.01.04,UTC-0300,hriiVjEkYE,,com.sec.android.app.shealth,2025-07-04 10:42:00.000,b0c62e6a-f05f-489f-813a-b42defe71337,
62981051,2025-07-07 03:52:00.000,,d9a8f1e3-3c0f-4a6e-bc9d-b79c232f13e2.binning_data.json,62981051,13.938954,13.913865,2025-07-07 11:39:14.164,2025-07-07 11:39:14.164,,13.980178,,0,1.01.04,UTC-0300,hriiVjEkYE,,com.sec.android.app.shealth,2025-07-07 11:34:00.000,d9a8f1e3-3c0f-4a6e-bc9d-b79c232f13e2,
62981051,2025-07-09 03:01:00.000,,72402c73-5d37-4a8b-be05-8ebb9522eed7.binning_data.json,62981051,14.010162,13.911697,2025-07-09 10:19:39.431,2025-07-09 10:19:39.431,,14.044277,,0,1.01.04,UTC-0300,hriiVjEkYE,,com.sec.android.app.shealth,2025-07-09 10:04:00.000,72402c73-5d37-4a8b-be05-8ebb9522eed7,
62981051,2025-07-13 02:51:00.000,,54a0bf39-07a2-4de1-ae16-d2c9ca914091.binning_data.json,62981051,15.146362,13.986248,2025-07-13 04:22:26.716,2025-07-13 04:22:26.716,,14.065687,,1,1.01.04,UTC-0300,hriiVjEkYE,,com.sec.android.app.shealth,2025-07-13 03:52:00.000,54a0bf39-07a2-4de1-ae16-d2c9ca914091,
62981051,2025-07-13 04:49:00.000,,114091af-8e57-44c3-9820-2b1259e20015.binning_data.json,62981051,13.64455,13.986248,2025-07-13 14:32:53.366,2025-07-13 14:32:53.366,,14.065687,,1,1.01.04,UTC-0300,hriiVjEkYE,,com.sec.android.app.shealth,2025-07-13 14:08:00.000,114091af-8e57-44c3-9820-2b1259e20015,
62981051,2025-07-14 04:14:00.000,,134fdcdf-b2e1-409e-9ee5-9173b5dff015.binning_data.json,62981051,13.266424,13.986248,2025-07-14 11:28:49.034,2025-07-14 11:28:49.034,,14.065687,,1,1.01.04,UTC-0300,hriiVjEkYE,,com.sec.android.app.shealth,2025-07-14 11:19:00.000,134fdcdf-b2e1-409e-9ee5-9173b5dff015,
62981051,2025-07-16 03:59:00.000,,a9e09a5f-107e-40a0-bc95-3c8b159e6b91.binning_data.json,62981051,12.888436,13.986248,2025-07-16 11:40:52.216,2025-07-16 11:40:52.216,,14.065687,,1,1.01.04,UTC-0300,hriiVjEkYE,,com.sec.android.app.shealth,2025-07-16 11:33:00.000,a9e09a5f-107e-40a0-bc95-3c8b159e6b91,
62981051,2025-07-17 03:49:00.000,,eb72b759-e4b9-4ce0-8393-07e19902335d.binning_data.json,62981051,13.581129,13.986248,2025-07-17 10:31:24.538,2025-07-17 10:31:24.538,,14.065687,,1,1.01.04,UTC-0300,hriiVjEkYE,,com.sec.android.app.shealth,2025-07-17 10:26:00.000,eb72b759-e4b9-4ce0-8393-07e19902335d,
62981551,2025-07-18 03:43:00.000,,703d69bd-383a-43b1-9ac0-559c63669189.binning_data.json,62981551,13.255782,13.986248,2025-07-18 10:23:15.030,2025-07-18 10:23:15.030,,14.065687,,1,1.01.04,UTC-0300,hriiVjEkYE,,com.sec.android.app.shealth,2025-07-18 10:07:00.000,703d69bd-383a-43b1-9ac0-559c63669189,
62981551,2025-07-19 03:45:00.000,,49c895e3-aacc-4b60-b74a-41f56febb2c5.binning_data.json,62981551,13.325957,13.986248,2025-07-19 13:18:12.679,2025-07-19 13:18:12.679,,14.065687,,1,1.01.04,UTC-0300,hriiVjEkYE,,com.sec.android.app.shealth,2025-07-19 13:05:00.000,49c895e3-aacc-4b60-b74a-41f56febb2c5,
62981551,2025-07-21 03:50:00.000,,5c0bef9a-4ca2-40f6-b8a0-43c92f0890a2.binning_data.json,62981551,13.185504,13.432372,2025-07-21 10:48:59.355,2025-07-21 10:48:59.355,,14.245805,,1,1.01.04,UTC-0300,hriiVjEkYE,,com.sec.android.app.shealth,2025-07-21 10:34:00.000,5c0bef9a-4ca2-40f6-b8a0-43c92f0890a2,
62981551,2025-07-22 04:11:00.000,,415fd3f2-0a30-4470-994f-54745bd59e20.binning_data.json,62981551,13.832547,13.934252,2025-07-22 12:00:18.099,2025-07-22 12:00:18.099,,14.046764,,1,1.01.04,UTC-0300,hriiVjEkYE,,com.sec.android.app.shealth,2025-07-22 11:38:00.000,415fd3f2-0a30-4470-994f-54745bd59e20,
62981551,2025-07-23 03:44:00.000,,3e1e9258-7a95-40cf-9e23-eb62db09bfd2.binning_data.json,62981551,13.754777,13.934252,2025-07-23 10:21:08.914,2025-07-23 10:21:08.914,,14.046764,,1,1.01.04,UTC-0300,hriiVjEkYE,,com.sec.android.app.shealth,2025-07-23 10:09:00.000,3e1e9258-7a95-40cf-9e23-eb62db09bfd2,
62981551,2025-07-24 03:22:00.000,,77a0186b-c412-43ee-8a7b-653e8a0d7d54.binning_data.json,62981551,13.528458,13.943424,2025-07-24 10:35:09.463,2025-07-24 10:35:09.463,,14.056198,,1,1.01.04,UTC-0300,hriiVjEkYE,,com.sec.android.app.shealth,2025-07-24 10:30:00.000,77a0186b-c412-43ee-8a7b-653e8a0d7d54,
62981551,2025-07-25 04:02:00.000,,be2be6c6-d3f7-46fa-bde6-6cba7834790a.binning_data.json,62981551,13.343839,13.409933,2025-07-25 10:37:45.217,2025-07-25 10:37:45.217,,14.158438,,1,1.01.04,UTC-0300,hriiVjEkYE,,com.sec.android.app.shealth,2025-07-25 10:22:00.000,be2be6c6-d3f7-46fa-bde6-6cba7834790a,
62981551,2025-07-27 04:54:00.000,,f596f3b3-4688-4f99-92e0-9e6ff0d7ae87.binning_data.json,62981551,13.359244,13.34683,2025-07-27 15:26:21.052,2025-07-27 15:26:21.052,,14.087294,,0,1.01.04,UTC-0300,hriiVjEkYE,,com.sec.android.app.shealth,2025-07-27 15:01:00.000,f596f3b3-4688-4f99-92e0-9e6ff0d7ae87,
62981551,2025-07-29 05:37:00.000,,a38f4bd7-c77d-405c-b76c-231491a72e93.binning_data.json,62981551,13.788281,13.409284,2025-07-29 11:14:48.026,2025-07-29 11:14:48.026,,14.050406,,0,1.01.04,UTC-0300,hriiVjEkYE,,com.sec.android.app.shealth,2025-07-29 11:07:00.000,a38f4bd7-c77d-405c-b76c-231491a72e93,
62981551,2025-07-30 03:40:00.000,,76899dad-1306-4609-9d80-68c309ca544f.binning_data.json,62981551,13.229875,13.247559,2025-07-30 10:26:51.327,2025-07-30 10:26:51.327,,14.034306,,1,1.01.04,UTC-0300,hriiVjEkYE,,com.sec.android.app.shealth,2025-07-30 10:13:00.000,76899dad-1306-4609-9d80-68c309ca544f,
62981551,2025-08-06 03:55:00.000,,77ee8a30-df7a-40bc-af9c-561da9a0a8e5.binning_data.json,62981551,13.480154,13.266793,2025-08-06 10:36:44.520,2025-08-06 10:36:44.520,,13.731284,,0,1.01.04,UTC-0300,hriiVjEkYE,,com.sec.android.app.shealth,2025-08-06 10:23:00.000,77ee8a30-df7a-40bc-af9c-561da9a0a8e5,
62981551,2025-08-09 04:37:00.000,,41fadf38-cdd6-40bb-ab7f-4648ec872709.binning_data.json,62981551,13.793674,13.34094,2025-08-09 13:23:20.106,2025-08-09 13:23:20.106,,13.821077,,0,1.01.04,UTC-0300,hriiVjEkYE,,com.sec.android.app.shealth,2025-08-09 13:15:00.000,41fadf38-cdd6-40bb-ab7f-4648ec872709,
62981551,2025-08-13 04:36:00.000,,e8a3899a-261a-44e7-9d24-1c2b86cf5b79.binning_data.json,62981551,13.447333,13.332706,2025-08-13 10:24:15.182,2025-08-13 10:24:15.182,,13.7882595,,0,1.01.04,UTC-0300,hriiVjEkYE,,com.sec.android.app.shealth,2025-08-13 10:14:00.000,e8a3899a-261a-44e7-9d24-1c2b86cf5b79,
62981551,2025-08-16 03:35:00.000,,4dd68e54-cfc7-4681-b230-54ec9e44accc.binning_data.json,62981551,13.42534,13.313052,2025-08-16 13:10:51.094,2025-08-16 13:10:51.094,,13.752168,,0,1.01.04,UTC-0300,hriiVjEkYE,,com.sec.android.app.shealth,2025-08-16 13:04:00.000,4dd68e54-cfc7-4681-b230-54ec9e44accc,
62981551,2025-08-19 03:25:00.000,,974d1b52-1192-4f35-970a-a09dbffe9648.binning_data.json,62981551,13.561075,13.332841,2025-08-19 10:00:57.409,2025-08-19 10:00:57.409,,13.73939,,0,1.01.04,UTC-0300,hriiVjEkYE,,com.sec.android.app.shealth,2025-08-19 09:55:00.000,974d1b52-1192-4f35-970a-a09dbffe9648,
62981551,2025-08-20 02:53:00.000,,6e45b2f5-b3ed-4b52-854e-7e34c3734ca3.binning_data.json,62981551,13.477917,13.3363495,2025-08-20 10:38:09.686,2025-08-20 10:38:09.686,,13.721201,,0,1.01.04,UTC-0300,hriiVjEkYE,,com.sec.android.app.shealth,2025-08-20 10:17:00.000,6e45b2f5-b3ed-4b52-854e-7e34c3734ca3,
62981551,2025-08-22 04:01:00.000,,aa6af1ad-f726-456f-8c20-7b8892bd0a81.binning_data.json,62981551,13.652338,13.266793,2025-08-22 12:22:07.474,2025-08-22 12:22:07.474,,13.731284,,0,1.01.04,UTC-0300,hriiVjEkYE,,com.sec.android.app.shealth,2025-08-22 11:56:00.000,aa6af1ad-f726-456f-8c20-7b8892bd0a81,
62981551,2025-08-25 04:12:00.000,,861f3dd9-bd45-486b-be54-2326f7475f0e.binning_data.json,62981551,13.287328,13.34131,2025-08-25 11:51:01.558,2025-08-25 11:51:01.558,,13.701367,,1,1.01.04,UTC-0300,hriiVjEkYE,,com.sec.android.app.shealth,2025-08-25 11:45:00.000,861f3dd9-bd45-486b-be54-2326f7475f0e,
62981551,2025-08-26 04:20:00.000,,0699b61d-d5e1-4354-bdb4-9a20d49f3302.binning_data.json,62981551,13.619871,13.413942,2025-08-26 09:54:27.939,2025-08-26 09:54:27.939,,13.7080345,,0,1.01.04,UTC-0300,hriiVjEkYE,,com.sec.android.app.shealth,2025-08-26 09:49:00.000,0699b61d-d5e1-4354-bdb4-9a20d49f3302,
62981551,2025-08-27 03:53:00.000,,6d3f918e-4e10-4539-ab82-fbdda00764ea.binning_data.json,62981551,13.790661,13.418621,2025-08-27 10:46:37.851,2025-08-27 10:46:37.851,,13.750975,,1,1.01.04,UTC-0300,hriiVjEkYE,,com.sec.android.app.shealth,2025-08-27 10:25:00.000,6d3f918e-4e10-4539-ab82-fbdda00764ea,
62981551,2025-08-29 03:48:00.000,,97496d4d-427f-4904-a9e5-c91a28979d49.binning_data.json,62981551,13.814981,13.40298,2025-08-29 10:34:49.301,2025-08-29 10:34:49.301,,13.799199,,1,1.01.04,UTC-0300,hriiVjEkYE,,com.sec.android.app.shealth,2025-08-29 10:18:00.000,97496d4d-427f-4904-a9e5-c91a28979d49,
62981551,2025-09-01 03:34:00.000,,b1e8e7f2-b0ef-41e5-a5df-29947bd59feb.binning_data.json,62981551,13.518424,13.358512,2025-09-01 11:02:36.478,2025-09-01 11:02:36.478,,13.733451,,0,1.01.04,UTC-0300,hriiVjEkYE,,com.sec.android.app.shealth,2025-09-01 10:49:00.000,b1e8e7f2-b0ef-41e5-a5df-29947bd59feb,
62981551,2025-09-02 04:37:00.000,,69f4ab85-9c30-4ecd-94fb-c641b3d41047.binning_data.json,62981551,13.552194,13.358512,2025-09-02 10:02:07.034,2025-09-02 10:02:07.034,,13.733451,,0,1.01.04,UTC-0300,hriiVjEkYE,,com.sec.android.app.shealth,2025-09-02 09:57:00.000,69f4ab85-9c30-4ecd-94fb-c641b3d41047,
62981551,2025-09-03 03:41:00.000,,8d03d7dc-fcca-41a0-b4a7-440f96f618e0.binning_data.json,62981551,13.890548,13.380716,2025-09-03 10:30:21.310,2025-09-03 10:30:21.310,,13.746374,,1,1.01.04,UTC-0300,hriiVjEkYE,,com.sec.android.app.shealth,2025-09-03 10:12:00.000,8d03d7dc-fcca-41a0-b4a7-440f96f618e0,
62981551,2025-09-07 04:25:00.000,,2133b620-681b-47ad-9f34-bb030f885379.binning_data.json,62981551,13.066168,13.408622,2025-09-07 13:16:10.747,2025-09-07 13:16:10.747,,13.61765,,1,1.01.04,UTC-0300,hriiVjEkYE,,com.sec.android.app.shealth,2025-09-07 13:01:00.000,2133b620-681b-47ad-9f34-bb030f885379,
62981551,2025-09-10 04:01:00.000,,66424f60-b38f-441d-bf63-839c89c41cfe.binning_data.json,62981551,13.231026,13.431794,2025-09-10 11:45:29.152,2025-09-10 11:45:29.152,,13.645543,,1,1.01.04,UTC-0300,hriiVjEkYE,,com.sec.android.app.shealth,2025-09-10 11:20:00.000,66424f60-b38f-441d-bf63-839c89c41cfe,
62981551,2025-09-13 04:05:00.000,,5fda0dcc-c9a6-4f38-bd2d-0223760be4ef.binning_data.json,62981551,13.536451,13.494428,2025-09-13 13:31:20.392,2025-09-13 13:31:20.392,,13.66018,,0,1.01.04,UTC-0300,hriiVjEkYE,,com.sec.android.app.shealth,2025-09-13 13:19:00.000,5fda0dcc-c9a6-4f38-bd2d-0223760be4ef,
62981551,2025-09-14 04:21:00.000,,562c0d39-d810-4438-a39f-498c2c71f90a.binning_data.json,62981551,13.875658,13.494428,2025-09-14 14:08:56.475,2025-09-14 14:08:56.475,,13.66018,,1,1.01.04,UTC-0300,hriiVjEkYE,,com.sec.android.app.shealth,2025-09-14 13:41:00.000,562c0d39-d810-4438-a39f-498c2c71f90a,
62981551,2025-09-15 03:58:00.000,,8fe4cfad-2e30-42f2-ad11-4e2026e863ae.binning_data.json,62981551,13.473128,13.487526,2025-09-15 11:35:02.107,2025-09-15 11:35:02.107,,13.676897,,1,1.01.04,UTC-0300,hriiVjEkYE,,com.sec.android.app.shealth,2025-09-15 11:11:00.000,8fe4cfad-2e30-42f2-ad11-4e2026e863ae,
62981551,2025-09-16 03:01:00.000,,c098d278-4352-423c-ab03-a7c252bd5ed6.binning_data.json,62981551,13.403506,13.447862,2025-09-16 10:03:39.651,2025-09-16 10:03:39.651,,13.646691,,1,1.01.04,UTC-0300,hriiVjEkYE,,com.sec.android.app.shealth,2025-09-16 09:55:00.000,c098d278-4352-423c-ab03-a7c252bd5ed6,
62981551,2025-09-17 03:15:00.000,,45f8df11-7a69-4e32-95be-a2887160407d.binning_data.json,62981551,13.514205,13.526531,2025-09-17 10:11:33.155,2025-09-17 10:11:33.155,,13.669144,,1,1.01.04,UTC-0300,hriiVjEkYE,,com.sec.android.app.shealth,2025-09-17 09:46:00.000,45f8df11-7a69-4e32-95be-a2887160407d,
62981551,2025-09-18 02:42:00.000,,4cb8b7ca-5ce6-4f89-b460-080f6f23823c.binning_data.json,62981551,13.969867,13.522413,2025-09-18 10:30:49.738,2025-09-18 10:30:49.738,,13.655268,,1,1.01.04,UTC-0300,hriiVjEkYE,,com.sec.android.app.shealth,2025-09-18 10:06:00.000,4cb8b7ca-5ce6-4f89-b460-080f6f23823c,
62981551,2025-09-19 03:21:00.000,,4143f90b-03b2-482b-b542-bd89040db7bb.binning_data.json,62981551,13.877979,13.506258,2025-09-19 10:41:56.903,2025-09-19 10:41:56.903,,13.61224,,1,1.01.04,UTC-0300,hriiVjEkYE,,com.sec.android.app.shealth,2025-09-19 10:33:00.000,4143f90b-03b2-482b-b542-bd89040db7bb,
62981551,2025-09-23 02:41:00.000,,a752750b-13d1-4957-ad39-eb206b3014b9.binning_data.json,62981551,13.057443,13.155849,2025-09-23 10:06:01.785,2025-09-23 10:06:01.785,,13.674435,,1,1.01.04,UTC-0300,hriiVjEkYE,,com.sec.android.app.shealth,2025-09-23 10:00:00.000,a752750b-13d1-4957-ad39-eb206b3014b9,
62981551,2025-09-25 03:02:00.000,,f06c0b13-9213-45ed-b104-7cc9560f2366.binning_data.json,62981551,12.90717,13.030657,2025-09-25 10:44:11.180,2025-09-25 10:44:11.180,,13.7119465,,1,1.01.04,UTC-0300,hriiVjEkYE,,com.sec.android.app.shealth,2025-09-25 10:32:00.000,f06c0b13-9213-45ed-b104-7cc9560f2366,
62981551,2025-09-26 03:51:00.000,,ae74ad63-5f2d-496d-b3ce-c2544d49e5eb.binning_data.json,62981551,13.700767,13.480304,2025-09-26 10:21:57.499,2025-09-26 10:21:57.499,,13.662059,,1,1.01.04,UTC-0300,hriiVjEkYE,,com.sec.android.app.shealth,2025-09-26 10:12:00.000,ae74ad63-5f2d-496d-b3ce-c2544d49e5eb,
62981551,2025-09-29 03:35:00.000,,e09932b7-1810-4b60-b83c-5c49293f9ad1.binning_data.json,62981551,13.994081,0.0,2025-09-29 10:14:40.236,2025-09-29 10:14:40.236,,0.0,,0,1.01.04,UTC-0300,hriiVjEkYE,,com.sec.android.app.shealth,2025-09-29 10:09:00.000,e09932b7-1810-4b60-b83c-5c49293f9ad1,
62981551,2025-09-30 03:03:00.000,,1b83709d-b018-4255-9996-fb15ab61c942.binning_data.json,62981551,13.278458,13.223261,2025-09-30 09:46:55.360,2025-09-30 09:46:55.360,,13.963446,,0,1.01.04,UTC-0300,hriiVjEkYE,,com.sec.android.app.shealth,2025-09-30 09:40:00.000,1b83709d-b018-4255-9996-fb15ab61c942,
62981551,2025-09-30 09:51:00.000,,6ba34033-c0c2-4001-9a0e-01e367525584.binning_data.json,62981551,13.690688,13.482871,2025-09-30 11:45:17.235,2025-09-30 11:45:17.235,,13.960441,,0,1.01.04,UTC-0300,hriiVjEkYE,,com.sec.android.app.shealth,2025-09-30 11:29:00.000,6ba34033-c0c2-4001-9a0e-01e367525584,
62981551,2025-10-01 03:24:00.000,,5168bdf2-c5ab-4629-808f-762b8ec37627.binning_data.json,62981551,13.702675,13.331138,2025-10-01 10:40:51.158,2025-10-01 10:40:51.158,,13.91706,,0,1.01.04,UTC-0300,hriiVjEkYE,,com.sec.android.app.shealth,2025-10-01 10:35:00.000,5168bdf2-c5ab-4629-808f-762b8ec37627,
62981551,2025-10-03 04:03:00.000,,69b8d549-1565-4130-adee-d5021d296153.binning_data.json,62981551,13.789395,13.376804,2025-10-03 10:47:47.756,2025-10-03 10:47:47.756,,13.928986,,0,1.01.04,UTC-0300,hriiVjEkYE,,com.sec.android.app.shealth,2025-10-03 10:17:00.000,69b8d549-1565-4130-adee-d5021d296153,
62981551,2025-10-05 04:59:00.000,,37fda530-de75-40b5-8a6e-284a849025cf.binning_data.json,62981551,13.338588,13.301146,2025-10-05 13:58:08.671,2025-10-05 13:58:08.671,,13.889076,,0,1.01.04,UTC-0300,hriiVjEkYE,,com.sec.android.app.shealth,2025-10-05 13:29:00.000,37fda530-de75-40b5-8a6e-284a849025cf,
62981551,2025-10-06 04:03:00.000,,c4c28ab1-d7bc-4f83-b709-55fa2a622c8a.binning_data.json,62981551,13.50813,13.304819,2025-10-06 11:29:23.453,2025-10-06 11:29:23.453,,13.862152,,0,1.01.04,UTC-0300,hriiVjEkYE,,com.sec.android.app.shealth,2025-10-06 11:04:00.000,c4c28ab1-d7bc-4f83-b709-55fa2a622c8a,
62981551,2025-10-07 03:01:00.000,,256104be-4f9d-4a46-8686-17c569646d86.binning_data.json,62981551,13.8129225,13.334411,2025-10-07 10:04:52.202,2025-10-07 10:04:52.202,,13.8843775,,0,1.01.04,UTC-0300,hriiVjEkYE,,com.sec.android.app.shealth,2025-10-07 09:54:00.000,256104be-4f9d-4a46-8686-17c569646d86,
62981551,2025-10-08 03:27:00.000,,0c807eea-f8ba-454e-b5a0-b7f7e642166d.binning_data.json,62981551,13.610243,13.348617,2025-10-08 22:24:21.489,2025-10-08 22:24:21.489,,13.870345,,0,1.01.04,UTC-0300,hriiVjEkYE,,com.sec.android.app.shealth,2025-10-08 10:29:00.000,0c807eea-f8ba-454e-b5a0-b7f7e642166d,
62981551,2025-10-09 03:38:00.000,,b616e443-7c0c-43ef-abe1-eefd2e80a9e2.binning_data.json,62981551,13.010749,13.22418,2025-10-09 10:34:23.438,2025-10-09 10:34:23.438,,13.889477,,1,1.01.04,UTC-0300,hriiVjEkYE,,com.sec.android.app.shealth,2025-10-09 10:29:00.000,b616e443-7c0c-43ef-abe1-eefd2e80a9e2,
62981551,2025-10-10 03:44:00.000,,060bbade-3cef-448c-a09f-46ecb55b9cc6.binning_data.json,62981551,13.809172,13.370741,2025-10-10 10:48:09.481,2025-10-10 10:48:09.481,,13.885092,,0,1.01.04,UTC-0300,hriiVjEkYE,,com.sec.android.app.shealth,2025-10-10 10:42:00.000,060bbade-3cef-448c-a09f-46ecb55b9cc6,
62981551,2025-10-12 07:56:00.000,,89aaa272-419b-4f5e-aa94-a7aeb46d174c.binning_data.json,62981551,13.665199,13.387944,2025-10-12 10:10:58.997,2025-10-12 10:10:58.997,,13.89512,,0,1.01.04,UTC-0300,hriiVjEkYE,,com.sec.android.app.shealth,2025-10-12 09:45:00.000,89aaa272-419b-4f5e-aa94-a7aeb46d174c,
62981551,2025-10-12 14:20:00.000,,97d4d5a9-38c9-4f66-812e-d6d02243b905.binning_data.json,62981551,14.136585,13.34258,2025-10-12 16:25:02.559,2025-10-12 16:25:02.559,,13.965749,,1,1.01.04,UTC-0300,hriiVjEkYE,,com.sec.android.app.shealth,2025-10-12 16:00:00.000,97d4d5a9-38c9-4f66-812e-d6d02243b905,
62981551,2025-10-13 03:45:00.000,,80c8ac3c-0036-4d93-ae40-dab0c5a8a76d.binning_data.json,62981551,13.600875,13.3939,2025-10-14 11:04:12.594,2025-10-14 11:04:12.594,,13.880928,,0,1.01.04,UTC-0300,hriiVjEkYE,,com.sec.android.app.shealth,2025-10-13 11:38:00.000,80c8ac3c-0036-4d93-ae40-dab0c5a8a76d,
62981551,2025-10-16 03:46:00.000,,f4705d9b-153f-4bac-97cc-46fe57f565d1.binning_data.json,62981551,13.440393,13.273812,2025-10-16 10:19:39.364,2025-10-16 10:19:39.364,,14.007791,,0,1.01.04,UTC-0300,hriiVjEkYE,,com.sec.android.app.shealth,2025-10-16 10:11:00.000,f4705d9b-153f-4bac-97cc-46fe57f565d1,
62981551,2025-10-19 03:21:00.000,,4929f963-284e-45ab-bab2-036b041065f0.binning_data.json,62981551,13.685469,13.39883,2025-10-19 13:42:50.691,2025-10-19 13:42:50.691,,13.981787,,0,1.01.04,UTC-0300,hriiVjEkYE,,com.sec.android.app.shealth,2025-10-19 13:23:00.000,4929f963-284e-45ab-bab2-036b041065f0,
62981551,2025-10-22 04:29:00.000,,b6ace626-0a07-4a4f-8107-4d358b099c20.binning_data.json,62981551,13.529889,13.334308,2025-10-22 13:59:13.207,2025-10-22 13:59:13.207,,13.910739,,0,1.01.04,UTC-0300,hriiVjEkYE,,com.sec.android.app.shealth,2025-10-22 13:53:00.000,b6ace626-0a07-4a4f-8107-4d358b099c20,
62981551,2025-10-23 03:45:00.000,,2397c2e3-2a7f-443a-96db-b6aa5d92e0af.binning_data.json,62981551,13.061493,13.349179,2025-10-23 13:52:08.317,2025-10-23 13:52:08.317,,13.892978,,1,1.01.04,UTC-0300,hriiVjEkYE,,com.sec.android.app.shealth,2025-10-23 13:45:00.000,2397c2e3-2a7f-443a-96db-b6aa5d92e0af,
62981551,2025-10-24 03:04:00.000,,b239419b-e589-4c4e-9b8a-9707517f091f.binning_data.json,62981551,13.484842,13.349179,2025-10-24 09:42:33.778,2025-10-24 09:42:33.778,,13.892978,,0,1.01.04,UTC-0300,hriiVjEkYE,,com.sec.android.app.shealth,2025-10-24 09:35:00.000,b239419b-e589-4c4e-9b8a-9707517f091f,
62981551,2025-10-25 02:45:00.000,,c106bccf-afab-4649-a7bb-b210429b2f19.binning_data.json,62981551,13.058863,13.375068,2025-10-25 13:45:27.169,2025-10-25 13:45:27.169,,13.906758,,1,1.01.04,UTC-0300,hriiVjEkYE,,com.sec.android.app.shealth,2025-10-25 13:26:00.000,c106bccf-afab-4649-a7bb-b210429b2f19,
62981551,2025-10-29 03:01:00.000,,76e5db10-9dcd-4d2b-b821-bb9cdf12e683.binning_data.json,62981551,13.962063,13.433009,2025-10-29 09:56:52.464,2025-10-29 09:56:52.464,,13.822055,,1,1.01.04,UTC-0300,hriiVjEkYE,,com.sec.android.app.shealth,2025-10-29 09:42:00.000,76e5db10-9dcd-4d2b-b821-bb9cdf12e683,
62981551,2025-11-01 04:07:00.000,,bd069f44-5082-41df-9ab6-3f4b9e76ca4c.binning_data.json,62981551,13.752173,13.388238,2025-11-01 13:02:16.789,2025-11-01 13:02:16.789,,13.780721,,0,1.01.04,UTC-0300,hriiVjEkYE,,com.sec.android.app.shealth,2025-11-01 12:36:00.000,bd069f44-5082-41df-9ab6-3f4b9e76ca4c,
62981551,2025-11-03 04:00:00.000,,ddbec9b8-8a8d-4a70-81aa-54bcd3e3b356.binning_data.json,62981551,13.907111,13.497111,2025-11-03 10:09:25.559,2025-11-03 10:09:25.559,,13.819552,,1,1.01.04,UTC-0300,hriiVjEkYE,,com.sec.android.app.shealth,2025-11-03 10:02:00.000,ddbec9b8-8a8d-4a70-81aa-54bcd3e3b356,
62981551,2025-11-04 04:09:00.000,,d7b863f9-5e94-4c7c-91ee-d356cded1c61.binning_data.json,62981551,13.783112,13.499777,2025-11-04 10:02:27.411,2025-11-04 10:02:27.411,,13.776464,,1,1.01.04,UTC-0300,hriiVjEkYE,,com.sec.android.app.shealth,2025-11-04 09:37:00.000,d7b863f9-5e94-4c7c-91ee-d356cded1c61,
62981551,2025-11-06 04:02:00.000,,78dbdcf6-338f-4d57-b55e-58a943904d30.binning_data.json,62981551,13.518499,13.493252,2025-11-06 10:31:25.689,2025-11-06 10:31:25.689,,13.7948475,,0,1.01.04,UTC-0300,hriiVjEkYE,,com.sec.android.app.shealth,2025-11-06 10:26:00.000,78dbdcf6-338f-4d57-b55e-58a943904d30,
62981551,2025-11-11 04:06:00.000,,59d9bf30-5fd1-4ec4-9fd1-13faab055185.binning_data.json,62981551,13.556749,13.4350815,2025-11-11 10:04:19.221,2025-11-11 10:04:19.221,,13.670101,,0,1.01.04,UTC-0300,hriiVjEkYE,,com.sec.android.app.shealth,2025-11-11 09:57:00.000,59d9bf30-5fd1-4ec4-9fd1-13faab055185,
62981551,2025-11-12 03:42:00.000,,fc4bec5d-3b02-4ba6-8ae7-2c0494353f7f.binning_data.json,62981551,13.244742,13.471199,2025-11-12 11:57:57.294,2025-11-12 11:57:57.294,,13.688574,,1,1.01.04,UTC-0300,hriiVjEkYE,,com.sec.android.app.shealth,2025-11-12 11:27:00.000,fc4bec5d-3b02-4ba6-8ae7-2c0494353f7f,
62981551,2025-11-14 03:57:00.000,,0c0c5be9-6e34-4e20-810c-40b450a02a66.binning_data.json,62981551,13.346976,13.471199,2025-11-14 10:48:38.379,2025-11-14 10:48:38.379,,13.688574,,1,1.01.04,UTC-0300,hriiVjEkYE,,com.sec.android.app.shealth,2025-11-14 10:29:00.000,0c0c5be9-6e34-4e20-810c-40b450a02a66,
62981551,2025-11-19 03:44:00.000,,0931deac-8f20-4ea2-b7af-01c498acba2d.binning_data.json,62981551,12.994455,13.158448,2025-11-19 10:42:51.675,2025-11-19 10:42:51.675,,13.787078,,1,1.01.04,UTC-0300,hriiVjEkYE,,com.sec.android.app.shealth,2025-11-19 10:32:00.000,0931deac-8f20-4ea2-b7af-01c498acba2d,
62981551,2025-11-21 04:13:00.000,,e64dfc1b-aecb-4864-9a52-4c8d0ab4ba92.binning_data.json,62981551,14.249289,13.407714,2025-11-21 10:43:38.847,2025-11-21 10:43:38.847,,14.135276,,1,1.01.04,UTC-0300,hriiVjEkYE,,com.sec.android.app.shealth,2025-11-21 10:15:00.000,e64dfc1b-aecb-4864-9a52-4c8d0ab4ba92,
62981551,2025-11-22 04:59:00.000,,b4d87f23-504b-4de7-86c0-399a1a4256f3.binning_data.json,62981551,13.588977,13.50551,2025-11-22 12:11:15.252,2025-11-22 12:11:15.252,,13.730932,,0,1.01.04,UTC-0300,hriiVjEkYE,,com.sec.android.app.shealth,2025-11-22 12:06:00.000,b4d87f23-504b-4de7-86c0-399a1a4256f3,
62981551,2025-11-23 03:03:00.000,,22d24571-0dfd-4d15-a6e5-a6724abce345.binning_data.json,62981551,13.504641,13.473727,2025-11-23 14:32:53.812,2025-11-23 14:32:53.812,,13.696328,,0,1.01.04,UTC-0300,hriiVjEkYE,,com.sec.android.app.shealth,2025-11-23 14:09:00.000,22d24571-0dfd-4d15-a6e5-a6724abce345,
62981551,2025-11-24 04:04:00.000,,b427feec-fd08-4dfe-a040-aae0ae339088.binning_data.json,62981551,13.534552,13.473805,2025-11-24 10:28:33.724,2025-11-24 10:28:33.724,,13.682269,,0,1.01.04,UTC-0300,hriiVjEkYE,,com.sec.android.app.shealth,2025-11-24 10:23:00.000,b427feec-fd08-4dfe-a040-aae0ae339088,
62981551,2025-11-25 02:48:00.000,,e006df7b-e356-412e-b3f5-3b9c48a4913c.binning_data.json,62981551,13.2367325,13.354341,2025-11-25 10:21:47.211,2025-11-25 10:21:47.211,,13.708423,,1,1.01.04,UTC-0300,hriiVjEkYE,,com.sec.android.app.shealth,2025-11-25 09:55:00.000,e006df7b-e356-412e-b3f5-3b9c48a4913c,
62981551,2025-11-26 03:50:00.000,,368d5a1c-6477-4141-aeb2-3f502a227ce5.binning_data.json,62981551,13.050011,13.498168,2025-11-26 11:43:14.018,2025-11-26 11:43:14.018,,13.758466,,1,1.01.04,UTC-0300,hriiVjEkYE,,com.sec.android.app.shealth,2025-11-26 11:35:00.000,368d5a1c-6477-4141-aeb2-3f502a227ce5,
62981551,2025-11-28 03:49:00.000,,22ddf19c-6d8f-4b0b-be5d-dbfa90e495a7.binning_data.json,62981551,13.272251,13.498168,2025-11-28 10:14:20.316,2025-11-28 10:14:20.316,,13.758466,,1,1.01.04,UTC-0300,hriiVjEkYE,,com.sec.android.app.shealth,2025-11-28 10:07:00.000,22ddf19c-6d8f-4b0b-be5d-dbfa90e495a7,
62981551,2025-12-01 03:03:00.000,,abb4c163-07e8-4501-af50-4a3c0d3710ca.binning_data.json,62981551,13.875048,13.430048,2025-12-01 10:07:32.209,2025-12-01 10:07:32.209,,13.749319,,1,1.01.04,UTC-0300,hriiVjEkYE,,com.sec.android.app.shealth,2025-12-01 09:49:00.000,abb4c163-07e8-4501-af50-4a3c0d3710ca,
62981551,2025-12-02 03:26:00.000,,5c6d1449-8ded-4188-b6dc-03740233c1a1.binning_data.json,62981551,13.464554,13.475802,2025-12-02 10:28:56.224,2025-12-02 10:28:56.224,,13.574239,,1,1.01.04,UTC-0300,hriiVjEkYE,,com.sec.android.app.shealth,2025-12-02 10:03:00.000,5c6d1449-8ded-4188-b6dc-03740233c1a1,
62981551,2025-12-04 03:19:00.000,,a931ac18-fcac-4f5a-a361-39b981ef6350.binning_data.json,62981551,13.772617,13.465996,2025-12-04 10:44:58.261,2025-12-04 10:44:58.261,,13.703276,,1,1.01.04,UTC-0300,hriiVjEkYE,,com.sec.android.app.shealth,2025-12-04 10:44:00.000,a931ac18-fcac-4f5a-a361-39b981ef6350,
62981551,2025-12-05 03:43:00.000,,24bee1d8-b05a-45d9-b923-0f96a0147ca3.binning_data.json,62981551,13.4575205,13.468471,2025-12-05 10:43:53.243,2025-12-05 10:43:53.243,,13.581199,,1,1.01.04,UTC-0300,hriiVjEkYE,,com.sec.android.app.shealth,2025-12-05 10:19:00.000,24bee1d8-b05a-45d9-b923-0f96a0147ca3,
62981551,2025-12-06 03:45:00.000,,c0dafaab-c5b9-449c-bd96-5706b35f6403.binning_data.json,62981551,13.94818,13.4311495,2025-12-06 13:16:15.992,2025-12-06 13:16:15.992,,13.839557,,1,1.01.04,UTC-0300,hriiVjEkYE,,com.sec.android.app.shealth,2025-12-06 12:50:00.000,c0dafaab-c5b9-449c-bd96-5706b35f6403,
62981551,2025-12-07 04:26:00.000,,54a55b78-4fd5-4e4c-a5ca-9835a0f207c4.binning_data.json,62981551,13.745608,13.4702015,2025-12-07 11:06:31.599,2025-12-07 11:06:31.599,,13.682564,,1,1.01.04,UTC-0300,hriiVjEkYE,,com.sec.android.app.shealth,2025-12-07 10:37:00.000,54a55b78-4fd5-4e4c-a5ca-9835a0f207c4,
62981551,2025-12-08 05:28:00.000,,22274145-adfd-4b2b-a796-61a023d9aa12.binning_data.json,62981551,13.431674,13.449073,2025-12-08 10:09:15.009,2025-12-08 10:09:15.009,,13.591725,,1,1.01.04,UTC-0300,hriiVjEkYE,,com.sec.android.app.shealth,2025-12-08 09:44:00.000,22274145-adfd-4b2b-a796-61a023d9aa12,
62981551,2025-12-09 03:00:00.000,,8bd6c051-9b69-4d7f-b442-5821f9a0c722.binning_data.json,62981551,14.011403,13.381283,2025-12-09 21:36:52.089,2025-12-09 21:36:52.089,,13.896875,,1,1.01.04,UTC-0300,hriiVjEkYE,,com.sec.android.app.shealth,2025-12-09 10:03:00.000,8bd6c051-9b69-4d7f-b442-5821f9a0c722,
62981551,2025-12-11 03:05:00.000,,6a959d96-5d09-4bf2-ac2b-61807737c681.binning_data.json,62981551,13.547851,13.491993,2025-12-11 11:52:45.372,2025-12-11 11:52:45.372,,13.580713,,0,1.01.04,UTC-0300,hriiVjEkYE,,com.sec.android.app.shealth,2025-12-11 11:24:00.000,6a959d96-5d09-4bf2-ac2b-61807737c681,
62981551,2025-12-14 06:29:00.000,,98e8ece0-400b-4bb5-9b66-d4e9fc746398.binning_data.json,62981551,13.425598,13.491993,2025-12-16 12:58:54.569,2025-12-16 12:58:54.569,,13.580713,,1,1.01.04,UTC-0300,hriiVjEkYE,,com.sec.android.app.shealth,2025-12-14 15:14:00.000,98e8ece0-400b-4bb5-9b66-d4e9fc746398,
62981551,2025-12-19 03:46:00.000,,81f2e5c3-0319-4b9c-9610-807e709dd025.binning_data.json,62981551,13.603089,13.491993,2025-12-19 10:49:59.425,2025-12-19 10:49:59.425,,13.580713,,1,1.01.04,UTC-0300,hriiVjEkYE,,com.sec.android.app.shealth,2025-12-19 10:24:00.000,81f2e5c3-0319-4b9c-9610-807e709dd025,
62981551,2025-12-22 03:57:00.000,,8abdd561-1748-4f38-aa9c-7381d6d4df88.binning_data.json,62981551,12.51603,0.0,2025-12-22 11:30:33.477,2025-12-22 11:30:33.477,,0.0,,0,1.01.04,UTC-0300,hriiVjEkYE,,com.sec.android.app.shealth,2025-12-22 11:04:00.000,8abdd561-1748-4f38-aa9c-7381d6d4df88,
62981551,2025-12-23 03:52:00.000,,3797dcf7-49e0-44ab-8dfd-524fb003c465.binning_data.json,62981551,13.179858,12.574442,2025-12-23 11:21:17.899,2025-12-23 11:21:17.899,,13.644173,,0,1.01.04,UTC-0300,hriiVjEkYE,,com.sec.android.app.shealth,2025-12-23 11:21:00.000,3797dcf7-49e0-44ab-8dfd-524fb003c465,
62981551,2025-12-28 05:05:00.000,,8f0b3a10-ac52-469f-bb19-09748c12517e.binning_data.json,62981551,13.665786,12.710274,2025-12-28 14:55:02.930,2025-12-28 14:55:02.930,,13.836403,,0,1.01.04,UTC-0300,hriiVjEkYE,,com.sec.android.app.shealth,2025-12-28 14:29:00.000,8f0b3a10-ac52-469f-bb19-09748c12517e,
62981551,2025-12-29 04:49:00.000,,c0ecf782-bcf2-422d-8d6a-1200ef7f1641.binning_data.json,62981551,13.79626,12.744924,2025-12-29 08:18:21.307,2025-12-29 08:18:21.307,,13.898179,,0,1.01.04,UTC-0300,hriiVjEkYE,,com.sec.android.app.shealth,2025-12-29 08:18:00.000,c0ecf782-bcf2-422d-8d6a-1200ef7f1641,
62981551,2025-12-29 08:23:00.000,,a5e177ce-59c5-420c-930d-3c9b0ca02e08.binning_data.json,62981551,13.956084,12.710877,2025-12-29 11:55:22.263,2025-12-29 11:55:22.263,,13.95399,,1,1.01.04,UTC-0300,hriiVjEkYE,,com.sec.android.app.shealth,2025-12-29 11:31:00.000,a5e177ce-59c5-420c-930d-3c9b0ca02e08,
62981551,2026-01-01 08:01:00.000,,0ded9b06-6be2-4b6b-b46f-1b59a61230e2.binning_data.json,62981551,13.850196,12.825153,2026-01-01 14:50:15.128,2026-01-01 14:50:15.128,,13.980413,,0,1.01.04,UTC-0300,hriiVjEkYE,,com.sec.android.app.shealth,2026-01-01 14:40:00.000,0ded9b06-6be2-4b6b-b46f-1b59a61230e2,
62981551,2026-01-06 03:26:00.000,,42027bb4-1fd0-4380-9cf3-1aa022da6395.binning_data.json,62981551,14.075279,12.79435,2026-01-06 04:39:53.066,2026-01-06 04:39:53.066,,14.032509,,1,1.01.04,UTC-0300,hriiVjEkYE,,com.sec.android.app.shealth,2026-01-06 04:34:00.000,42027bb4-1fd0-4380-9cf3-1aa022da6395,
62981551,2026-01-06 05:01:00.000,,d1c4a2d9-76b8-4aef-ba87-a04a1342a9f3.binning_data.json,62981551,13.425873,12.87116,2026-01-06 11:44:55.057,2026-01-06 11:44:55.057,,13.940557,,0,1.01.04,UTC-0300,hriiVjEkYE,,com.sec.android.app.shealth,2026-01-06 11:34:00.000,d1c4a2d9-76b8-4aef-ba87-a04a1342a9f3,
62981551,2026-01-07 03:52:00.000,,d1c0e182-c5aa-44ef-bde0-5aa96efac82d.binning_data.json,62981551,13.96074,12.88888,2026-01-07 11:57:53.992,2026-01-07 11:57:53.992,,14.056089,,0,1.01.04,UTC-0300,hriiVjEkYE,,com.sec.android.app.shealth,2026-01-07 11:32:00.000,d1c0e182-c5aa-44ef-bde0-5aa96efac82d,
63001751,2026-01-09 04:44:00.000,,be455a32-329a-44af-95a5-19996888ed5d.binning_data.json,63001751,13.282824,12.897745,2026-01-09 11:42:02.251,2026-01-09 11:42:02.251,,14.002169,,0,1.01.04,UTC-0300,hriiVjEkYE,,com.sec.android.app.shealth,2026-01-09 11:18:00.000,be455a32-329a-44af-95a5-19996888ed5d,
63070031,2026-01-11 02:49:00.000,,836f7ea7-ec14-4346-8679-0edc8e8d1861.binning_data.json,63070031,14.041942,12.953076,2026-01-11 10:41:17.496,2026-01-11 10:41:17.496,,14.090182,,0,1.01.04,UTC-0300,hriiVjEkYE,,com.sec.android.app.shealth,2026-01-11 10:17:00.000,836f7ea7-ec14-4346-8679-0edc8e8d1861,
63070031,2026-01-14 04:03:00.000,,3c92518e-3de6-4cfa-b877-401ef4c6732e.binning_data.json,63070031,13.448746,12.620855,2026-01-14 10:31:51.121,2026-01-14 10:31:51.121,,13.880051,,0,1.01.04,UTC-0300,hriiVjEkYE,,com.sec.android.app.shealth,2026-01-14 10:02:00.000,3c92518e-3de6-4cfa-b877-401ef4c6732e,
63070031,2026-01-16 03:23:00.000,,83d4d686-62e7-4f23-8bd6-d9531ff05891.binning_data.json,63070031,13.420906,12.620855,2026-01-16 10:33:52.372,2026-01-16 10:33:52.372,,13.880051,,0,1.01.04,UTC-0300,hriiVjEkYE,,com.sec.android.app.shealth,2026-01-16 10:22:00.000,83d4d686-62e7-4f23-8bd6-d9531ff05891,
63070031,2026-01-17 04:45:00.000,,60fc24c2-3271-42e2-883d-8805df5c005a.binning_data.json,63070031,14.556302,12.736864,2026-01-17 10:19:59.093,2026-01-17 10:19:59.093,,13.995108,,1,1.01.04,UTC-0300,hriiVjEkYE,,com.sec.android.app.shealth,2026-01-17 09:47:00.000,60fc24c2-3271-42e2-883d-8805df5c005a,
63070031,2026-01-19 04:17:00.000,,c1815ee0-478c-4b6f-a47a-f47beec6877a.binning_data.json,63070031,14.212139,13.649623,2026-01-19 11:43:43.190,2026-01-19 11:43:43.190,,13.850087,,1,1.01.04,UTC-0300,hriiVjEkYE,,com.sec.android.app.shealth,2026-01-19 11:22:00.000,c1815ee0-478c-4b6f-a47a-f47beec6877a,
63070031,2026-01-22 04:05:00.000,,a26ca3c3-7c42-454d-a458-64b89a2f62f1.binning_data.json,63070031,13.673058,13.46289,2026-01-22 10:46:30.434,2026-01-22 10:46:30.434,,13.874085,,0,1.01.04,UTC-0300,hriiVjEkYE,,com.sec.android.app.shealth,2026-01-22 10:16:00.000,a26ca3c3-7c42-454d-a458-64b89a2f62f1,
63070031,2026-01-24 05:55:00.000,,65d4764e-8893-48ae-a42d-1a3b1e6565f8.binning_data.json,63070031,13.763213,13.508069,2026-01-24 11:15:34.261,2026-01-24 11:15:34.261,,13.966662,,0,1.01.04,UTC-0300,hriiVjEkYE,,com.sec.android.app.shealth,2026-01-24 10:51:00.000,65d4764e-8893-48ae-a42d-1a3b1e6565f8,
63070031,2026-01-24 11:12:00.000,,d6ef490a-e060-402d-be6f-fb571e35b501.binning_data.json,63070031,13.5898285,13.365634,2026-01-24 14:03:29.292,2026-01-24 14:03:29.292,,13.962693,,0,1.01.04,UTC-0300,hriiVjEkYE,,com.sec.android.app.shealth,2026-01-24 13:33:00.000,d6ef490a-e060-402d-be6f-fb571e35b501,
63070031,2026-01-25 02:30:00.000,,699b5027-4b6a-42ee-972a-8e04ab58c2d7.binning_data.json,63070031,13.932216,13.293435,2026-01-27 03:36:43.203,2026-01-27 03:36:43.203,,14.002027,,0,1.01.04,UTC-0300,hriiVjEkYE,,com.sec.android.app.shealth,2026-01-25 04:59:00.000,699b5027-4b6a-42ee-972a-8e04ab58c2d7,
63070031,2026-01-27 03:48:00.000,,550c8649-8066-4cf0-99a7-651ac27083df.binning_data.json,63070031,13.640961,13.354291,2026-01-27 10:36:01.902,2026-01-27 10:36:01.902,,14.110885,,0,1.01.04,UTC-0300,hriiVjEkYE,,com.sec.android.app.shealth,2026-01-27 10:06:00.000,550c8649-8066-4cf0-99a7-651ac27083df,
63070031,2026-01-28 03:58:00.000,,9df918b2-5021-479d-8e9c-20dab8245e5a.binning_data.json,63070031,13.889973,13.354291,2026-01-28 10:52:15.213,2026-01-28 10:52:15.213,,14.110885,,0,1.01.04,UTC-0300,hriiVjEkYE,,com.sec.android.app.shealth,2026-01-28 10:29:00.000,9df918b2-5021-479d-8e9c-20dab8245e5a,
63070031,2026-01-30 03:58:00.000,,d96de2c9-098b-406b-9c42-308e8bd06eb3.binning_data.json,63070031,14.467429,13.273609,2026-01-30 11:03:51.223,2026-01-30 11:03:51.223,,14.046644,,1,1.01.04,UTC-0300,hriiVjEkYE,,com.sec.android.app.shealth,2026-01-30 10:55:00.000,d96de2c9-098b-406b-9c42-308e8bd06eb3,
63070031,2026-01-31 03:24:00.000,,c7c04534-3dd2-4e9f-a445-3d66ed001854.binning_data.json,63070031,12.959293,13.254611,2026-01-31 13:32:22.054,2026-01-31 13:32:22.054,,13.986815,,1,1.01.04,UTC-0300,hriiVjEkYE,,com.sec.android.app.shealth,2026-01-31 13:07:00.000,c7c04534-3dd2-4e9f-a445-3d66ed001854,
63070031,2026-02-02 04:08:00.000,,578ca28b-0688-42a2-a14d-d794a0b6f892.binning_data.json,63070031,13.616856,13.269772,2026-02-02 11:52:52.446,2026-02-02 11:52:52.446,,14.043985,,0,1.01.04,UTC-0300,hriiVjEkYE,,com.sec.android.app.shealth,2026-02-02 11:26:00.000,578ca28b-0688-42a2-a14d-d794a0b6f892,
63070031,2026-02-03 03:56:00.000,,d228e74e-a2b0-4c35-b872-52beeb07d253.binning_data.json,63070031,15.393661,13.269772,2026-02-03 11:46:52.026,2026-02-03 11:46:52.026,,14.043985,,1,1.01.04,UTC-0300,hriiVjEkYE,,com.sec.android.app.shealth,2026-02-03 11:36:00.000,d228e74e-a2b0-4c35-b872-52beeb07d253,
63070031,2026-02-05 03:41:00.000,,412933af-6386-438d-b3cb-65876eff99c4.binning_data.json,63070031,14.144737,13.2018585,2026-02-05 10:37:26.513,2026-02-05 10:37:26.513,,13.932528,,1,1.01.04,UTC-0300,hriiVjEkYE,,com.sec.android.app.shealth,2026-02-05 10:08:00.000,412933af-6386-438d-b3cb-65876eff99c4,
63070031,2026-02-08 04:16:00.000,,8b975643-47bf-4131-9692-cfe3d3ca2525.binning_data.json,63070031,13.775476,13.380168,2026-02-08 12:07:40.163,2026-02-08 12:07:40.163,,13.74558,,1,1.01.04,UTC-0300,hriiVjEkYE,,com.sec.android.app.shealth,2026-02-08 11:42:00.000,8b975643-47bf-4131-9692-cfe3d3ca2525,
63070031,2026-02-09 04:44:00.000,,9de07183-d632-44e4-a238-73dd59fe554e.binning_data.json,63070031,14.2291765,13.362394,2026-02-09 11:36:30.419,2026-02-09 11:36:30.419,,13.820734,,1,1.01.04,UTC-0300,hriiVjEkYE,,com.sec.android.app.shealth,2026-02-09 11:11:00.000,9de07183-d632-44e4-a238-73dd59fe554e,
63070031,2026-02-11 04:16:00.000,,b35a85c7-159f-4edc-b8fa-968178cd17d5.binning_data.json,63070031,13.678159,13.409099,2026-02-11 10:31:30.936,2026-02-11 10:31:30.936,,13.851026,,0,1.01.04,UTC-0300,hriiVjEkYE,,com.sec.android.app.shealth,2026-02-11 10:16:00.000,b35a85c7-159f-4edc-b8fa-968178cd17d5,
63070031,2026-02-18 03:52:00.000,,55e2f610-67cf-45cc-8097-dd897ae9c200.binning_data.json,63070031,13.873318,13.557014,2026-02-18 11:57:37.126,2026-02-18 11:57:37.126,,13.8933735,,0,1.01.04,UTC-0300,hriiVjEkYE,,com.sec.android.app.shealth,2026-02-18 11:27:00.000,55e2f610-67cf-45cc-8097-dd897ae9c200,
63070031,2026-02-19 03:58:00.000,,8aa2d8ba-ba3f-465a-bc67-a7ca3a075199.binning_data.json,63070031,13.208577,13.557014,2026-02-19 10:36:42.604,2026-02-19 10:36:42.604,,13.8933735,,1,1.01.04,UTC-0300,hriiVjEkYE,,com.sec.android.app.shealth,2026-02-19 10:23:00.000,8aa2d8ba-ba3f-465a-bc67-a7ca3a075199,
63070031,2026-02-21 04:06:00.000,,26c917b4-acdc-42ec-bc0b-5f4ac6a423fe.binning_data.json,63070031,13.72668,13.558986,2026-02-21 13:41:40.422,2026-02-21 13:41:40.422,,13.867703,,0,1.01.04,UTC-0300,hriiVjEkYE,,com.sec.android.app.shealth,2026-02-21 13:13:00.000,26c917b4-acdc-42ec-bc0b-5f4ac6a423fe,
63070031,2026-02-22 03:33:00.000,,4d11809f-d081-4c62-bdd3-05cb6d51195c.binning_data.json,63070031,14.147747,13.558986,2026-02-23 15:58:43.863,2026-02-23 15:58:43.863,,13.867703,,1,1.01.04,UTC-0300,hriiVjEkYE,,com.sec.android.app.shealth,2026-02-22 09:35:00.000,4d11809f-d081-4c62-bdd3-05cb6d51195c,
63070031,2026-02-24 04:21:00.000,,dde055a8-406c-45d0-8195-86ef8a483ede.binning_data.json,63070031,13.346503,13.44409,2026-02-24 11:08:07.749,2026-02-24 11:08:07.749,,13.877886,,1,1.01.04,UTC-0300,hriiVjEkYE,,com.sec.android.app.shealth,2026-02-24 11:07:00.000,dde055a8-406c-45d0-8195-86ef8a483ede,
63070031,2026-02-27 03:22:00.000,,406196f3-d29a-4bac-bbf5-51c639075898.binning_data.json,63070031,13.348804,13.435093,2026-02-27 11:04:23.672,2026-02-27 11:04:23.672,,13.865742,,1,1.01.04,UTC-0300,hriiVjEkYE,,com.sec.android.app.shealth,2026-02-27 10:39:00.000,406196f3-d29a-4bac-bbf5-51c639075898,
63070031,2026-03-02 03:13:00.000,,a9d82307-f7c1-4289-8985-3759ca457659.binning_data.json,63070031,13.28459,13.378623,2026-03-02 10:25:59.470,2026-03-02 10:25:59.470,,13.923717,,1,1.01.04,UTC-0300,hriiVjEkYE,,com.sec.android.app.shealth,2026-03-02 10:05:00.000,a9d82307-f7c1-4289-8985-3759ca457659,
63070031,2026-03-04 03:38:00.000,,a8425ec1-e0ef-425f-ad97-93e46a8d1861.binning_data.json,63070031,13.611708,13.609135,2026-03-04 10:35:10.426,2026-03-04 10:35:10.426,,13.850271,,0,1.01.04,UTC-0300,hriiVjEkYE,,com.sec.android.app.shealth,2026-03-04 10:19:00.000,a8425ec1-e0ef-425f-ad97-93e46a8d1861,
63070031,2026-03-07 02:57:00.000,,74b410fb-71e4-4f31-965e-4176a9c04851.binning_data.json,63070031,13.430102,13.472859,2026-03-07 13:01:57.104,2026-03-07 13:01:57.104,,13.836551,,1,1.01.04,UTC-0300,hriiVjEkYE,,com.sec.android.app.shealth,2026-03-07 12:36:00.000,74b410fb-71e4-4f31-965e-4176a9c04851,
63070031,2026-03-10 04:00:00.000,,84fed946-694b-4b8a-995b-519f72dc1563.binning_data.json,63070031,13.863944,13.632514,2026-03-10 10:33:51.460,2026-03-10 10:33:51.460,,13.901889,,0,1.01.04,UTC-0300,hriiVjEkYE,,com.sec.android.app.shealth,2026-03-10 10:07:00.000,84fed946-694b-4b8a-995b-519f72dc1563,
63100571,2026-03-11 04:02:00.000,,d5a27402-3d8f-4c14-a0e5-e3e7239077f0.binning_data.json,63100571,13.444282,13.533084,2026-03-11 23:21:58.952,2026-03-11 23:21:58.952,,13.947364,,1,1.01.04,UTC-0300,hriiVjEkYE,,com.sec.android.app.shealth,2026-03-11 07:00:00.000,d5a27402-3d8f-4c14-a0e5-e3e7239077f0,
63100571,2026-03-12 03:12:00.000,,329ee381-2009-4254-b1b0-2cbf2e5df311.binning_data.json,63100571,13.325643,13.429776,2026-03-12 10:30:38.554,2026-03-12 10:30:38.554,,13.9342985,,1,1.01.04,UTC-0300,hriiVjEkYE,,com.sec.android.app.shealth,2026-03-12 10:05:00.000,329ee381-2009-4254-b1b0-2cbf2e5df311,
63100571,2026-03-13 03:57:00.000,,8a5f1f2e-8175-474f-93e1-194e8cd222c3.binning_data.json,63100571,13.386138,13.475895,2026-03-13 10:25:52.423,2026-03-13 10:25:52.423,,13.928862,,1,1.01.04,UTC-0300,hriiVjEkYE,,com.sec.android.app.shealth,2026-03-13 10:25:00.000,8a5f1f2e-8175-474f-93e1-194e8cd222c3,
63110011,2026-03-21 04:35:00.000,,1b3f6406-e667-42ff-a02a-3819bb796ad2.binning_data.json,63110011,13.595601,13.534192,2026-03-21 11:15:33.545,2026-03-21 11:15:33.545,,13.8414545,,0,1.01.04,UTC-0300,hriiVjEkYE,,com.sec.android.app.shealth,2026-03-21 10:57:00.000,1b3f6406-e667-42ff-a02a-3819bb796ad2,
63110011,2026-03-24 03:34:00.000,,076e613f-77d1-4d1f-b133-8ac5bfd743c0.binning_data.json,63110011,13.945475,13.571011,2026-03-24 11:46:17.681,2026-03-24 11:46:17.681,,13.9550705,,0,1.01.04,UTC-0300,hriiVjEkYE,,com.sec.android.app.shealth,2026-03-24 11:21:00.000,076e613f-77d1-4d1f-b133-8ac5bfd743c0,
63110011,2026-03-28 03:33:00.000,,7eaebd97-303b-4d25-bb18-a0516fa979c1.binning_data.json,63110011,13.534903,13.504646,2026-03-28 12:13:49.823,2026-03-28 12:13:49.823,,13.911736,,0,1.01.04,UTC-0300,hriiVjEkYE,,com.sec.android.app.shealth,2026-03-28 11:49:00.000,7eaebd97-303b-4d25-bb18-a0516fa979c1,
63110011,2026-03-29 04:25:00.000,,7e2601bb-f80c-48f5-9c3e-9ca7de8eea66.binning_data.json,63110011,13.994726,13.522158,2026-03-30 03:39:41.294,2026-03-30 03:39:41.294,,13.978899,,1,1.01.04,UTC-0300,hriiVjEkYE,,com.sec.android.app.shealth,2026-03-29 10:44:00.000,7e2601bb-f80c-48f5-9c3e-9ca7de8eea66,
63110011,2026-03-30 03:54:00.000,,43680913-4207-4a9f-aa7c-fb3faabba1ca.binning_data.json,63110011,13.782978,13.530954,2026-03-30 10:39:57.280,2026-03-30 10:39:57.280,,13.908712,,0,1.01.04,UTC-0300,hriiVjEkYE,,com.sec.android.app.shealth,2026-03-30 10:14:00.000,43680913-4207-4a9f-aa7c-fb3faabba1ca,
63110011,2026-03-31 03:59:00.000,,72623606-d0b3-4ec8-b160-c59e077a632d.binning_data.json,63110011,14.072474,13.532263,2026-03-31 10:30:58.646,2026-03-31 10:30:58.646,,13.997461,,1,1.01.04,UTC-0300,hriiVjEkYE,,com.sec.android.app.shealth,2026-03-31 10:10:00.000,72623606-d0b3-4ec8-b160-c59e077a632d,
63110011,2026-04-03 20:50:00.000,,9bff0c1a-8e1b-4919-8fe6-4bcc5cec6fbc.binning_data.json,63110011,14.46559,13.377087,2026-04-03 22:51:58.837,2026-04-03 22:51:58.837,,14.17087,,1,1.01.04,UTC-0300,hriiVjEkYE,,com.sec.android.app.shealth,2026-04-03 22:21:00.000,9bff0c1a-8e1b-4919-8fe6-4bcc5cec6fbc,
63110011,2026-04-05 03:44:00.000,,ce828208-e74f-4a86-ad29-3f2fef67c25e.binning_data.json,63110011,13.972426,13.587959,2026-04-05 14:55:22.572,2026-04-05 14:55:22.572,,14.004581,,0,1.01.04,UTC-0300,hriiVjEkYE,,com.sec.android.app.shealth,2026-04-05 14:27:00.000,ce828208-e74f-4a86-ad29-3f2fef67c25e,
63110011,2026-04-06 04:33:00.000,,2442ebec-cec2-4258-9d36-78cbea7022b3.binning_data.json,63110011,14.380988,13.508554,2026-04-06 10:24:52.340,2026-04-06 10:24:52.340,,14.210453,,1,1.01.04,UTC-0300,hriiVjEkYE,,com.sec.android.app.shealth,2026-04-06 09:59:00.000,2442ebec-cec2-4258-9d36-78cbea7022b3,
63110011,2026-04-08 03:59:00.000,,1a26bf0c-5328-4693-a33a-b1fd198b1871.binning_data.json,63110011,13.9729805,13.584928,2026-04-08 10:11:01.725,2026-04-08 10:11:01.725,,14.03402,,0,1.01.04,UTC-0300,hriiVjEkYE,,com.sec.android.app.shealth,2026-04-08 09:45:00.000,1a26bf0c-5328-4693-a33a-b1fd198b1871,
63110011,2026-04-12 04:24:00.000,,e59f0de5-617e-4ee1-8b3d-55434cafa308.binning_data.json,63110011,14.026068,13.468509,2026-04-12 13:48:16.893,2026-04-12 13:48:16.893,,13.920918,,1,1.01.04,UTC-0300,hriiVjEkYE,,com.sec.android.app.shealth,2026-04-12 13:22:00.000,e59f0de5-617e-4ee1-8b3d-55434cafa308,
63110011,2026-04-16 04:13:00.000,,6f52fe6a-836a-4ff7-9bca-ef2cdd1d5b4a.binning_data.json,63110011,14.229693,13.512589,2026-04-16 10:43:50.173,2026-04-16 10:43:50.173,,13.916535,,1,1.01.04,UTC-0300,hriiVjEkYE,,com.sec.android.app.shealth,2026-04-16 10:15:00.000,6f52fe6a-836a-4ff7-9bca-ef2cdd1d5b4a,
63110011,2026-04-17 03:22:00.000,,f97ce048-27cd-44dc-92ea-391b7432e627.binning_data.json,63110011,14.401541,13.512589,2026-04-17 10:30:38.255,2026-04-17 10:30:38.255,,13.916535,,1,1.01.04,UTC-0300,hriiVjEkYE,,com.sec.android.app.shealth,2026-04-17 10:11:00.000,f97ce048-27cd-44dc-92ea-391b7432e627,
63110011,2026-04-20 04:20:00.000,,a2e36b23-3511-4e07-b114-123ff57d259c.binning_data.json,63110011,14.004487,13.629172,2026-04-20 11:33:23.719,2026-04-20 11:33:23.719,,14.073192,,0,1.01.04,UTC-0300,hriiVjEkYE,,com.sec.android.app.shealth,2026-04-20 11:07:00.000,a2e36b23-3511-4e07-b114-123ff57d259c,
63110011,2026-04-21 04:07:00.000,,245b6fbd-5424-4dd9-801a-b0d088114c66.binning_data.json,63110011,14.070175,13.557461,2026-04-23 03:26:15.236,2026-04-23 03:26:15.236,,14.007919,,1,1.01.04,UTC-0300,hriiVjEkYE,,com.sec.android.app.shealth,2026-04-21 13:07:00.000,245b6fbd-5424-4dd9-801a-b0d088114c66,
63110011,2026-04-23 04:01:00.000,,febacc03-04b5-4011-8532-a7fe78677174.binning_data.json,63110011,13.352655,13.592476,2026-04-23 10:38:33.634,2026-04-23 10:38:33.634,,14.041824,,1,1.01.04,UTC-0300,hriiVjEkYE,,com.sec.android.app.shealth,2026-04-23 10:29:00.000,febacc03-04b5-4011-8532-a7fe78677174,
63110011,2026-04-24 04:04:00.000,,1c4819c6-35fc-4395-ba00-2067abfc92c0.binning_data.json,63110011,14.141916,13.592476,2026-04-24 10:33:29.494,2026-04-24 10:33:29.494,,14.041824,,1,1.01.04,UTC-0300,hriiVjEkYE,,com.sec.android.app.shealth,2026-04-24 10:04:00.000,1c4819c6-35fc-4395-ba00-2067abfc92c0,
63200011,2026-05-08 03:15:00.000,,60d6351e-2eb4-4e8d-9e50-3fb4948731a9.binning_data.json,63200011,13.901952,0.0,2026-05-08 10:35:03.086,2026-05-08 10:35:03.086,,0.0,,0,1.01.04,UTC-0300,hriiVjEkYE,,com.sec.android.app.shealth,2026-05-08 10:19:00.000,60d6351e-2eb4-4e8d-9e50-3fb4948731a9,
63200011,2026-05-14 02:36:00.000,,28ecbef0-b273-4ac6-97c2-ae4439daf623.binning_data.json,63200011,14.254369,13.871835,2026-05-14 10:29:54.467,2026-05-14 10:29:54.467,,14.2419405,,1,1.01.04,UTC-0300,hriiVjEkYE,,com.sec.android.app.shealth,2026-05-14 10:11:00.000,28ecbef0-b273-4ac6-97c2-ae4439daf623,
63200011,2026-05-24 05:33:00.000,,16663724-db5f-4a69-8d68-44be2bd0e105.binning_data.json,63200011,14.891549,0.0,2026-05-24 14:56:25.988,2026-05-24 14:56:25.988,,0.0,,0,1.01.04,UTC-0300,hriiVjEkYE,,com.sec.android.app.shealth,2026-05-24 14:41:00.000,16663724-db5f-4a69-8d68-44be2bd0e105,
63200011,2026-05-25 03:48:00.000,,303c4294-6a5d-4d19-aa7c-c673ab3d3714.binning_data.json,63200011,13.669564,13.634759,2026-05-31 23:17:30.699,2026-05-31 23:17:30.699,,15.03354,,0,1.01.04,UTC-0300,hriiVjEkYE,,com.sec.android.app.shealth,2026-05-25 07:20:00.000,303c4294-6a5d-4d19-aa7c-c673ab3d3714,
63200011,2026-06-01 05:10:00.000,,3d15a949-a394-407d-bf57-69a0ba8f3cb5.binning_data.json,63200011,14.205948,13.706857,2026-06-01 10:30:09.496,2026-06-01 10:30:09.496,,14.907407,,0,1.01.04,UTC-0300,hriiVjEkYE,,com.sec.android.app.shealth,2026-06-01 10:18:00.000,3d15a949-a394-407d-bf57-69a0ba8f3cb5,
63200011,2026-06-08 03:44:00.000,,3d3eb069-6c73-4cd3-8c3f-d9df85f55c88.binning_data.json,63200011,13.847322,13.689647,2026-06-08 10:40:38.610,2026-06-08 10:40:38.610,,14.9180155,,0,1.01.04,UTC-0300,hriiVjEkYE,,com.sec.android.app.shealth,2026-06-08 10:17:00.000,3d3eb069-6c73-4cd3-8c3f-d9df85f55c88,
63200011,2026-06-10 04:14:00.000,,59f31efa-9384-41ea-ba60-7f03c62ef6a4.binning_data.json,63200011,13.659455,13.57551,2026-06-10 10:51:26.698,2026-06-10 10:51:26.698,,14.769173,,0,1.01.04,UTC-0300,hriiVjEkYE,,com.sec.android.app.shealth,2026-06-10 10:45:00.000,59f31efa-9384-41ea-ba60-7f03c62ef6a4,
63200011,2026-06-11 04:20:00.000,,5ab03608-727b-470b-93e9-f7d5f6e764e4.binning_data.json,63200011,12.900279,13.193861,2026-06-11 10:38:19.002,2026-06-11 10:38:19.002,,14.719654,,1,1.01.04,UTC-0300,hriiVjEkYE,,com.sec.android.app.shealth,2026-06-11 10:08:00.000,5ab03608-727b-470b-93e9-f7d5f6e764e4,
63200011,2026-06-23 04:19:00.000,,f60782ba-b419-4662-a001-93193e2f350e.binning_data.json,63200011,13.69114,13.565873,2026-06-23 10:34:38.897,2026-06-23 10:34:38.897,,14.10925,,0,1.01.04,UTC-0300,hriiVjEkYE,,com.sec.android.app.shealth,2026-06-23 10:14:00.000,f60782ba-b419-4662-a001-93193e2f350e,
63200011,2026-07-07 05:48:00.000,,635ebcc1-5cee-4b1e-a8c6-b98ba337a50f.binning_data.json,63200011,13.629238,13.632235,2026-07-07 09:57:08.906,2026-07-07 09:57:08.906,,13.696346,,1,1.01.04,UTC-0300,hriiVjEkYE,,com.sec.android.app.shealth,2026-07-07 09:50:00.000,635ebcc1-5cee-4b1e-a8c6-b98ba337a50f,
63200011,2026-07-07 10:06:00.000,,61dd8a3d-4d81-478e-9b8c-675eaa49dd6c.binning_data.json,63200011,13.234606,0.0,2026-07-07 13:35:21.422,2026-07-07 13:35:21.422,,0.0,,0,1.01.04,UTC-0300,hriiVjEkYE,,com.sec.android.app.shealth,2026-07-07 13:26:00.000,61dd8a3d-4d81-478e-9b8c-675eaa49dd6c,
63200011,2026-07-08 04:19:00.000,,7031f260-74b2-4351-9dbb-8beed784e722.binning_data.json,63200011,13.720052,13.332584,2026-07-08 13:50:14.490,2026-07-08 13:50:14.490,,13.922384,,0,1.01.04,UTC-0300,hriiVjEkYE,,com.sec.android.app.shealth,2026-07-08 13:24:00.000,7031f260-74b2-4351-9dbb-8beed784e722,
63200011,2026-07-10 03:47:00.000,,a5ee4e61-9d4b-494e-b403-f1ba80e64ddf.binning_data.json,63200011,13.314278,13.276559,2026-07-10 08:57:35.688,2026-07-10 08:57:35.688,,13.851134,,0,1.01.04,UTC-0300,hriiVjEkYE,,com.sec.android.app.shealth,2026-07-10 08:51:00.000,a5ee4e61-9d4b-494e-b403-f1ba80e64ddf,
63200011,2026-07-11 05:42:00.000,,ce79f595-3025-4191-8628-205268ca2195.binning_data.json,63200011,13.299786,13.23335,2026-07-11 13:20:18.372,2026-07-11 13:20:18.372,,13.770646,,0,1.01.04,UTC-0300,hriiVjEkYE,,com.sec.android.app.shealth,2026-07-11 13:02:00.000,ce79f595-3025-4191-8628-205268ca2195,
63200011,2026-07-13 03:54:00.000,,78c98620-6b65-4e3f-bbe8-ffa7658a9571.binning_data.json,63200011,13.440194,13.2472315,2026-07-13 10:28:31.509,2026-07-13 10:28:31.509,,13.735419,,0,1.01.04,UTC-0300,hriiVjEkYE,,com.sec.android.app.shealth,2026-07-13 10:23:00.000,78c98620-6b65-4e3f-bbe8-ffa7658a9571,
63200011,2026-07-15 03:33:00.000,,f8f2a54d-0581-409b-8326-c429b2d7c9f7.binning_data.json,63200011,14.115697,13.192392,2026-07-15 08:29:12.516,2026-07-15 08:29:12.516,,13.924068,,1,1.01.04,UTC-0300,hriiVjEkYE,,com.sec.android.app.shealth,2026-07-15 08:09:00.000,f8f2a54d-0581-409b-8326-c429b2d7c9f7,
63200011,2026-07-19 04:21:00.000,,61d6e3cb-e34f-4b72-80e6-1cf533caaaad.binning_data.json,63200011,14.08838,13.234426,2026-07-19 12:27:46.595,2026-07-19 12:27:46.595,,13.960145,,1,1.01.04,UTC-0300,hriiVjEkYE,,com.sec.android.app.shealth,2026-07-19 12:19:00.000,61d6e3cb-e34f-4b72-80e6-1cf533caaaad,
63200011,2026-07-21 04:19:00.000,,b4bd46c6-5547-4910-aba5-a8cc7a4db902.binning_data.json,63200011,13.982448,13.195996,2026-07-21 10:08:41.481,2026-07-21 10:08:41.481,,13.8707,,1,1.01.04,UTC-0300,hriiVjEkYE,,com.sec.android.app.shealth,2026-07-21 09:44:00.000,b4bd46c6-5547-4910-aba5-a8cc7a4db902,
63200011,2026-07-22 03:21:00.000,,14614dbd-1eaf-424d-8629-920ff44d605f.binning_data.json,63200011,13.416823,13.241612,2026-07-22 11:49:08.427,2026-07-22 11:49:08.427,,13.648507,,0,1.01.04,UTC-0300,hriiVjEkYE,,com.sec.android.app.shealth,2026-07-22 11:20:00.000,14614dbd-1eaf-424d-8629-920ff44d605f,
63200011,2026-07-25 03:46:00.000,,bd253dd1-4e76-4d4b-9389-82a9c9d49362.binning_data.json,63200011,14.118958,13.22787,2026-07-25 20:46:55.590,2026-07-25 20:46:55.590,,13.811908,,1,1.01.04,UTC-0300,hriiVjEkYE,,com.sec.android.app.shealth,2026-07-25 09:23:00.000,bd253dd1-4e76-4d4b-9389-82a9c9d49362,
63200011,2026-07-26 02:31:00.000,,c0874009-07be-4ba1-94c7-2bc6906176bd.binning_data.json,63200011,13.424068,13.203324,2026-07-26 13:58:33.126,2026-07-26 13:58:33.126,,13.708123,,0,1.01.04,UTC-0300,hriiVjEkYE,,com.sec.android.app.shealth,2026-07-26 13:33:00.000,c0874009-07be-4ba1-94c7-2bc6906176bd,
63200011,2026-07-28 04:01:00.000,,91ac2184-d5c6-4599-9f5a-c129d900f418.binning_data.json,63200011,13.359743,13.203324,2026-07-28 10:03:41.267,2026-07-28 10:03:41.267,,13.708123,,0,1.01.04,UTC-0300,hriiVjEkYE,,com.sec.android.app.shealth,2026-07-28 09:57:00.000,91ac2184-d5c6-4599-9f5a-c129d900f418,
63200011,2026-07-30 04:03:00.000,,9687bb74-43d7-447f-a527-f6617a921f3e.binning_data.json,63200011,12.895077,13.227764,2026-07-30 09:55:40.677,2026-07-30 09:55:40.677,,13.6772785,,1,1.01.04,UTC-0300,hriiVjEkYE,,com.sec.android.app.shealth,2026-07-30 09:48:00.000,9687bb74-43d7-447f-a527-f6617a921f3e,
63200011,2026-08-01 19:47:00.000,,8ee9f697-c623-47ec-baed-4ed1143efa81.binning_data.json,63200011,13.181773,13.227764,2026-08-01 21:42:56.845,2026-08-01 21:42:56.845,,13.6772785,,1,1.01.04,UTC-0300,hriiVjEkYE,,com.sec.android.app.shealth,2026-08-01 21:42:00.000,8ee9f697-c623-47ec-baed-4ed1143efa81,
70001311,2026-08-02 08:09:00.000,,66a9f07e-bdbe-41cb-9fa7-5916c02e8f8a.binning_data.json,70001311,15.078283,13.227764,2026-08-02 16:11:17.201,2026-08-02 16:11:17.201,,13.6772785,,1,1.01.04,UTC-0300,hriiVjEkYE,,com.sec.android.app.shealth,2026-08-02 15:46:00.000,66a9f07e-bdbe-41cb-9fa7-5916c02e8f8a,
70001311,2026-08-06 03:30:00.000,,4542585f-37c7-4c32-8f14-136153263299.binning_data.json,70001311,13.548983,13.320371,2026-08-06 10:45:45.556,2026-08-06 10:45:45.556,,13.511323,,1,1.01.04,UTC-0300,hriiVjEkYE,,com.sec.android.app.shealth,2026-08-06 10:40:00.000,4542585f-37c7-4c32-8f14-136153263299,
70001311,2026-08-07 04:14:00.000,,d1a1ccf9-03fd-4e28-b244-edc0f8a18048.binning_data.json,70001311,13.469468,13.308318,2026-08-07 11:15:24.453,2026-08-07 11:15:24.453,,13.461888,,1,1.01.04,UTC-0300,hriiVjEkYE,,com.sec.android.app.shealth,2026-08-07 10:47:00.000,d1a1ccf9-03fd-4e28-b244-edc0f8a18048,
70001311,2026-08-08 02:40:00.000,,a33996bf-a7bd-456a-84fa-5ec7af8b8df9.binning_data.json,70001311,12.901948,13.027967,2026-08-08 13:30:05.720,2026-08-08 13:30:05.720,,13.54385,,1,1.01.04,UTC-0300,hriiVjEkYE,,com.sec.android.app.shealth,2026-08-08 13:18:00.000,a33996bf-a7bd-456a-84fa-5ec7af8b8df9,
70001311,2026-08-11 03:57:00.000,,f36966cf-07ec-4cee-8a07-c796909477ca.binning_data.json,70001311,13.540914,13.350987,2026-08-11 10:21:26.497,2026-08-11 10:21:26.497,,13.515626,,1,1.01.04,UTC-0300,hriiVjEkYE,,com.sec.android.app.shealth,2026-08-11 09:54:00.000,f36966cf-07ec-4cee-8a07-c796909477ca,
70001311,2026-08-12 04:22:00.000,,a3bac4d2-2475-460e-a189-8e38ee34078a.binning_data.json,70001311,13.733775,13.369895,2026-08-12 10:25:07.049,2026-08-12 10:25:07.049,,13.443667,,1,1.01.04,UTC-0300,hriiVjEkYE,,com.sec.android.app.shealth,2026-08-12 09:55:00.000,a3bac4d2-2475-460e-a189-8e38ee34078a,
70001311,2026-08-17 04:19:00.000,,d703857a-e798-4f90-9396-fde6793215f6.binning_data.json,70001311,14.304842,13.369895,2026-08-17 10:33:43.366,2026-08-17 10:33:43.366,,13.443667,,1,1.01.04,UTC-0300,hriiVjEkYE,,com.sec.android.app.shealth,2026-08-17 10:24:00.000,d703857a-e798-4f90-9396-fde6793215f6,
70001311,2026-08-19 04:20:00.000,,e28ec33e-1240-432c-b55f-9ab1c628b7b1.binning_data.json,70001311,13.280965,13.295522,2026-08-19 10:35:47.670,2026-08-19 10:35:47.670,,13.447631,,1,1.01.04,UTC-0300,hriiVjEkYE,,com.sec.android.app.shealth,2026-08-19 10:18:00.000,e28ec33e-1240-432c-b55f-9ab1c628b7b1,
70001311,2026-08-20 03:32:00.000,,65062305-ba08-4049-9cb2-bec0d1fa702d.binning_data.json,70001311,13.129524,13.164769,2026-08-20 10:40:41.202,2026-08-20 10:40:41.202,,13.484981,,1,1.01.04,UTC-0300,hriiVjEkYE,,com.sec.android.app.shealth,2026-08-20 10:30:00.000,65062305-ba08-4049-9cb2-bec0d1fa702d,
70001311,2026-08-24 02:34:00.000,,d5c74a16-12c5-4d14-aabb-551deee87f1b.binning_data.json,70001311,12.575885,0.0,2026-08-24 10:32:31.163,2026-08-24 10:32:31.163,,0.0,,0,1.01.04,UTC-0300,hriiVjEkYE,,com.sec.android.app.shealth,2026-08-24 10:21:00.000,d5c74a16-12c5-4d14-aabb-551deee87f1b,
70001311,2026-08-31 03:15:00.000,,3d9382f0-9ec4-4a3b-abe7-20f0c8435434.binning_data.json,70001311,13.39211,0.0,2026-08-31 10:31:16.567,2026-08-31 10:31:16.567,,0.0,,0,1.01.04,UTC-0300,hriiVjEkYE,,com.sec.android.app.shealth,2026-08-31 10:21:00.000,3d9382f0-9ec4-4a3b-abe7-20f0c8435434,
70001311,2026-09-05 07:17:00.000,,3bc80cb0-2a44-4478-aa3d-d3c03c9df924.binning_data.json,70001311,14.031849,12.587182,2026-09-05 15:08:17.070,2026-09-05 15:08:17.070,,14.076808,,0,1.01.04,UTC-0300,hriiVjEkYE,,com.sec.android.app.shealth,2026-09-05 14:43:00.000,3bc80cb0-2a44-4478-aa3d-d3c03c9df924,
70001311,2026-09-08 04:18:00.000,,1bac4fd3-6e16-414e-b66c-346fc25c2afb.binning_data.json,70001311,13.548637,12.749773,2026-09-08 15:43:01.505,2026-09-08 15:43:01.505,,14.061537,,0,1.01.04,UTC-0300,hriiVjEkYE,,com.sec.android.app.shealth,2026-09-08 15:14:00.000,1bac4fd3-6e16-414e-b66c-346fc25c2afb,
70001311,2026-09-09 04:48:00.000,,c7e7a2eb-4b73-46d2-8fed-8c2385ccfe25.binning_data.json,70001311,14.092657,12.8180685,2026-09-09 10:34:04.525,2026-09-09 10:34:04.525,,14.187966,,0,1.01.04,UTC-0300,hriiVjEkYE,,com.sec.android.app.shealth,2026-09-09 10:29:00.000,c7e7a2eb-4b73-46d2-8fed-8c2385ccfe25,
70001311,2026-09-10 04:24:00.000,,c505d5f8-3fb2-4ef3-80d8-09d56be45978.binning_data.json,70001311,13.448083,12.869276,2026-09-10 10:48:46.045,2026-09-10 10:48:46.045,,14.12166,,0,1.01.04,UTC-0300,hriiVjEkYE,,com.sec.android.app.shealth,2026-09-10 10:33:00.000,c505d5f8-3fb2-4ef3-80d8-09d56be45978,
70001311,2026-09-13 03:30:00.000,,2d7d1a90-5b72-4caa-8e99-9c97a1a56df7.binning_data.json,70001311,13.424095,12.902159,2026-09-13 13:09:35.805,2026-09-13 13:09:35.805,,14.064421,,0,1.01.04,UTC-0300,hriiVjEkYE,,com.sec.android.app.shealth,2026-09-13 12:50:00.000,2d7d1a90-5b72-4caa-8e99-9c97a1a56df7,
70001311,2026-09-14 02:32:00.000,,25acf190-9aad-4cc7-8ba9-ce4fbb96207d.binning_data.json,70001311,13.703084,12.959115,2026-09-14 10:10:33.786,2026-09-14 10:10:33.786,,14.05902,,0,1.01.04,UTC-0300,hriiVjEkYE,,com.sec.android.app.shealth,2026-09-14 09:49:00.000,25acf190-9aad-4cc7-8ba9-ce4fbb96207d,
70001311,2026-09-15 04:05:00.000,,ad72527a-b16c-40ba-8eed-43fc695f573e.binning_data.json,70001311,13.987625,13.003141,2026-09-15 10:41:26.714,2026-09-15 10:41:26.714,,14.102484,,0,1.01.04,UTC-0300,hriiVjEkYE,,com.sec.android.app.shealth,2026-09-15 10:19:00.000,ad72527a-b16c-40ba-8eed-43fc695f573e,
70001311,2026-09-16 03:55:00.000,,01ba8ffb-20ac-4ac4-96e2-dacbe9b443b4.binning_data.json,70001311,14.00247,13.047276,2026-09-16 10:37:49.940,2026-09-16 10:37:49.940,,14.138226,,0,1.01.04,UTC-0300,hriiVjEkYE,,com.sec.android.app.shealth,2026-09-16 10:37:00.000,01ba8ffb-20ac-4ac4-96e2-dacbe9b443b4,
70001311,2026-09-17 03:08:00.000,,731d6239-8588-499d-b2ad-2159c8d16c66.binning_data.json,70001311,13.099934,12.996478,2026-09-17 10:46:18.932,2026-09-17 10:46:18.932,,14.101598,,0,1.01.04,UTC-0300,hriiVjEkYE,,com.sec.android.app.shealth,2026-09-17 10:41:00.000,731d6239-8588-499d-b2ad-2159c8d16c66,
70001311,2026-09-18 04:57:00.000,,acb0c453-2c7b-469d-99c8-730d93b299e4.binning_data.json,70001311,13.813676,13.021101,2026-09-18 08:10:36.676,2026-09-18 08:10:36.676,,14.094261,,0,1.01.04,UTC-0300,hriiVjEkYE,,com.sec.android.app.shealth,2026-09-18 08:05:00.000,acb0c453-2c7b-469d-99c8-730d93b299e4,
70001311,2026-09-19 05:55:00.000,,77e16a7a-acd7-4b0d-b2ce-c92b7eabe34e.binning_data.json,70001311,13.174569,12.987718,2026-09-19 14:38:14.340,2026-09-19 14:38:14.340,,14.056832,,0,1.01.04,UTC-0300,hriiVjEkYE,,com.sec.android.app.shealth,2026-09-19 14:38:00.000,77e16a7a-acd7-4b0d-b2ce-c92b7eabe34e,
70001311,2026-09-20 05:30:00.000,,3d190507-9712-439d-a464-58514c30ca6d.binning_data.json,70001311,14.755212,13.172461,2026-09-20 14:40:44.407,2026-09-20 14:40:44.407,,14.257772,,1,1.01.04,UTC-0300,hriiVjEkYE,,com.sec.android.app.shealth,2026-09-20 14:16:00.000,3d190507-9712-439d-a464-58514c30ca6d,
