com.samsung.shealth.program.sleep_coaching.mission,7006011,4
time_tag,create_sh_ver,answer,priority,modify_sh_ver,update_time,selected_option,create_time,data_version,day_index,mission_id,deviceuuid,pkg_name,is_key_habit,session_id,datauuid,is_done
,,null,10,,2023-10-28 23:43:02.079,,2023-10-28 23:43:02.079,2,0,HB_10,487mnSNu6t,com.sec.android.app.shealth,1,b1b8b05b-e024-4150-87cb-0fda410c201e,d12ade7c-e12c-4197-897b-092fe85bfe26,0,
,,null,11,,2023-10-28 23:43:02.079,,2023-10-28 23:43:02.079,2,0,HB_11,487mnSNu6t,com.sec.android.app.shealth,1,b1b8b05b-e024-4150-87cb-0fda410c201e,782168ce-c15d-4cad-be95-b31664327203,0,
,,null,2,,2023-10-28 23:43:02.079,,2023-10-28 23:43:02.079,2,0,HB_02,487mnSNu6t,com.sec.android.app.shealth,0,b1b8b05b-e024-4150-87cb-0fda410c201e,7bbd7673-e785-4cff-a0f0-5881287a620c,0,
,,null,3,,2023-10-28 23:43:02.079,,2023-10-28 23:43:02.079,2,0,HB_03,487mnSNu6t,com.sec.android.app.shealth,0,b1b8b05b-e024-4150-87cb-0fda410c201e,7a04be99-f91e-41e3-a0c3-99d5e96354ef,0,
,,null,5,,2023-10-28 23:43:02.079,,2023-10-28 23:43:02.079,2,0,HB_05,487mnSNu6t,com.sec.android.app.shealth,0,b1b8b05b-e024-4150-87cb-0fda410c201e,7361b3c7-8fd7-491b-9d7a-d5d7eeb175c4,0,
,,null,6,,2023-10-28 23:43:02.079,,2023-10-28 23:43:02.079,2,0,HB_06,487mnSNu6t,com.sec.android.app.shealth,0,b1b8b05b-e024-4150-87cb-0fda410c201e,dddac2dc-8fe9-4f3f-9b6e-9936abfb3f6e,0,
,,null,8,,2023-10-28 23:43:02.079,,2023-10-28 23:43:02.079,2,0,HB_08,487mnSNu6t,com.sec.android.app.shealth,0,b1b8b05b-e024-4150-87cb-0fda410c201e,df807059-9bc4-4a11-aec0-abdae46da8d9,0,
,,null,9,,2023-10-28 23:43:02.079,,2023-10-28 23:43:02.079,2,0,HB_09,487mnSNu6t,com.sec.android.app.shealth,0,b1b8b05b-e024-4150-87cb-0fda410c201e,9e5ec7f3-ffcb-4810-b5b6-625a80dd058a,0,
,,null,10,,2023-10-28 23:43:02.079,,2023-10-28 23:43:02.079,2,1,HB_10,487mnSNu6t,com.sec.android.app.shealth,1,b1b8b05b-e024-4150-87cb-0fda410c201e,6e320e0e-44b7-4fe4-81dd-b487579340c9,0,
,,null,11,,2023-10-28 23:43:02.080,,2023-10-28 23:43:02.080,2,1,HB_11,487mnSNu6t,com.sec.android.app.shealth,1,b1b8b05b-e024-4150-87cb-0fda410c201e,95dabd23-532e-423a-a95f-05540fb33ca0,0,
,,null,2,,2023-10-28 23:43:02.080,,2023-10-28 23:43:02.080,2,1,HB_02,487mnSNu6t,com.sec.android.app.shealth,0,b1b8b05b-e024-4150-87cb-0fda410c201e,ab9793cb-6f6b-4780-bd6a-457286236aef,0,
,,null,3,,2023-10-28 23:43:02.080,,2023-10-28 23:43:02.080,2,1,HB_03,487mnSNu6t,com.sec.android.app.shealth,0,b1b8b05b-e024-4150-87cb-0fda410c201e,d5123e04-231e-4baf-bea0-4ccfbf6fc46e,0,
,,null,5,,2023-10-28 23:43:02.080,,2023-10-28 23:43:02.080,2,1,HB_05,487mnSNu6t,com.sec.android.app.shealth,0,b1b8b05b-e024-4150-87cb-0fda410c201e,5ed3198c-4b5a-48f0-a17a-51b8dea3945d,0,
,,null,6,,2023-10-28 23:43:02.080,,2023-10-28 23:43:02.080,2,1,HB_06,487mnSNu6t,com.sec.android.app.shealth,0,b1b8b05b-e024-4150-87cb-0fda410c201e,8dec92e1-386b-47f0-82e7-8926d97916cf,0,
,,null,8,,2023-10-28 23:43:02.080,,2023-10-28 23:43:02.080,2,1,HB_08,487mnSNu6t,com.sec.android.app.shealth,0,b1b8b05b-e024-4150-87cb-0fda410c201e,70b67cad-8de1-4d23-bcf0-4efeb698298f,0,
,,null,9,,2023-10-28 23:43:02.080,,2023-10-28 23:43:02.080,2,1,HB_09,487mnSNu6t,com.sec.android.app.shealth,0,b1b8b05b-e024-4150-87cb-0fda410c201e,ebc25a35-8cb6-48be-ac7c-2142f75e113a,0,
,,null,10,,2023-10-28 23:43:02.080,,2023-10-28 23:43:02.080,2,2,HB_10,487mnSNu6t,com.sec.android.app.shealth,1,b1b8b05b-e024-4150-87cb-0fda410c201e,ac9eeddc-b465-496a-ab99-a08b31f4d351,0,
,,null,11,,2023-10-28 23:43:02.080,,2023-10-28 23:43:02.080,2,2,HB_11,487mnSNu6t,com.sec.android.app.shealth,1,b1b8b05b-e024-4150-87cb-0fda410c201e,1fa84052-434a-4ae9-9450-6584bee66cf2,0,
,,null,2,,2023-10-28 23:43:02.080,,2023-10-28 23:43:02.080,2,2,HB_02,487mnSNu6t,com.sec.android.app.shealth,0,b1b8b05b-e024-4150-87cb-0fda410c201e,4bd2c610-ebc9-4117-bf0f-b6b31353ce49,0,
,,null,3,,2023-10-28 23:43:02.081,,2023-10-28 23:43:02.081,2,2,HB_03,487mnSNu6t,com.sec.android.app.shealth,0,b1b8b05b-e024-4150-87cb-0fda410c201e,7c0ba10e-7e2c-44b8-b96d-eba4ff6fd13d,0,
,,null,5,,2023-10-28 23:43:02.081,,2023-10-28 23:43:02.081,2,2,HB_05,487mnSNu6t,com.sec.android.app.shealth,0,b1b8b05b-e024-4150-87cb-0fda410c201e,0f910754-76ca-41b0-8674-75ac3326e850,0,
,,null,6,,2023-10-28 23:43:02.081,,2023-10-28 23:43:02.081,2,2,HB_06,487mnSNu6t,com.sec.android.app.shealth,0,b1b8b05b-e024-4150-87cb-0fda410c201e,f46adb11-dcc5-41c6-a896-33177d4ef89b,0,
,,null,8,,2023-10-28 23:43:02.081,,2023-10-28 23:43:02.081,2,2,HB_08,487mnSNu6t,com.sec.android.app.shealth,0,b1b8b05b-e024-4150-87cb-0fda410c201e,6c8583e3-579d-4e6f-830f-d71a41897ad9,0,
,,null,9,,2023-10-28 23:43:02.081,,2023-10-28 23:43:02.081,2,2,HB_09,487mnSNu6t,com.sec.android.app.shealth,0,b1b8b05b-e024-4150-87cb-0fda410c201e,dd946d08-4315-49a7-a1a7-3b8c39ccdee1,0,
,,null,10,,2023-10-28 23:43:02.081,,2023-10-28 23:43:02.081,2,3,HB_10,487mnSNu6t,com.sec.android.app.shealth,1,b1b8b05b-e024-4150-87cb-0fda410c201e,a12a0092-d575-4f31-99e6-50ba53af9276,0,
,,null,11,,2023-10-28 23:43:02.081,,2023-10-28 23:43:02.081,2,3,HB_11,487mnSNu6t,com.sec.android.app.shealth,1,b1b8b05b-e024-4150-87cb-0fda410c201e,f61c1c49-3cca-4941-99f0-e93677044a57,0,
,,null,2,,2023-11-02 14:21:36.555,,2023-10-28 23:43:02.081,2,3,HB_02,487mnSNu6t,com.sec.android.app.shealth,0,b1b8b05b-e024-4150-87cb-0fda410c201e,8da5861d-b9a2-432b-9088-afbd520b831d,3,
,,null,3,,2023-10-28 23:43:02.081,,2023-10-28 23:43:02.081,2,3,HB_03,487mnSNu6t,com.sec.android.app.shealth,0,b1b8b05b-e024-4150-87cb-0fda410c201e,6d67f8c0-1838-4407-a5d1-c827c6a0b82c,0,
,,null,5,,2023-10-28 23:43:02.081,,2023-10-28 23:43:02.081,2,3,HB_05,487mnSNu6t,com.sec.android.app.shealth,0,b1b8b05b-e024-4150-87cb-0fda410c201e,7e42e20b-7ab8-41c5-aaf7-bbc14e98c53e,0,
,,null,6,,2023-10-28 23:43:02.081,,2023-10-28 23:43:02.081,2,3,HB_06,487mnSNu6t,com.sec.android.app.shealth,0,b1b8b05b-e024-4150-87cb-0fda410c201e,2d4b0fd9-cf57-45a8-bd6b-65646c82edb1,0,
,,null,8,,2023-10-28 23:43:02.082,,2023-10-28 23:43:02.082,2,3,HB_08,487mnSNu6t,com.sec.android.app.shealth,0,b1b8b05b-e024-4150-87cb-0fda410c201e,c84be19a-f3f1-49db-a047-1552c42779d9,0,
,,null,9,,2023-10-28 23:43:02.082,,2023-10-28 23:43:02.082,2,3,HB_09,487mnSNu6t,com.sec.android.app.shealth,0,b1b8b05b-e024-4150-87cb-0fda410c201e,a6d63129-57fa-46e4-9529-fbfe08118a2d,0,
,,null,10,,2023-10-28 23:43:02.082,,2023-10-28 23:43:02.082,2,4,HB_10,487mnSNu6t,com.sec.android.app.shealth,1,b1b8b05b-e024-4150-87cb-0fda410c201e,278c6aa1-14c5-4d60-b22b-67553a1a4c7f,0,
,,null,11,,2023-10-28 23:43:02.082,,2023-10-28 23:43:02.082,2,4,HB_11,487mnSNu6t,com.sec.android.app.shealth,1,b1b8b05b-e024-4150-87cb-0fda410c201e,16a019de-0818-43ad-aa6a-9f8941a49371,0,
,,null,2,,2023-11-02 14:33:50.796,,2023-10-28 23:43:02.082,2,4,HB_02,487mnSNu6t,com.sec.android.app.shealth,0,b1b8b05b-e024-4150-87cb-0fda410c201e,8a51f329-4cf7-46c5-865f-1715a4af1512,1,
,,null,3,,2023-10-28 23:43:02.082,,2023-10-28 23:43:02.082,2,4,HB_03,487mnSNu6t,com.sec.android.app.shealth,0,b1b8b05b-e024-4150-87cb-0fda410c201e,d80c9452-1da5-4d03-8735-d6016a5039f6,0,
,,null,5,,2023-10-28 23:43:02.082,,2023-10-28 23:43:02.082,2,4,HB_05,487mnSNu6t,com.sec.android.app.shealth,0,b1b8b05b-e024-4150-87cb-0fda410c201e,dbdf7388-14e3-49dc-8930-f9d0f6564cc7,0,
,,null,6,,2023-11-02 14:33:56.441,,2023-10-28 23:43:02.082,2,4,HB_06,487mnSNu6t,com.sec.android.app.shealth,0,b1b8b05b-e024-4150-87cb-0fda410c201e,26a2c013-d385-4b7b-a53a-98824ec84ca5,1,
,,null,8,,2023-11-02 14:33:58.574,,2023-10-28 23:43:02.082,2,4,HB_08,487mnSNu6t,com.sec.android.app.shealth,0,b1b8b05b-e024-4150-87cb-0fda410c201e,0cb2b081-cf38-4f50-92a3-70585d10c6c5,1,
,,null,9,,2023-10-28 23:43:02.082,,2023-10-28 23:43:02.082,2,4,HB_09,487mnSNu6t,com.sec.android.app.shealth,0,b1b8b05b-e024-4150-87cb-0fda410c201e,01b7a19b-ce25-4134-951a-0b9261c201d7,0,
,,null,10,,2023-10-28 23:43:02.082,,2023-10-28 23:43:02.082,2,5,HB_10,487mnSNu6t,com.sec.android.app.shealth,1,b1b8b05b-e024-4150-87cb-0fda410c201e,71ef431c-5280-4a55-a797-83cc3f412249,0,
,,null,11,,2023-10-28 23:43:02.082,,2023-10-28 23:43:02.082,2,5,HB_11,487mnSNu6t,com.sec.android.app.shealth,1,b1b8b05b-e024-4150-87cb-0fda410c201e,56943fb3-760b-4be2-897a-a2352ff58577,0,
,,null,2,,2023-11-02 14:21:18.229,,2023-10-28 23:43:02.083,2,5,HB_02,487mnSNu6t,com.sec.android.app.shealth,0,b1b8b05b-e024-4150-87cb-0fda410c201e,cb2860d0-008d-4e32-93a5-ceb474f601fe,1,
,,null,3,,2023-11-02 14:21:19.303,,2023-10-28 23:43:02.083,2,5,HB_03,487mnSNu6t,com.sec.android.app.shealth,0,b1b8b05b-e024-4150-87cb-0fda410c201e,473e82ab-018a-4104-9c90-4762dcb688e1,1,
,,null,5,,2023-10-28 23:43:02.083,,2023-10-28 23:43:02.083,2,5,HB_05,487mnSNu6t,com.sec.android.app.shealth,0,b1b8b05b-e024-4150-87cb-0fda410c201e,8d854f29-b877-4a64-a6f0-ef4633e7a299,0,
,,null,6,,2023-11-02 14:21:25.878,,2023-10-28 23:43:02.083,2,5,HB_06,487mnSNu6t,com.sec.android.app.shealth,0,b1b8b05b-e024-4150-87cb-0fda410c201e,cb0764bb-f13e-4b5c-b2af-a7577c9d15e1,1,
,,null,8,,2023-11-02 14:21:28.357,,2023-10-28 23:43:02.083,2,5,HB_08,487mnSNu6t,com.sec.android.app.shealth,0,b1b8b05b-e024-4150-87cb-0fda410c201e,adbb0fc1-a8b3-4b03-8f20-c0c5847fa673,1,
,,null,9,,2023-10-28 23:43:02.083,,2023-10-28 23:43:02.083,2,5,HB_09,487mnSNu6t,com.sec.android.app.shealth,0,b1b8b05b-e024-4150-87cb-0fda410c201e,03eb0494-010a-4e3d-aca7-40ea3253e934,0,
,,null,10,,2023-10-28 23:43:02.083,,2023-10-28 23:43:02.083,2,6,HB_10,487mnSNu6t,com.sec.android.app.shealth,1,b1b8b05b-e024-4150-87cb-0fda410c201e,d8c35fc3-cc19-4e2d-aaeb-e8cacbbab033,0,
,,null,11,,2023-10-28 23:43:02.083,,2023-10-28 23:43:02.083,2,6,HB_11,487mnSNu6t,com.sec.android.app.shealth,1,b1b8b05b-e024-4150-87cb-0fda410c201e,ea69cf5e-d294-4131-954a-c06cdf1ac5cb,0,
,,null,2,,2023-10-28 23:43:02.083,,2023-10-28 23:43:02.083,2,6,HB_02,487mnSNu6t,com.sec.android.app.shealth,0,b1b8b05b-e024-4150-87cb-0fda410c201e,cd594f8a-e290-458b-8968-080164d06d46,0,
,,null,3,,2023-10-28 23:43:02.083,,2023-10-28 23:43:02.083,2,6,HB_03,487mnSNu6t,com.sec.android.app.shealth,0,b1b8b05b-e024-4150-87cb-0fda410c201e,1270cbea-9b94-41c0-9492-eae6a489cc6b,0,
,,null,5,,2023-10-28 23:43:02.083,,2023-10-28 23:43:02.083,2,6,HB_05,487mnSNu6t,com.sec.android.app.shealth,0,b1b8b05b-e024-4150-87cb-0fda410c201e,1adb48fb-8af6-46ac-aecd-528b3a5b49cf,0,
,,null,6,,2023-10-28 23:43:02.084,,2023-10-28 23:43:02.084,2,6,HB_06,487mnSNu6t,com.sec.android.app.shealth,0,b1b8b05b-e024-4150-87cb-0fda410c201e,2de05d41-72d0-4ad6-b445-a655acfabc38,0,
,,null,8,,2023-10-28 23:43:02.084,,2023-10-28 23:43:02.084,2,6,HB_08,487mnSNu6t,com.sec.android.app.shealth,0,b1b8b05b-e024-4150-87cb-0fda410c201e,2ac0a091-4fd4-447c-accc-634b7279344d,0,
,,null,9,,2023-10-28 23:43:02.084,,2023-10-28 23:43:02.084,2,6,HB_09,487mnSNu6t,com.sec.android.app.shealth,0,b1b8b05b-e024-4150-87cb-0fda410c201e,760813e5-b185-48af-a2c3-9e9476de7a2f,0,
,,null,2,,2023-10-28 23:43:02.084,,2023-10-28 23:43:02.084,2,7,HB_02,487mnSNu6t,com.sec.android.app.shealth,1,b1b8b05b-e024-4150-87cb-0fda410c201e,929dbfb5-337a-4540-aba7-8a6acb70cbe6,0,
,,null,10,,2023-10-28 23:43:02.084,,2023-10-28 23:43:02.084,2,7,HB_10,487mnSNu6t,com.sec.android.app.shealth,1,b1b8b05b-e024-4150-87cb-0fda410c201e,15d27859-3478-450c-b172-7b2d3666f39c,0,
,,null,11,,2023-10-28 23:43:02.084,,2023-10-28 23:43:02.084,2,7,HB_11,487mnSNu6t,com.sec.android.app.shealth,0,b1b8b05b-e024-4150-87cb-0fda410c201e,a93b52b9-4e2a-4ac5-ad04-e7b4ff9ad139,0,
,,null,3,,2023-10-28 23:43:02.084,,2023-10-28 23:43:02.084,2,7,HB_03,487mnSNu6t,com.sec.android.app.shealth,0,b1b8b05b-e024-4150-87cb-0fda410c201e,9ba9e07b-0752-4a74-a301-ec75823c64b9,0,
,,null,5,,2023-10-28 23:43:02.084,,2023-10-28 23:43:02.084,2,7,HB_05,487mnSNu6t,com.sec.android.app.shealth,0,b1b8b05b-e024-4150-87cb-0fda410c201e,d57e11d1-0d62-4a8d-8ec6-c291098df5ff,0,
,,null,6,,2023-10-28 23:43:02.084,,2023-10-28 23:43:02.084,2,7,HB_06,487mnSNu6t,com.sec.android.app.shealth,0,b1b8b05b-e024-4150-87cb-0fda410c201e,43cb9423-1918-4e35-9de5-d112e5504c50,0,
,,null,8,,2023-10-28 23:43:02.084,,2023-10-28 23:43:02.084,2,7,HB_08,487mnSNu6t,com.sec.android.app.shealth,0,b1b8b05b-e024-4150-87cb-0fda410c201e,712dcee6-98ef-4f06-bbe3-bdb10251e31c,0,
,,null,9,,2023-10-28 23:43:02.084,,2023-10-28 23:43:02.084,2,7,HB_09,487mnSNu6t,com.sec.android.app.shealth,0,b1b8b05b-e024-4150-87cb-0fda410c201e,125bfea3-6151-4eb8-b091-6799dc0c9d68,0,
,,null,2,,2023-11-06 09:50:18.882,,2023-10-28 23:43:02.084,2,8,HB_02,487mnSNu6t,com.sec.android.app.shealth,1,b1b8b05b-e024-4150-87cb-0fda410c201e,4ff24785-d507-4237-9f17-df3947e48691,3,
,,null,10,,2023-10-28 23:43:02.085,,2023-10-28 23:43:02.085,2,8,HB_10,487mnSNu6t,com.sec.android.app.shealth,1,b1b8b05b-e024-4150-87cb-0fda410c201e,58146a8c-c380-4a34-ae6a-a33b8a4304bf,0,
,,null,11,,2023-10-28 23:43:02.085,,2023-10-28 23:43:02.085,2,8,HB_11,487mnSNu6t,com.sec.android.app.shealth,0,b1b8b05b-e024-4150-87cb-0fda410c201e,8e152673-b53a-4d35-b966-bf0adf43d2f0,0,
,,null,3,,2023-10-28 23:43:02.085,,2023-10-28 23:43:02.085,2,8,HB_03,487mnSNu6t,com.sec.android.app.shealth,0,b1b8b05b-e024-4150-87cb-0fda410c201e,2bf4656f-c27d-4072-ad5f-cb4fdb5eb03f,0,
,,null,5,,2023-10-28 23:43:02.085,,2023-10-28 23:43:02.085,2,8,HB_05,487mnSNu6t,com.sec.android.app.shealth,0,b1b8b05b-e024-4150-87cb-0fda410c201e,11f3f559-0828-47d2-b210-2deabfac7078,0,
,,null,6,,2023-10-28 23:43:02.085,,2023-10-28 23:43:02.085,2,8,HB_06,487mnSNu6t,com.sec.android.app.shealth,0,b1b8b05b-e024-4150-87cb-0fda410c201e,0b10bc9a-30cf-4a13-a81b-4ff9a3104746,0,
,,null,8,,2023-10-28 23:43:02.085,,2023-10-28 23:43:02.085,2,8,HB_08,487mnSNu6t,com.sec.android.app.shealth,0,b1b8b05b-e024-4150-87cb-0fda410c201e,e582d165-b4be-4a91-a11b-b752d8cce80f,0,
,,null,9,,2023-10-28 23:43:02.085,,2023-10-28 23:43:02.085,2,8,HB_09,487mnSNu6t,com.sec.android.app.shealth,0,b1b8b05b-e024-4150-87cb-0fda410c201e,4c0548e8-1f03-4f09-8cc5-a53ddbf2b1bc,0,
,,null,2,,2023-11-07 10:00:37.223,,2023-10-28 23:43:02.085,2,9,HB_02,487mnSNu6t,com.sec.android.app.shealth,1,b1b8b05b-e024-4150-87cb-0fda410c201e,8659e7f3-d60b-4cfd-aedd-313df8d5bd71,3,
,,null,10,,2023-10-28 23:43:02.085,,2023-10-28 23:43:02.085,2,9,HB_10,487mnSNu6t,com.sec.android.app.shealth,1,b1b8b05b-e024-4150-87cb-0fda410c201e,5309bb9d-c252-4e7d-879b-4c5d279c51e1,0,
,,null,11,,2023-10-28 23:43:02.085,,2023-10-28 23:43:02.085,2,9,HB_11,487mnSNu6t,com.sec.android.app.shealth,0,b1b8b05b-e024-4150-87cb-0fda410c201e,f514831a-1fea-4a99-b6c0-1b5274e19915,0,
,,null,3,,2023-10-28 23:43:02.085,,2023-10-28 23:43:02.085,2,9,HB_03,487mnSNu6t,com.sec.android.app.shealth,0,b1b8b05b-e024-4150-87cb-0fda410c201e,4f66019f-d113-494f-8eab-b6d271ef3bc5,0,
,,null,5,,2023-10-28 23:43:02.085,,2023-10-28 23:43:02.085,2,9,HB_05,487mnSNu6t,com.sec.android.app.shealth,0,b1b8b05b-e024-4150-87cb-0fda410c201e,2a9b6c5b-3d45-4aa1-b457-0dfcc80fd918,0,
,,null,6,,2023-10-28 23:43:02.086,,2023-10-28 23:43:02.086,2,9,HB_06,487mnSNu6t,com.sec.android.app.shealth,0,b1b8b05b-e024-4150-87cb-0fda410c201e,21313b3c-7e90-4f7a-ad84-ab968132f2b2,0,
,,null,8,,2023-10-28 23:43:02.086,,2023-10-28 23:43:02.086,2,9,HB_08,487mnSNu6t,com.sec.android.app.shealth,0,b1b8b05b-e024-4150-87cb-0fda410c201e,ec5d7736-7ffc-46f2-95be-860098d891bb,0,
,,null,9,,2023-10-28 23:43:02.086,,2023-10-28 23:43:02.086,2,9,HB_09,487mnSNu6t,com.sec.android.app.shealth,0,b1b8b05b-e024-4150-87cb-0fda410c201e,0ef9cae1-2247-4ff1-a991-4a4bf096e30f,0,
,,null,2,,2023-10-28 23:43:02.086,,2023-10-28 23:43:02.086,2,10,HB_02,487mnSNu6t,com.sec.android.app.shealth,1,b1b8b05b-e024-4150-87cb-0fda410c201e,3602e9ae-675f-496b-b722-29f4babb309a,0,
,,null,10,,2023-10-28 23:43:02.086,,2023-10-28 23:43:02.086,2,10,HB_10,487mnSNu6t,com.sec.android.app.shealth,1,b1b8b05b-e024-4150-87cb-0fda410c201e,277bc90b-1def-4171-b7e7-586c337e909e,0,
,,null,11,,2023-10-28 23:43:02.086,,2023-10-28 23:43:02.086,2,10,HB_11,487mnSNu6t,com.sec.android.app.shealth,0,b1b8b05b-e024-4150-87cb-0fda410c201e,df24191e-4713-4a9c-985b-3d662f9ed420,0,
,,null,3,,2023-10-28 23:43:02.086,,2023-10-28 23:43:02.086,2,10,HB_03,487mnSNu6t,com.sec.android.app.shealth,0,b1b8b05b-e024-4150-87cb-0fda410c201e,0538dad8-29df-4a25-9d26-9f91704c2944,0,
,,null,5,,2023-10-28 23:43:02.086,,2023-10-28 23:43:02.086,2,10,HB_05,487mnSNu6t,com.sec.android.app.shealth,0,b1b8b05b-e024-4150-87cb-0fda410c201e,4013ed52-5725-4bac-9703-3856f34ef9a7,0,
,,null,6,,2023-10-28 23:43:02.086,,2023-10-28 23:43:02.086,2,10,HB_06,487mnSNu6t,com.sec.android.app.shealth,0,b1b8b05b-e024-4150-87cb-0fda410c201e,4de4dbfe-be45-4630-94cf-554886356c10,0,
,,null,8,,2023-10-28 23:43:02.086,,2023-10-28 23:43:02.086,2,10,HB_08,487mnSNu6t,com.sec.android.app.shealth,0,b1b8b05b-e024-4150-87cb-0fda410c201e,b282e73d-e759-42e2-9a78-817fda40e0b4,0,
,,null,9,,2023-10-28 23:43:02.086,,2023-10-28 23:43:02.086,2,10,HB_09,487mnSNu6t,com.sec.android.app.shealth,0,b1b8b05b-e024-4150-87cb-0fda410c201e,5fd77b36-5f20-4190-a1f3-d0d565ad1804,0,
,,null,2,,2023-11-09 12:13:40.458,,2023-10-28 23:43:02.086,2,11,HB_02,487mnSNu6t,com.sec.android.app.shealth,1,b1b8b05b-e024-4150-87cb-0fda410c201e,d91cbfa0-cc4e-4b76-857f-c3d36daba801,3,
,,null,10,,2023-10-28 23:43:02.086,,2023-10-28 23:43:02.086,2,11,HB_10,487mnSNu6t,com.sec.android.app.shealth,1,b1b8b05b-e024-4150-87cb-0fda410c201e,37b795dc-f0b5-434c-b07f-1f5cde6ab0d4,0,
,,null,11,,2023-10-28 23:43:02.087,,2023-10-28 23:43:02.087,2,11,HB_11,487mnSNu6t,com.sec.android.app.shealth,0,b1b8b05b-e024-4150-87cb-0fda410c201e,259a2dac-0d66-4e0d-959e-eaa98eac86a1,0,
,,null,3,,2023-10-28 23:43:02.087,,2023-10-28 23:43:02.087,2,11,HB_03,487mnSNu6t,com.sec.android.app.shealth,0,b1b8b05b-e024-4150-87cb-0fda410c201e,0c9fbd6e-b9ac-4766-ab7f-bcc8d406c43b,0,
,,null,5,,2023-10-28 23:43:02.087,,2023-10-28 23:43:02.087,2,11,HB_05,487mnSNu6t,com.sec.android.app.shealth,0,b1b8b05b-e024-4150-87cb-0fda410c201e,efe0f7c9-dcf5-40a6-bb8c-526de583a073,0,
,,null,6,,2023-10-28 23:43:02.087,,2023-10-28 23:43:02.087,2,11,HB_06,487mnSNu6t,com.sec.android.app.shealth,0,b1b8b05b-e024-4150-87cb-0fda410c201e,b966c1ef-374e-4931-aa4f-2ea3518bb84f,0,
,,null,8,,2023-10-28 23:43:02.087,,2023-10-28 23:43:02.087,2,11,HB_08,487mnSNu6t,com.sec.android.app.shealth,0,b1b8b05b-e024-4150-87cb-0fda410c201e,e2986608-59c7-4fd7-a3fc-8fd553a5de6d,0,
,,null,9,,2023-10-28 23:43:02.087,,2023-10-28 23:43:02.087,2,11,HB_09,487mnSNu6t,com.sec.android.app.shealth,0,b1b8b05b-e024-4150-87cb-0fda410c201e,825a96e7-1480-40bb-a1c5-fed3b5fb3bc1,0,
,,null,2,,2023-11-10 09:55:06.925,,2023-10-28 23:43:02.087,2,12,HB_02,487mnSNu6t,com.sec.android.app.shealth,1,b1b8b05b-e024-4150-87cb-0fda410c201e,ab3ae5b5-6655-4582-818e-ffc390889cd0,3,
,,null,10,,2023-10-28 23:43:02.087,,2023-10-28 23:43:02.087,2,12,HB_10,487mnSNu6t,com.sec.android.app.shealth,1,b1b8b05b-e024-4150-87cb-0fda410c201e,42c61f47-9d22-4407-9ed9-e076f239dadd,0,
,,null,11,,2023-10-28 23:43:02.087,,2023-10-28 23:43:02.087,2,12,HB_11,487mnSNu6t,com.sec.android.app.shealth,0,b1b8b05b-e024-4150-87cb-0fda410c201e,7560d209-b8dc-4e32-9b73-8d90c7703bf1,0,
,,null,3,,2023-10-28 23:43:02.087,,2023-10-28 23:43:02.087,2,12,HB_03,487mnSNu6t,com.sec.android.app.shealth,0,b1b8b05b-e024-4150-87cb-0fda410c201e,f63782bb-3578-46d6-b1fe-fe475507f0ef,0,
,,null,5,,2023-10-28 23:43:02.087,,2023-10-28 23:43:02.087,2,12,HB_05,487mnSNu6t,com.sec.android.app.shealth,0,b1b8b05b-e024-4150-87cb-0fda410c201e,d784d697-c413-4feb-9f31-b48b50b7c6bf,0,
,,null,6,,2023-10-28 23:43:02.087,,2023-10-28 23:43:02.087,2,12,HB_06,487mnSNu6t,com.sec.android.app.shealth,0,b1b8b05b-e024-4150-87cb-0fda410c201e,1fd4e8f6-34d5-48fa-8886-efaaa1b9d710,0,
,,null,8,,2023-10-28 23:43:02.088,,2023-10-28 23:43:02.088,2,12,HB_08,487mnSNu6t,com.sec.android.app.shealth,0,b1b8b05b-e024-4150-87cb-0fda410c201e,e3cdcf68-94c8-4469-9114-5a9e2f1b683c,0,
,,null,9,,2023-10-28 23:43:02.088,,2023-10-28 23:43:02.088,2,12,HB_09,487mnSNu6t,com.sec.android.app.shealth,0,b1b8b05b-e024-4150-87cb-0fda410c201e,406ae17a-2860-4469-b07f-357b3e1588ee,0,
,,null,2,,2023-10-28 23:43:02.088,,2023-10-28 23:43:02.088,2,13,HB_02,487mnSNu6t,com.sec.android.app.shealth,1,b1b8b05b-e024-4150-87cb-0fda410c201e,582bd11f-5fa0-4ab1-95ab-cc630e0267a5,0,
,,null,10,,2023-10-28 23:43:02.088,,2023-10-28 23:43:02.088,2,13,HB_10,487mnSNu6t,com.sec.android.app.shealth,1,b1b8b05b-e024-4150-87cb-0fda410c201e,b2532fa0-d706-478d-aa88-309765f2b86f,0,
,,null,11,,2023-10-28 23:43:02.088,,2023-10-28 23:43:02.088,2,13,HB_11,487mnSNu6t,com.sec.android.app.shealth,0,b1b8b05b-e024-4150-87cb-0fda410c201e,b1e8d1ff-e8fa-4bfe-8126-aa16999f2f36,0,
,,null,3,,2023-10-28 23:43:02.088,,2023-10-28 23:43:02.088,2,13,HB_03,487mnSNu6t,com.sec.android.app.shealth,0,b1b8b05b-e024-4150-87cb-0fda410c201e,43cad94c-d9c5-4c7a-bb85-ba4acab5f72d,0,
,,null,5,,2023-10-28 23:43:02.088,,2023-10-28 23:43:02.088,2,13,HB_05,487mnSNu6t,com.sec.android.app.shealth,0,b1b8b05b-e024-4150-87cb-0fda410c201e,9e5744cc-f5ea-49f3-bd0f-2338409f0007,0,
,,null,6,,2023-10-28 23:43:02.088,,2023-10-28 23:43:02.088,2,13,HB_06,487mnSNu6t,com.sec.android.app.shealth,0,b1b8b05b-e024-4150-87cb-0fda410c201e,0d734acd-1b28-4a08-a922-3e203f27d224,0,
,,null,8,,2023-10-28 23:43:02.088,,2023-10-28 23:43:02.088,2,13,HB_08,487mnSNu6t,com.sec.android.app.shealth,0,b1b8b05b-e024-4150-87cb-0fda410c201e,ace0fea1-361d-41be-bb87-87f49a09cfb7,0,
,,null,9,,2023-10-28 23:43:02.088,,2023-10-28 23:43:02.088,2,13,HB_09,487mnSNu6t,com.sec.android.app.shealth,0,b1b8b05b-e024-4150-87cb-0fda410c201e,ce1ed982-1b7e-4755-9b13-2ac19da9e721,0,
,,null,10,,2023-10-28 23:43:02.088,,2023-10-28 23:43:02.088,2,14,HB_10,487mnSNu6t,com.sec.android.app.shealth,1,b1b8b05b-e024-4150-87cb-0fda410c201e,dc83a45b-7fb3-4dee-8c92-9b178ef17b6f,0,
,,null,11,,2023-10-28 23:43:02.088,,2023-10-28 23:43:02.088,2,14,HB_11,487mnSNu6t,com.sec.android.app.shealth,1,b1b8b05b-e024-4150-87cb-0fda410c201e,6f207b87-9968-4612-9cd1-5953c94360b8,0,
,,null,2,,2023-11-25 02:20:06.534,,2023-10-28 23:43:02.089,2,14,HB_02,487mnSNu6t,com.sec.android.app.shealth,0,b1b8b05b-e024-4150-87cb-0fda410c201e,02ca8ab4-a8dc-4b49-abcb-1c1aaaba8a23,3,
,,null,3,,2023-10-28 23:43:02.089,,2023-10-28 23:43:02.089,2,14,HB_03,487mnSNu6t,com.sec.android.app.shealth,0,b1b8b05b-e024-4150-87cb-0fda410c201e,f6e481ba-53a6-4b76-8a78-942bcc1a630f,0,
,,null,5,,2023-10-28 23:43:02.089,,2023-10-28 23:43:02.089,2,14,HB_05,487mnSNu6t,com.sec.android.app.shealth,0,b1b8b05b-e024-4150-87cb-0fda410c201e,7526f4ad-cb41-4b13-83f5-b25d30b2d2cd,0,
,,null,6,,2023-10-28 23:43:02.089,,2023-10-28 23:43:02.089,2,14,HB_06,487mnSNu6t,com.sec.android.app.shealth,0,b1b8b05b-e024-4150-87cb-0fda410c201e,bb689ba6-f318-460f-b492-1c483371cc12,0,
,,null,8,,2023-10-28 23:43:02.089,,2023-10-28 23:43:02.089,2,14,HB_08,487mnSNu6t,com.sec.android.app.shealth,0,b1b8b05b-e024-4150-87cb-0fda410c201e,06692702-a2fb-4b1b-8e04-213567aba533,0,
,,null,9,,2023-10-28 23:43:02.089,,2023-10-28 23:43:02.089,2,14,HB_09,487mnSNu6t,com.sec.android.app.shealth,0,b1b8b05b-e024-4150-87cb-0fda410c201e,76ab8814-3f52-4093-a4b1-8ed3b92c8c39,0,
,,null,10,,2023-10-28 23:43:02.089,,2023-10-28 23:43:02.089,2,15,HB_10,487mnSNu6t,com.sec.android.app.shealth,1,b1b8b05b-e024-4150-87cb-0fda410c201e,4eaebb8b-e9ca-480c-b414-6e83914411e5,0,
,,null,11,,2023-10-28 23:43:02.089,,2023-10-28 23:43:02.089,2,15,HB_11,487mnSNu6t,com.sec.android.app.shealth,1,b1b8b05b-e024-4150-87cb-0fda410c201e,1092889e-1a95-41fc-b63a-c674fe88ac39,0,
,,null,2,,2023-10-28 23:43:02.089,,2023-10-28 23:43:02.089,2,15,HB_02,487mnSNu6t,com.sec.android.app.shealth,0,b1b8b05b-e024-4150-87cb-0fda410c201e,59e0d6ed-c813-48be-903d-d69888ba3e45,0,
,,null,3,,2023-10-28 23:43:02.089,,2023-10-28 23:43:02.089,2,15,HB_03,487mnSNu6t,com.sec.android.app.shealth,0,b1b8b05b-e024-4150-87cb-0fda410c201e,2613f3d7-bd5e-4581-a74e-0843987d9c25,0,
,,null,5,,2023-10-28 23:43:02.089,,2023-10-28 23:43:02.089,2,15,HB_05,487mnSNu6t,com.sec.android.app.shealth,0,b1b8b05b-e024-4150-87cb-0fda410c201e,23b6cbe8-4f9a-449a-b854-77239c76e0c0,0,
,,null,6,,2023-10-28 23:43:02.089,,2023-10-28 23:43:02.089,2,15,HB_06,487mnSNu6t,com.sec.android.app.shealth,0,b1b8b05b-e024-4150-87cb-0fda410c201e,638ae987-96ef-4a63-9859-3a8690a1f500,0,
,,null,8,,2023-10-28 23:43:02.089,,2023-10-28 23:43:02.089,2,15,HB_08,487mnSNu6t,com.sec.android.app.shealth,0,b1b8b05b-e024-4150-87cb-0fda410c201e,bc109f0e-32d7-4d51-843a-2352b3bae169,0,
,,null,9,,2023-10-28 23:43:02.090,,2023-10-28 23:43:02.090,2,15,HB_09,487mnSNu6t,com.sec.android.app.shealth,0,b1b8b05b-e024-4150-87cb-0fda410c201e,c95ffb29-2f27-4e30-a1d8-e7ee8b23e1e0,0,
,,null,10,,2023-10-28 23:43:02.090,,2023-10-28 23:43:02.090,2,16,HB_10,487mnSNu6t,com.sec.android.app.shealth,1,b1b8b05b-e024-4150-87cb-0fda410c201e,276b91a3-630a-4d7c-869a-d393835ffa39,0,
,,null,11,,2023-10-28 23:43:02.090,,2023-10-28 23:43:02.090,2,16,HB_11,487mnSNu6t,com.sec.android.app.shealth,1,b1b8b05b-e024-4150-87cb-0fda410c201e,c5a08d98-c96b-4817-9bf3-612d0033b54b,0,
,,null,2,,2023-10-28 23:43:02.090,,2023-10-28 23:43:02.090,2,16,HB_02,487mnSNu6t,com.sec.android.app.shealth,0,b1b8b05b-e024-4150-87cb-0fda410c201e,822d774a-3c6a-4e8a-9c1a-e690636530d7,0,
,,null,3,,2023-10-28 23:43:02.090,,2023-10-28 23:43:02.090,2,16,HB_03,487mnSNu6t,com.sec.android.app.shealth,0,b1b8b05b-e024-4150-87cb-0fda410c201e,ec915e53-9068-4eba-ba99-4e8adabdf628,0,
,,null,5,,2023-10-28 23:43:02.090,,2023-10-28 23:43:02.090,2,16,HB_05,487mnSNu6t,com.sec.android.app.shealth,0,b1b8b05b-e024-4150-87cb-0fda410c201e,153664da-e632-4828-81cd-218358da574a,0,
,,null,6,,2023-10-28 23:43:02.090,,2023-10-28 23:43:02.090,2,16,HB_06,487mnSNu6t,com.sec.android.app.shealth,0,b1b8b05b-e024-4150-87cb-0fda410c201e,7fd8b743-e20c-4910-a092-b48070476a97,0,
,,null,8,,2023-10-28 23:43:02.090,,2023-10-28 23:43:02.090,2,16,HB_08,487mnSNu6t,com.sec.android.app.shealth,0,b1b8b05b-e024-4150-87cb-0fda410c201e,9b58675c-29cc-4eab-a046-fe566288052a,0,
,,null,9,,2023-10-28 23:43:02.090,,2023-10-28 23:43:02.090,2,16,HB_09,487mnSNu6t,com.sec.android.app.shealth,0,b1b8b05b-e024-4150-87cb-0fda410c201e,0a171085-524f-4528-bd21-e3d3d03b045f,0,
,,null,10,,2023-10-28 23:43:02.090,,2023-10-28 23:43:02.090,2,17,HB_10,487mnSNu6t,com.sec.android.app.shealth,1,b1b8b05b-e024-4150-87cb-0fda410c201e,45e891f8-3a06-4695-a2e0-1998d5ae7341,0,
,,null,11,,2023-10-28 23:43:02.090,,2023-10-28 23:43:02.090,2,17,HB_11,487mnSNu6t,com.sec.android.app.shealth,1,b1b8b05b-e024-4150-87cb-0fda410c201e,e1bbbe3e-134f-4c9d-8823-bc9c13988f26,0,
,,null,2,,2023-11-25 02:20:06.379,,2023-10-28 23:43:02.090,2,17,HB_02,487mnSNu6t,com.sec.android.app.shealth,0,b1b8b05b-e024-4150-87cb-0fda410c201e,d6f9e64c-68fb-4aec-b968-94408ae280cb,3,
,,null,3,,2023-10-28 23:43:02.090,,2023-10-28 23:43:02.090,2,17,HB_03,487mnSNu6t,com.sec.android.app.shealth,0,b1b8b05b-e024-4150-87cb-0fda410c201e,5aaf862e-4f6e-46db-ba3d-505726700550,0,
,,null,5,,2023-10-28 23:43:02.090,,2023-10-28 23:43:02.090,2,17,HB_05,487mnSNu6t,com.sec.android.app.shealth,0,b1b8b05b-e024-4150-87cb-0fda410c201e,d0a89e95-8cdf-4e5c-80cb-12a855b4cc83,0,
,,null,6,,2023-10-28 23:43:02.091,,2023-10-28 23:43:02.091,2,17,HB_06,487mnSNu6t,com.sec.android.app.shealth,0,b1b8b05b-e024-4150-87cb-0fda410c201e,81015611-ac5e-43e7-8add-885701fe4a8e,0,
,,null,8,,2023-10-28 23:43:02.091,,2023-10-28 23:43:02.091,2,17,HB_08,487mnSNu6t,com.sec.android.app.shealth,0,b1b8b05b-e024-4150-87cb-0fda410c201e,a5ad78a0-2d58-4919-a42a-ed677dd1ac6a,0,
,,null,9,,2023-10-28 23:43:02.091,,2023-10-28 23:43:02.091,2,17,HB_09,487mnSNu6t,com.sec.android.app.shealth,0,b1b8b05b-e024-4150-87cb-0fda410c201e,34f13dcc-d3ed-4950-ab47-244a432156f6,0,
,,null,10,,2023-10-28 23:43:02.091,,2023-10-28 23:43:02.091,2,18,HB_10,487mnSNu6t,com.sec.android.app.shealth,1,b1b8b05b-e024-4150-87cb-0fda410c201e,b9a68b73-8557-4748-aa9e-6671bf23a266,0,
,,null,11,,2023-10-28 23:43:02.091,,2023-10-28 23:43:02.091,2,18,HB_11,487mnSNu6t,com.sec.android.app.shealth,1,b1b8b05b-e024-4150-87cb-0fda410c201e,37739df3-0192-4ac2-9e6b-f59af6f3b2e9,0,
,,null,2,,2023-10-28 23:43:02.091,,2023-10-28 23:43:02.091,2,18,HB_02,487mnSNu6t,com.sec.android.app.shealth,0,b1b8b05b-e024-4150-87cb-0fda410c201e,e41fc37e-ef8e-4083-a3cc-92b69e462de9,0,
,,null,3,,2023-10-28 23:43:02.091,,2023-10-28 23:43:02.091,2,18,HB_03,487mnSNu6t,com.sec.android.app.shealth,0,b1b8b05b-e024-4150-87cb-0fda410c201e,9084adcf-95a1-455f-8db1-3236163a72ed,0,
,,null,5,,2023-10-28 23:43:02.091,,2023-10-28 23:43:02.091,2,18,HB_05,487mnSNu6t,com.sec.android.app.shealth,0,b1b8b05b-e024-4150-87cb-0fda410c201e,5efbdc85-1754-48f8-a5bc-f0a90e6fe1b6,0,
,,null,6,,2023-10-28 23:43:02.091,,2023-10-28 23:43:02.091,2,18,HB_06,487mnSNu6t,com.sec.android.app.shealth,0,b1b8b05b-e024-4150-87cb-0fda410c201e,2b13f0b8-e188-4144-847c-3fd53008e217,0,
,,null,8,,2023-10-28 23:43:02.091,,2023-10-28 23:43:02.091,2,18,HB_08,487mnSNu6t,com.sec.android.app.shealth,0,b1b8b05b-e024-4150-87cb-0fda410c201e,7b30c59f-c5cf-40db-8040-4621418b7b7a,0,
,,null,9,,2023-10-28 23:43:02.091,,2023-10-28 23:43:02.091,2,18,HB_09,487mnSNu6t,com.sec.android.app.shealth,0,b1b8b05b-e024-4150-87cb-0fda410c201e,e6177786-f7c3-4e86-b09a-7b4792f1d0b4,0,
,,null,10,,2023-10-28 23:43:02.091,,2023-10-28 23:43:02.091,2,19,HB_10,487mnSNu6t,com.sec.android.app.shealth,1,b1b8b05b-e024-4150-87cb-0fda410c201e,f2ac83db-6fa8-44d7-ab3c-5f0434a2e45b,0,
,,null,11,,2023-10-28 23:43:02.092,,2023-10-28 23:43:02.092,2,19,HB_11,487mnSNu6t,com.sec.android.app.shealth,1,b1b8b05b-e024-4150-87cb-0fda410c201e,b7a0b1d0-c962-49aa-af23-a8adf05e7405,0,
,,null,2,,2023-11-25 02:20:06.291,,2023-10-28 23:43:02.092,2,19,HB_02,487mnSNu6t,com.sec.android.app.shealth,0,b1b8b05b-e024-4150-87cb-0fda410c201e,78da4a5f-9101-414f-97d5-f66a69fcc079,3,
,,null,3,,2023-10-28 23:43:02.092,,2023-10-28 23:43:02.092,2,19,HB_03,487mnSNu6t,com.sec.android.app.shealth,0,b1b8b05b-e024-4150-87cb-0fda410c201e,20e9a2be-ec8f-4178-82b4-bc64e6ab3d9b,0,
,,null,5,,2023-10-28 23:43:02.092,,2023-10-28 23:43:02.092,2,19,HB_05,487mnSNu6t,com.sec.android.app.shealth,0,b1b8b05b-e024-4150-87cb-0fda410c201e,312d2c72-4246-405f-867f-aa095e99b868,0,
,,null,6,,2023-10-28 23:43:02.092,,2023-10-28 23:43:02.092,2,19,HB_06,487mnSNu6t,com.sec.android.app.shealth,0,b1b8b05b-e024-4150-87cb-0fda410c201e,e92436da-0b83-438b-9cc2-d18c1c043757,0,
,,null,8,,2023-10-28 23:43:02.092,,2023-10-28 23:43:02.092,2,19,HB_08,487mnSNu6t,com.sec.android.app.shealth,0,b1b8b05b-e024-4150-87cb-0fda410c201e,92917fe5-b968-4321-a8a2-523f918b177d,0,
,,null,9,,2023-10-28 23:43:02.092,,2023-10-28 23:43:02.092,2,19,HB_09,487mnSNu6t,com.sec.android.app.shealth,0,b1b8b05b-e024-4150-87cb-0fda410c201e,30716f7b-5648-4023-beae-6d1442cfc0fa,0,
,,null,10,,2023-10-28 23:43:02.092,,2023-10-28 23:43:02.092,2,20,HB_10,487mnSNu6t,com.sec.android.app.shealth,1,b1b8b05b-e024-4150-87cb-0fda410c201e,184df9d5-fafc-4a36-9ac3-a24210f6f3c9,0,
,,null,11,,2023-10-28 23:43:02.092,,2023-10-28 23:43:02.092,2,20,HB_11,487mnSNu6t,com.sec.android.app.shealth,1,b1b8b05b-e024-4150-87cb-0fda410c201e,c908482e-7eaa-40a2-9ab3-20fd5b56178a,0,
,,null,2,,2023-10-28 23:43:02.092,,2023-10-28 23:43:02.092,2,20,HB_02,487mnSNu6t,com.sec.android.app.shealth,0,b1b8b05b-e024-4150-87cb-0fda410c201e,bdea61e1-dfac-4583-8bef-b31abd809c8b,0,
,,null,3,,2023-10-28 23:43:02.092,,2023-10-28 23:43:02.092,2,20,HB_03,487mnSNu6t,com.sec.android.app.shealth,0,b1b8b05b-e024-4150-87cb-0fda410c201e,023341c6-8eda-4e2c-b72b-b043f782a902,0,
,,null,5,,2023-10-28 23:43:02.092,,2023-10-28 23:43:02.092,2,20,HB_05,487mnSNu6t,com.sec.android.app.shealth,0,b1b8b05b-e024-4150-87cb-0fda410c201e,5ae975a4-64b8-42f7-9f65-c76fab0b714e,0,
,,null,6,,2023-10-28 23:43:02.093,,2023-10-28 23:43:02.093,2,20,HB_06,487mnSNu6t,com.sec.android.app.shealth,0,b1b8b05b-e024-4150-87cb-0fda410c201e,71fb659c-bd5a-443a-8a90-d4f5a3fe991d,0,
,,null,8,,2023-10-28 23:43:02.093,,2023-10-28 23:43:02.093,2,20,HB_08,487mnSNu6t,com.sec.android.app.shealth,0,b1b8b05b-e024-4150-87cb-0fda410c201e,6b24dc8a-b39b-4b69-a1f2-b9501ee759e4,0,
,,null,9,,2023-10-28 23:43:02.093,,2023-10-28 23:43:02.093,2,20,HB_09,487mnSNu6t,com.sec.android.app.shealth,0,b1b8b05b-e024-4150-87cb-0fda410c201e,b50097de-6ce3-4096-8b87-1fab7b27f772,0,
