com.samsung.shealth.insight_message,7006011,3
is_ai_generated,feedback_type,is_clicked,service_id,description,exposure_uri,condition_id,msg_id,update_time,create_time,is_viewed,tag,category,title,deviceuuid,pkg_name,datauuid,day_time
0,0,,tracker.vitality,"Você esteve fisicamente ativo(a) por um tempo adequado ontem. Muito bem! Exercícios e atividades constantes ajudam a controlar o peso, promovem a saúde do coração e melhoram a densidade óssea.",intent:#Intent;action=com.samsung.android.app.shealth.intent.action.INSIGHT_HA_LOGGING_CARD_EXPOSED;package=com.sec.android.app.shealth;S.card_id=32948__42661;S.extra_llm_type=rule;S.tracker_id=tracker.vitality;end,active_time_32,AT-8,2026-03-21 11:15:58.194,2026-03-21 11:15:58.194,0,32948,VS_VITALITYSCORE,O equilíbrio em seu ápice,487mnSNu6t,com.sec.android.app.shealth,8d070d61-437f-42a1-b419-9701019bebcb,2026-03-21 00:00:00.000,
0,0,,tracker.vitality,Você teve 74 minutos a mais de movimento em comparação com os últimos 3 dias. Continue a encontrar o melhor equilíbrio entre atividade e descanso. Você pode tentar reduzir a intensidade dos exercícios e aumentar o tempo de recuperação. Descubra o que funciona melhor para você!,intent:#Intent;action=com.samsung.android.app.shealth.intent.action.INSIGHT_HA_LOGGING_CARD_EXPOSED;package=com.sec.android.app.shealth;S.card_id=33136__42723;S.extra_llm_type=rule;S.tracker_id=tracker.vitality;end,active_time_81,AT-12-5,2026-03-24 11:46:32.547,2026-03-24 11:46:32.547,0,33136,VS_VITALITYSCORE,Encontre sua melhor rotina,487mnSNu6t,com.sec.android.app.shealth,2d059375-0c31-424c-bcde-dc76633a33ab,2026-03-24 00:00:00.000,
0,0,,tracker.vitality,"Seu nível de atividade diminuiu. Se isso lhe parece preocupante, considere que é sempre importante prestar atenção à forma como o seu corpo responde ao aumento ou à diminuição da atividade física.",intent:#Intent;action=com.samsung.android.app.shealth.intent.action.INSIGHT_HA_LOGGING_CARD_EXPOSED;package=com.sec.android.app.shealth;S.card_id=32914__42649;S.extra_llm_type=rule;S.tracker_id=tracker.vitality;end,active_time_31,AT-4-2,2026-03-28 12:14:04.220,2026-03-28 12:14:04.220,0,32914,VS_VITALITYSCORE,Deixe seu corpo decidir,487mnSNu6t,com.sec.android.app.shealth,07d9c672-a632-409c-93e7-f79827a87c64,2026-03-28 00:00:00.000,
0,0,,tracker.vitality,"Tanto sua VFC durante o sono quanto seu sono REM estiveram mais baixos do que o normal na noite passada. Recarregue as energias relaxando com atividades mais leves à noite e evitando exercícios intensos, álcool ou refeições perto da hora de dormir.",intent:#Intent;action=com.samsung.android.app.shealth.intent.action.INSIGHT_HA_LOGGING_CARD_EXPOSED;package=com.sec.android.app.shealth;S.card_id=33129__42721;S.extra_llm_type=rule;S.tracker_id=tracker.vitality;end,behavior_check_before_sleep_72,SHT-1-1,2026-03-30 10:40:27.986,2026-03-30 10:40:27.986,0,33129,VS_VITALITYSCORE,Tente pequenas mudanças,487mnSNu6t,com.sec.android.app.shealth,403e149c-38f6-4dd6-9de0-10547cf0df7a,2026-03-30 00:00:00.000,
0,0,,tracker.vitality,Você ficou ativo(a) por mais tempo ontem em comparação com seus níveis recentes de atividade. Essa é uma mudança positiva. Continue fazendo um bom trabalho!,intent:#Intent;action=com.samsung.android.app.shealth.intent.action.INSIGHT_HA_LOGGING_CARD_EXPOSED;package=com.sec.android.app.shealth;S.card_id=32940__42659;S.extra_llm_type=rule;S.tracker_id=tracker.vitality;end,active_time_30,AT-1,2026-03-31 10:31:16.950,2026-03-31 10:31:16.950,0,32940,VS_VITALITYSCORE,Continue se mexendo,487mnSNu6t,com.sec.android.app.shealth,22ccd14f-bd6e-4c55-b872-3ddcdeeedbd8,2026-03-31 00:00:00.000,
0,0,,tracker.vitality,"Você teve mais atividade do que o normal ultimamente. Seu corpo deve estar cansado. Tente adicionar também uma meta de descanso. Procure fazer sessões de exercícios mais curtas, seguidas de um banho quente e relaxante. É fundamental manter um equilíbrio entre atividade e recuperação.",intent:#Intent;action=com.samsung.android.app.shealth.intent.action.INSIGHT_HA_LOGGING_CARD_EXPOSED;package=com.sec.android.app.shealth;S.card_id=32921__42651;S.extra_llm_type=rule;S.tracker_id=tracker.vitality;end,active_time_33,AT-9-2,2026-04-05 14:55:35.279,2026-04-05 14:55:35.279,0,32921,VS_VITALITYSCORE,A recuperação é fundamental,487mnSNu6t,com.sec.android.app.shealth,ef5d5b5a-a7dd-4efa-87a9-5d291eefd321,2026-04-05 00:00:00.000,
0,0,,tracker.vitality,Sua VFC durante o sono voltou ao intervalo normal. Seus hábitos ativos desempenham um papel significativo nessa estabilidade. Talvez você tenha percebido os benefícios restauradores de uma caminhada no parque. Investir em você mesmo pode trazer mais resultados positivos para sua saúde.,intent:#Intent;action=com.samsung.android.app.shealth.intent.action.INSIGHT_HA_LOGGING_CARD_EXPOSED;package=com.sec.android.app.shealth;S.card_id=33069__42701;S.extra_llm_type=rule;S.tracker_id=tracker.vitality;end,shrv_balance_58,HV-3-3,2026-04-06 10:25:01.061,2026-04-06 10:25:01.061,0,33069,VS_VITALITYSCORE,Mantenha a estabilidade,487mnSNu6t,com.sec.android.app.shealth,1071669b-0426-46db-a2dc-d39626010d76,2026-04-06 00:00:00.000,
0,0,,tracker.vitality,"Ultimamente, você tem mantido uma VFC durante o sono dentro da faixa normal. Gerenciar seu estresse é importante para manter essa estabilidade. Quando você estiver sobrecarregado(a), reserve um tempo para fazer atividades que você gosta.",intent:#Intent;action=com.samsung.android.app.shealth.intent.action.INSIGHT_HA_LOGGING_CARD_EXPOSED;package=com.sec.android.app.shealth;S.card_id=33070__42701;S.extra_llm_type=rule;S.tracker_id=tracker.vitality;end,shrv_balance_58,HV-3-4,2026-04-08 10:11:21.607,2026-04-08 10:11:21.607,0,33070,VS_VITALITYSCORE,Você está menos estressado(a),487mnSNu6t,com.sec.android.app.shealth,571aad0c-3cc1-42c5-baae-2c9af4a5ce44,2026-04-08 00:00:00.000,
0,0,,tracker.vitality,"Sua pontuação de energia tem estado baixa recentemente. Você sempre pode dar a volta por cima. Por exemplo, se suas tarefas diárias forem muito exigentes, considere fazer pausas mais longas ou mais frequentes ao longo do dia.",intent:#Intent;action=com.samsung.android.app.shealth.intent.action.INSIGHT_HA_LOGGING_CARD_EXPOSED;package=com.sec.android.app.shealth;S.card_id=33093__42709;S.extra_llm_type=rule;S.tracker_id=tracker.vitality;end,shr_balance_67,HR-3-1,2026-04-12 13:48:29.541,2026-04-12 13:48:29.541,0,33093,VS_VITALITYSCORE,Faça mais pausas,487mnSNu6t,com.sec.android.app.shealth,9b673c94-80a3-4d7d-a227-1b062c70253b,2026-04-12 00:00:00.000,
0,0,,tracker.vitality,"Na noite passada, sua frequência cardíaca levou um tempo para se normalizar, e seu sono REM e sua VFC durante o sono estavam mais baixas do que o normal. Algumas atividades, quando feitas antes da hora de deitar, podem reduzir a recuperação durante o sono. Entre elas estão fazer exercícios, consumir bebidas alcóolicas ou fazer uma refeição.",intent:#Intent;action=com.samsung.android.app.shealth.intent.action.INSIGHT_HA_LOGGING_CARD_EXPOSED;package=com.sec.android.app.shealth;S.card_id=33126__42721;S.extra_llm_type=rule;S.tracker_id=tracker.vitality;end,behavior_check_before_sleep_72,SHT-1,2026-04-16 10:44:00.367,2026-04-16 10:44:00.367,0,33126,VS_VITALITYSCORE,O sono está comprometido,487mnSNu6t,com.sec.android.app.shealth,55e415ae-3ac6-447e-9186-c38787764d56,2026-04-16 00:00:00.000,
0,0,,tracker.vitality,Você ficou ativo(a) por mais tempo ontem em comparação com seus níveis recentes de atividade. Essa é uma mudança positiva. Continue fazendo um bom trabalho!,intent:#Intent;action=com.samsung.android.app.shealth.intent.action.INSIGHT_HA_LOGGING_CARD_EXPOSED;package=com.sec.android.app.shealth;S.card_id=32940__42659;S.extra_llm_type=rule;S.tracker_id=tracker.vitality;end,active_time_30,AT-1,2026-04-17 10:30:59.627,2026-04-17 10:30:59.627,0,32940,VS_VITALITYSCORE,Continue se mexendo,487mnSNu6t,com.sec.android.app.shealth,4b765b80-b75a-479b-b5c8-56bce8ef44ea,2026-04-17 00:00:00.000,
0,0,,tracker.vitality,"Você tem estado um pouco mais ativo ultimamente, o que está ajudando sua pontuação. Bom trabalho! Preste atenção ao que está ajudando a melhorar sua pontuação. Talvez seja uma nova rotina de exercícios. Seja o que for, continue assim e você notará melhorias em outras áreas da sua vida.",intent:#Intent;action=com.samsung.android.app.shealth.intent.action.INSIGHT_HA_LOGGING_CARD_EXPOSED;package=com.sec.android.app.shealth;S.card_id=32942__42659;S.extra_llm_type=rule;S.tracker_id=tracker.vitality;end,active_time_30,AT-3,2026-04-20 11:33:40.737,2026-04-20 11:33:40.737,0,32942,VS_VITALITYSCORE,Continue se mexendo,487mnSNu6t,com.sec.android.app.shealth,c6656d0a-57b3-4ff4-af53-81353cf3db22,2026-04-20 00:00:00.000,
0,0,,tracker.vitality,Você tem mantido uma frequência cardíaca durante o sono saudável ultimamente. Muito bem! Continue fazendo um bom trabalho para garantir que você siga saudável e forte.,intent:#Intent;action=com.samsung.android.app.shealth.intent.action.INSIGHT_HA_LOGGING_CARD_EXPOSED;package=com.sec.android.app.shealth;S.card_id=33085__42707;S.extra_llm_type=rule;S.tracker_id=tracker.vitality;end,shr_balance_66,HR-2-1,2026-04-23 10:38:49.031,2026-04-23 10:38:49.031,0,33085,VS_VITALITYSCORE,Profissional do sono,487mnSNu6t,com.sec.android.app.shealth,df6fb256-b46f-45cf-85db-f5b7a9ba688f,2026-04-23 00:00:00.000,
0,0,,tracker.vitality,Sua atividade física está um pouco excessiva ultimamente. Não deixe de priorizar o descanso adequado. É importante não se esforçar demais a ponto de se machucar.,intent:#Intent;action=com.samsung.android.app.shealth.intent.action.INSIGHT_HA_LOGGING_CARD_EXPOSED;package=com.sec.android.app.shealth;S.card_id=32916__42651;S.extra_llm_type=rule;S.tracker_id=tracker.vitality;end,active_time_33,AT-9,2026-04-24 10:33:48.891,2026-04-24 10:33:48.891,0,32916,VS_VITALITYSCORE,O descanso é seu amigo,487mnSNu6t,com.sec.android.app.shealth,a0521ef0-d117-4e83-8521-397a75fba714,2026-04-24 00:00:00.000,
0,0,,tracker.vitality,"Ainda que a sua pontuação de energia não esteja alta hoje, todo o seu esforço valeu a pena. Às vezes, nosso corpo envia sinais e pede mais descanso. Quando isso acontece, é bom dar ouvidos a ele e descansar um pouco mais.",intent:#Intent;action=com.samsung.android.app.shealth.intent.action.INSIGHT_HA_LOGGING_CARD_EXPOSED;package=com.sec.android.app.shealth;S.card_id=33108__42715;S.extra_llm_type=rule;S.tracker_id=tracker.vitality;end,score_77,SC-13,2026-05-08 10:35:20.740,2026-05-08 10:35:20.740,0,33108,VS_VITALITYSCORE,Vá com calma,487mnSNu6t,com.sec.android.app.shealth,bcca5f78-7ad2-4df7-b753-e57313fe0a36,2026-05-08 00:00:00.000,
0,0,,tracker.vitality,"Embora seu tempo em atividade tenha diminuído recentemente, isso é uma mudança positiva. Na verdade, um aumento súbito nas atividades físicas pode sobrecarregar o corpo. O melhor é continuar equilibrando descanso e atividades por enquanto.",intent:#Intent;action=com.samsung.android.app.shealth.intent.action.INSIGHT_HA_LOGGING_CARD_EXPOSED;package=com.sec.android.app.shealth;S.card_id=32912__42649;S.extra_llm_type=rule;S.tracker_id=tracker.vitality;end,active_time_31,AT-5-1,2026-05-14 10:30:13.291,2026-05-14 10:30:13.291,0,32912,VS_VITALITYSCORE,Hora de recarregar,487mnSNu6t,com.sec.android.app.shealth,c7c02a5d-c5dd-4cee-a2ae-1ee1ca6ff39c,2026-05-14 00:00:00.000,
0,0,,tracker.vitality,"Se você ficar sedentário(a) por mais de 11 horas, a fadiga e o risco de doenças aumentam. Tente incorporar pequenas mudanças, como se levantar mais vezes, se alongar ou dar uma volta rápida.",intent:#Intent;action=com.samsung.android.app.shealth.intent.action.INSIGHT_HA_LOGGING_CARD_EXPOSED;package=com.sec.android.app.shealth;S.card_id=32964__42667;S.extra_llm_type=rule;S.tracker_id=tracker.vitality;end,active_time_38,AT-29,2026-05-24 15:12:22.642,2026-05-24 15:12:22.642,0,32964,VS_VITALITYSCORE,Exercite o corpo,487mnSNu6t,com.sec.android.app.shealth,2adf23cd-36ff-46eb-8400-6d7821ceb972,2026-05-24 00:00:00.000,
0,0,,tracker.vitality,"Sua pontuação de energia está admirável, o que indica que você pode pegar leve hoje. Escolha uma programação mais voltada ao lazer e priorize o descanso.",intent:#Intent;action=com.samsung.android.app.shealth.intent.action.INSIGHT_HA_LOGGING_CARD_EXPOSED;package=com.sec.android.app.shealth;S.card_id=33110__42715;S.extra_llm_type=rule;S.tracker_id=tracker.vitality;end,score_77,SC-15,2026-06-01 10:30:30.391,2026-06-01 10:30:30.391,0,33110,VS_VITALITYSCORE,Vá com calma,487mnSNu6t,com.sec.android.app.shealth,488319e8-ee44-4723-b87a-b5badcfd7647,2026-06-01 00:00:00.000,
0,0,,tracker.vitality,"Sua satisfação com o sono pode depender da sua biologia e de suas escolhas de estilo de vida, então é importante manter um horário de dormir que atenda às suas necessidades específicas.",intent:#Intent;action=com.samsung.android.app.shealth.intent.action.INSIGHT_HA_LOGGING_CARD_EXPOSED;package=com.sec.android.app.shealth;S.card_id=33163__42738;S.extra_llm_type=rule;S.tracker_id=tracker.vitality;end,sleep_timing_23,SO-9,2026-06-08 10:40:47.053,2026-06-08 10:40:47.053,0,33163,VS_VITALITYSCORE,Perfeição na hora de dormir,487mnSNu6t,com.sec.android.app.shealth,ecd50f68-27e8-4bc0-8b71-d41a1a0509c8,2026-06-08 00:00:00.000,
0,0,,tracker.vitality,"Parece que você tem tido um excelente equilíbrio no tempo de sono ultimamente. Sensacional! A parte difícil agora é manter esse ritmo. Reflita sobre seus hábitos de sono, faça anotações sobre eles e repita-os.",intent:#Intent;action=com.samsung.android.app.shealth.intent.action.INSIGHT_HA_LOGGING_CARD_EXPOSED;package=com.sec.android.app.shealth;S.card_id=32884__42633;S.extra_llm_type=rule;S.tracker_id=tracker.vitality;end,sleep_balance_12,SB-4-2,2026-06-10 10:51:39.047,2026-06-10 10:51:39.047,0,32884,VS_VITALITYSCORE,Ritmo do tempo de sono,487mnSNu6t,com.sec.android.app.shealth,77631222-341f-4bc7-8315-609c146b572f,2026-06-10 00:00:00.000,
0,0,,tracker.vitality,Você ficou ativo(a) por mais tempo ontem em comparação com seus níveis recentes de atividade. Essa é uma mudança positiva. Continue fazendo um bom trabalho!,intent:#Intent;action=com.samsung.android.app.shealth.intent.action.INSIGHT_HA_LOGGING_CARD_EXPOSED;package=com.sec.android.app.shealth;S.card_id=32940__42659;S.extra_llm_type=rule;S.tracker_id=tracker.vitality;end,active_time_30,AT-1,2026-06-11 10:38:33.928,2026-06-11 10:38:33.928,0,32940,VS_VITALITYSCORE,Continue se mexendo,487mnSNu6t,com.sec.android.app.shealth,040f7824-4d01-4208-a7f9-6832ea07f7f8,2026-06-11 00:00:00.000,
0,0,,tracker.vitality,"Sua pontuação de energia está admirável, o que indica que você pode pegar leve hoje. Escolha uma programação mais voltada ao lazer e priorize o descanso.",intent:#Intent;action=com.samsung.android.app.shealth.intent.action.INSIGHT_HA_LOGGING_CARD_EXPOSED;package=com.sec.android.app.shealth;S.card_id=33110__42715;S.extra_llm_type=rule;S.tracker_id=tracker.vitality;end,score_77,SC-15,2026-06-23 10:34:49.760,2026-06-23 10:34:49.760,0,33110,VS_VITALITYSCORE,Vá com calma,487mnSNu6t,com.sec.android.app.shealth,85552762-e681-4a05-94af-0b78e85c4813,2026-06-23 00:00:00.000,
0,0,,tracker.vitality,"Sua pontuação de energia está boa hoje! Ótimo trabalho. Lembre-se de que seus esforços estão ajudando você a viver cada dia ao máximo. Pode ser manter o foco no trabalho, aproveitar o tempo com seus entes queridos ou até mesmo ter mais energia para se dedicar às suas paixões.",intent:#Intent;action=com.samsung.android.app.shealth.insights.LOGGING_CARD_EXPOSED;package=com.sec.android.app.shealth;S.message_tag=6852__4212;S.button_tag=rule;S.tracker_id=tracker.vitality;end,score_76,318615_SC-10-3,2026-09-13 13:09:45.793,2026-09-13 13:09:45.793,0,6852,VS_VITALITYSCORE,Continue assim!,487mnSNu6t,com.sec.android.app.shealth,4f7198a0-28a1-48f0-beec-ac9611f2e11c,2026-09-13 00:00:00.000,
0,0,,tracker.vitality,Você tem tido uma excelente pontuação de energia ultimamente! Apenas 6 em cada 10 usuários semelhantes na sua faixa etária marcaram acima de 85 pontos na semana passada. Esse alto nível de energia pode ajudar você a manter o foco nas tarefas e a enfrentar os desafios diários com positividade e paciência.,intent:#Intent;action=com.samsung.android.app.shealth.insights.LOGGING_CARD_EXPOSED;package=com.sec.android.app.shealth;S.message_tag=7067__4137;S.button_tag=rule;S.tracker_id=tracker.vitality;end,score_75,319467_SC-7-2,2026-09-14 10:11:04.017,2026-09-14 10:11:04.017,0,7067,VS_VITALITYSCORE,Pontuação de energia excelente,487mnSNu6t,com.sec.android.app.shealth,0200b138-aaae-40c9-94bd-854d68e62baf,2026-09-14 00:00:00.000,
0,0,,tracker.vitality,"Sua pontuação de energia está boa hoje! Ótimo trabalho. Lembre-se de que seus esforços estão ajudando você a viver cada dia ao máximo. Pode ser manter o foco no trabalho, aproveitar o tempo com seus entes queridos ou até mesmo ter mais energia para se dedicar às suas paixões.",intent:#Intent;action=com.samsung.android.app.shealth.insights.LOGGING_CARD_EXPOSED;package=com.sec.android.app.shealth;S.message_tag=6852__4212;S.button_tag=rule;S.tracker_id=tracker.vitality;end,score_76,318615_SC-10-3,2026-09-15 10:41:43.688,2026-09-15 10:41:43.688,0,6852,VS_VITALITYSCORE,Continue assim!,487mnSNu6t,com.sec.android.app.shealth,16a2a015-4800-4154-8fd3-9ee61fb6d8a9,2026-09-15 00:00:00.000,
0,0,,tracker.vitality,"Sua pontuação de energia está boa hoje! Ótimo trabalho. Lembre-se de que seus esforços estão ajudando você a viver cada dia ao máximo. Pode ser manter o foco no trabalho, aproveitar o tempo com seus entes queridos ou até mesmo ter mais energia para se dedicar às suas paixões.",intent:#Intent;action=com.samsung.android.app.shealth.insights.LOGGING_CARD_EXPOSED;package=com.sec.android.app.shealth;S.message_tag=6852__4212;S.button_tag=rule;S.tracker_id=tracker.vitality;end,score_76,318615_SC-10-3,2026-09-16 10:38:15.287,2026-09-16 10:38:15.287,0,6852,VS_VITALITYSCORE,Continue assim!,487mnSNu6t,com.sec.android.app.shealth,8f6bfe8a-7eb7-46de-a53e-5ec555bbf441,2026-09-16 00:00:00.000,
0,0,,tracker.vitality,Você tem tido uma excelente pontuação de energia ultimamente! Apenas 6 em cada 10 usuários semelhantes na sua faixa etária marcaram acima de 85 pontos na semana passada. Esse alto nível de energia pode ajudar você a manter o foco nas tarefas e a enfrentar os desafios diários com positividade e paciência.,intent:#Intent;action=com.samsung.android.app.shealth.insights.LOGGING_CARD_EXPOSED;package=com.sec.android.app.shealth;S.message_tag=7067__4137;S.button_tag=rule;S.tracker_id=tracker.vitality;end,score_75,319467_SC-7-2,2026-09-17 10:46:49.106,2026-09-17 10:46:49.106,0,7067,VS_VITALITYSCORE,Pontuação de energia excelente,487mnSNu6t,com.sec.android.app.shealth,eca60efb-c33c-4028-9e98-2de703a8d2ee,2026-09-17 00:00:00.000,
0,0,,tracker.vitality,"Ultimamente, sua pontuação de energia tem sido razoável. Ao reservar um tempo para recarregar as energias agora, você acordará amanhã mais alerta, calmo(a) e revigorado(a). Lembre-se: pequenos atos de autocuidado hoje levam a dias mais felizes e energéticos no futuro.",intent:#Intent;action=com.samsung.android.app.shealth.insights.LOGGING_CARD_EXPOSED;package=com.sec.android.app.shealth;S.message_tag=6909__4210;S.button_tag=rule;S.tracker_id=tracker.vitality;end,score_77,318603_SC-13-3,2026-09-18 08:10:49.416,2026-09-18 08:10:49.416,0,6909,VS_VITALITYSCORE,Pequenos atos de autocuidado,487mnSNu6t,com.sec.android.app.shealth,de102c0b-831a-4c0c-bcaf-fe3005d6eca6,2026-09-18 00:00:00.000,
0,0,,tracker.vitality,"Sua pontuação de energia está boa hoje! Ótimo trabalho. Lembre-se de que seus esforços estão ajudando você a viver cada dia ao máximo. Pode ser manter o foco no trabalho, aproveitar o tempo com seus entes queridos ou até mesmo ter mais energia para se dedicar às suas paixões.",intent:#Intent;action=com.samsung.android.app.shealth.insights.LOGGING_CARD_EXPOSED;package=com.sec.android.app.shealth;S.message_tag=6852__4212;S.button_tag=rule;S.tracker_id=tracker.vitality;end,score_76,318615_SC-10-3,2026-09-19 14:38:56.930,2026-09-19 14:38:56.930,0,6852,VS_VITALITYSCORE,Continue assim!,487mnSNu6t,com.sec.android.app.shealth,2fa09b72-b7c1-453e-8359-4d466abbab2b,2026-09-19 00:00:00.000,
0,0,,tracker.vitality,"Ainda que a sua pontuação de energia não esteja alta hoje, todo o seu esforço valeu a pena. Às vezes, nosso corpo envia sinais e pede mais descanso. Quando isso acontece, é bom dar ouvidos a ele e descansar um pouco mais.",intent:#Intent;action=com.samsung.android.app.shealth.insights.LOGGING_CARD_EXPOSED;package=com.sec.android.app.shealth;S.message_tag=6895__4210;S.button_tag=rule;S.tracker_id=tracker.vitality;end,score_77,318598_SC-13,2026-09-20 14:41:01.596,2026-09-20 14:41:01.596,0,6895,VS_VITALITYSCORE,Vá com calma,487mnSNu6t,com.sec.android.app.shealth,5fbcf6ac-2e16-4c32-b96f-6a9a7e9a2221,2026-09-20 00:00:00.000,
