com.samsung.shealth.preferences,7006011,2
text_value,service_id,float_value,update_time,create_time,long_value,tag,blob_value,int_value,deviceuuid,pkg_name,double_value,datauuid
,,,2026-09-13 13:09:20.369,2023-02-04 05:45:06.329,,,,1,487mnSNu6t,com.sec.android.app.shealth,,oobe.sensitive_data_available,
,,,2026-09-13 13:09:28.366,2023-10-20 19:20:15.558,,,,1,487mnSNu6t,com.sec.android.app.shealth,,settings.marketing_agreement,
,,,2026-09-13 13:09:20.365,2023-10-20 19:20:44.939,,,,1,487mnSNu6t,com.sec.android.app.shealth,,oobe.sensitive_data_agreement,
,,,2026-09-13 13:09:28.348,2023-10-20 19:21:22.241,,,,1,487mnSNu6t,com.sec.android.app.shealth,,settings.personalization_agreement,
,tracker.cycle,,2025-01-01 15:49:48.416,2023-10-20 19:21:23.049,,,,1,487mnSNu6t,com.sec.android.app.shealth,,37-disclaimer_agreed,
,,,2023-10-28 23:44:55.864,2023-10-20 19:21:23.736,,,,1,487mnSNu6t,com.sec.android.app.shealth,,together.setting_gc_invitation,
,,,2023-10-28 23:44:55.864,2023-10-20 19:21:23.739,,,,0,487mnSNu6t,com.sec.android.app.shealth,,together.setting_exposure_level,
,,,2023-10-28 23:44:55.864,2023-10-20 19:21:23.741,,,,0,487mnSNu6t,com.sec.android.app.shealth,,together.setting_ld_auto_addition,
,,,2023-10-20 19:21:26.788,2023-10-20 19:21:26.833,,,,1,487mnSNu6t,com.sec.android.app.shealth,,settings.location_agreement,
,,,2023-10-20 20:42:11.801,2023-10-20 20:42:11.801,,,,0,hriiVjEkYE,com.sec.android.app.shealth,,72-wearable.is_child_account,
pedro.terribille@outlook.com,,,2023-10-20 20:42:11.865,2023-10-20 20:42:11.865,,,,,hriiVjEkYE,com.sec.android.app.shealth,,72-wearable.samsung_account_id,
"{""vo2Max"":37.81,""vo2maxTimestamp"":1755986107125,""weight"":0}",tracker.exercise,,2025-08-23 21:55:08.560,2023-10-21 21:50:48.637,,,,,hriiVjEkYE,com.sec.android.app.shealth,,34-exercise.vo2max,
,tracker.exercise,,2023-10-22 23:38:03.725,2023-10-22 23:38:03.857,,,,1,487mnSNu6t,com.sec.android.app.shealth,,34-during.audioGuide.enable,
,tracker.exercise,,2023-10-22 23:38:03.730,2023-10-22 23:38:03.860,,,,1,487mnSNu6t,com.sec.android.app.shealth,,34-1001.autoPause.enable,
,,,2023-10-22 23:38:11.284,2023-10-22 23:38:11.302,,,,1,487mnSNu6t,com.sec.android.app.shealth,,settings.map_location_agreement,
,,,2023-10-25 22:44:43.510,2023-10-25 22:44:40.222,,,stress.breath_settings.blob_value.json,,hriiVjEkYE,com.sec.android.app.shealth,,stress.breath_settings,
,,,2023-10-28 23:41:09.888,2023-10-28 23:41:09.898,,,,1,487mnSNu6t,com.sec.android.app.shealth,,sc.symbol_trial_state,
,,,2023-10-28 23:43:02.167,2023-10-28 23:43:02.173,,,,1,487mnSNu6t,com.sec.android.app.shealth,,sleep_coaching.trial_state,
,tracker.exercise,,2023-10-29 03:02:02.572,2023-10-29 03:02:02.572,,,,1,487mnSNu6t,com.sec.android.app.shealth,,34-detection.workout.enable,
,tracker.inactive,,2023-10-29 03:02:02.587,2023-10-29 03:02:02.587,,,,1,487mnSNu6t,com.sec.android.app.shealth,,75-alert.enable,
,,,2026-09-13 13:09:20.375,2024-01-05 21:55:37.704,,,,1,487mnSNu6t,com.sec.android.app.shealth,,oobe.shd_access_authority_status,
,,,2024-01-05 21:57:00.683,2024-01-05 21:57:00.724,,,,1,487mnSNu6t,com.sec.android.app.shealth,,sc.tile_init_state,
,tracker.exercise,,2024-01-05 21:57:04.781,2024-01-05 21:57:04.781,,,34-workout_list2.blob_value.json,,487mnSNu6t,com.sec.android.app.shealth,,34-workout_list2,
,tracker.exercise,,2024-01-05 21:57:04.793,2024-01-05 21:57:04.793,,,34-favorite_list2.blob_value.json,,487mnSNu6t,com.sec.android.app.shealth,,34-favorite_list2,
,tracker.exercise,,2024-01-05 21:57:12.672,2024-01-05 21:57:12.728,,,,0,487mnSNu6t,com.sec.android.app.shealth,,34-15005.autoPause.enable,
"{""calories"":300.0,""distance"":1000,""duration"":1800000,""enable"":false,""type"":0}",tracker.exercise,,2024-01-05 21:57:12.745,2024-01-05 21:57:12.757,,,,,487mnSNu6t,com.sec.android.app.shealth,,34-15005.target,
,tracker.exercise,,2024-01-05 21:57:19.317,2024-01-05 21:57:19.365,,,,0,487mnSNu6t,com.sec.android.app.shealth,,34-15002.autoPause.enable,
"{""calories"":300.0,""distance"":1000,""duration"":1800000,""enable"":false,""type"":0}",tracker.exercise,,2024-01-05 21:57:19.381,2024-01-05 21:57:19.391,,,,,487mnSNu6t,com.sec.android.app.shealth,,34-15002.target,
"{""enable"":false,""type"":2,""duration"":1800000,""distance"":1000,""calories"":300.0,""pace_setter_id"":""100101005""}",tracker.exercise,,2026-09-04 16:48:52.131,2024-01-06 22:52:16.275,,,,,hriiVjEkYE,com.sec.android.app.shealth,,34-1001.target,
,tracker.exercise,,2024-01-25 15:21:26.507,2024-01-25 15:21:26.507,,,,1,hriiVjEkYE,com.sec.android.app.shealth,,34-detection.walking.enable,
,tracker.exercise,,2024-01-25 15:21:37.583,2024-01-25 15:21:37.583,,,,1,hriiVjEkYE,com.sec.android.app.shealth,,34-detection.location.walking.enable,
,tracker.exercise,,2024-01-25 15:21:42.722,2024-01-25 15:21:42.722,,,,1,hriiVjEkYE,com.sec.android.app.shealth,,34-detection.location.walking.option,
,tracker.exercise,,2024-01-25 15:21:52.749,2024-01-25 15:21:52.749,,,,1,hriiVjEkYE,com.sec.android.app.shealth,,34-detection.location.running.enable,
,tracker.exercise,,2024-01-25 15:21:54.210,2024-01-25 15:21:54.210,,,,1,hriiVjEkYE,com.sec.android.app.shealth,,34-detection.location.running.option,
,tracker.exercise,,2024-01-25 15:22:08.564,2024-01-25 15:22:05.822,,,,1,hriiVjEkYE,com.sec.android.app.shealth,,34-detection.alert.enable,
,,,2024-02-02 17:35:12.043,2024-02-02 17:31:01.393,,,water-cup-settings_capability.blob_value.json,,hriiVjEkYE,com.sec.android.app.shealth,,water-cup-settings_capability,
,,,2026-09-13 13:09:32.039,2024-02-25 13:56:39.011,,,water-target-settings.blob_value.json,,487mnSNu6t,com.sec.android.app.shealth,,water-target-settings,
,,,2026-09-20 19:56:51.915,2024-07-15 18:38:08.122,,,sleep.watch_summary.blob_value.json,,487mnSNu6t,com.sec.android.app.shealth,,sleep.watch_summary,
,tracker.sleep,,2024-07-17 14:55:36.083,2024-07-17 14:55:36.083,,,,1,487mnSNu6t,com.sec.android.app.shealth,,sleep_good_reward_not_shown,
,tracker.sleep,,2024-07-17 16:24:33.072,2024-07-17 16:24:31.688,,,,0,487mnSNu6t,com.sec.android.app.shealth,,06-snore_setting,
,tracker.sleep,,2026-09-20 19:56:52.139,2024-07-20 14:37:17.492,,,,0,487mnSNu6t,com.sec.android.app.shealth,,sleep_excellent_reward_not_shown,
,tracker.sleep,,2024-08-31 04:13:33.745,2024-08-31 04:13:33.754,,,,0,487mnSNu6t,com.sec.android.app.shealth,,06-snore_setting_new,
,tracker.sleep,,2024-08-31 04:51:44.901,2024-08-31 04:51:44.912,,,,0,487mnSNu6t,com.sec.android.app.shealth,,06-snore.setting.option_new,
0,,,2024-10-25 11:31:46.945,2024-10-25 11:31:46.959,,,,,487mnSNu6t,com.sec.android.app.shealth,,34-badges.DB.update,
,,,2026-03-04 23:52:37.235,2025-01-16 04:18:57.143,1736996447164,,,,487mnSNu6t,com.sec.android.app.shealth,,shealth.6.29.upgrade.date,
"{""data1_list"":[""DURATION"",""TIME""]}",tracker.exercise,,2025-01-16 22:53:00.455,2025-01-16 22:53:00.455,,,,,hriiVjEkYE,com.sec.android.app.shealth,,34-15002.workoutScreen,
,tracker.age,,2025-05-31 23:44:29.906,2025-05-31 23:44:29.978,,,,0,487mnSNu6t,com.sec.android.app.shealth,,44-age.last.labs.support,
,,,2025-06-03 20:26:58.129,2025-06-03 20:26:58.144,1748908800000,,,,487mnSNu6t,com.sec.android.app.shealth,,34-streak.initiation.date,
"{""a"":11,""b"":1748982259292,""c"":1789420110551,""d"":""27e3ebf6-15a2-49ea-888b-09e181897a7c""}",tracker.exercise,,2026-09-18 16:23:34.228,2025-06-04 00:30:50.982,,,,,487mnSNu6t,com.sec.android.app.shealth,,34-streak.week.info,
1789953600000-1789955400000,tracker.sleep,,2026-09-20 14:40:57.059,2025-06-26 10:40:04.216,,,,,487mnSNu6t,com.sec.android.app.shealth,,sleep_guidance_updated_bed_time,
0.0,,,2025-09-23 23:57:18.320,2025-06-26 23:59:11.615,,,,,487mnSNu6t,com.sec.android.app.shealth,,34-1002.cumulative.distance,
0.0,,,2025-09-23 23:57:18.364,2025-06-26 23:59:11.635,,,,,487mnSNu6t,com.sec.android.app.shealth,,34-11007.cumulative.distance,
,tracker.exercise,,2025-09-25 00:26:51.051,2025-09-25 00:26:51.054,,,,0,487mnSNu6t,com.sec.android.app.shealth,,34-cumulative.values.reset,
"{""currentLevel"":0,""isInitTestCompleted"":false,""isJoined"":false,""isProgramFinished"":false,""isSurveyCompleted"":false}",tracker.exercise,,2026-07-30 03:00:01.842,2026-03-18 23:28:51.750,,,,,hriiVjEkYE,com.sec.android.app.shealth,,34-exercise.periodization.summary,
,tracker.sleep,,2026-07-02 00:01:26.159,2026-07-02 00:01:26.171,,,,0,487mnSNu6t,com.sec.android.app.shealth,,06-snore_setting_new_2,
,tracker.hearing,,2026-09-17 06:07:42.374,2026-07-02 00:01:26.319,,,,0,487mnSNu6t,com.sec.android.app.shealth,,84-hearing.sound_monitoring.enabled,
,tracker.blood_pressure_trend,,2026-09-20 19:56:29.253,2026-07-02 00:01:27.814,,,,0,487mnSNu6t,com.sec.android.app.shealth,,47-blood.pressure.trend.enabled,
,tracker.sleep,,2026-07-06 12:59:14.569,2026-07-06 12:59:14.594,,,,0,487mnSNu6t,com.sec.android.app.shealth,,06-snore.setting.option_new_2,
,tracker.exercise,0.8333334,2026-09-18 16:23:33.922,2026-07-07 02:15:43.170,,,,,487mnSNu6t,com.sec.android.app.shealth,,34-13001.latest_records_avg_speed,
,tracker.exercise,1.1111112,2026-09-18 16:23:34.007,2026-07-07 02:15:43.241,,,,,487mnSNu6t,com.sec.android.app.shealth,,34-1008.latest_records_avg_speed,
,tracker.exercise,1.25,2026-09-18 16:23:34.137,2026-07-07 02:15:43.321,,,,,487mnSNu6t,com.sec.android.app.shealth,,34-1001.latest_records_avg_speed,
,tracker.exercise,2.2222223,2026-09-18 16:23:34.200,2026-07-07 02:15:43.421,,,,,487mnSNu6t,com.sec.android.app.shealth,,34-1002.latest_records_avg_speed,
,tracker.exercise,5.0,2026-09-18 16:23:34.287,2026-07-07 02:15:43.475,,,,,487mnSNu6t,com.sec.android.app.shealth,,34-11007.latest_records_avg_speed,
,app.settings,,2026-09-20 19:57:44.953,2026-09-13 13:09:29.220,,,,1,487mnSNu6t,com.sec.android.app.shealth,,72-lab.enable.age,
,tracker.exercise,,2026-09-20 19:56:30.541,2026-09-13 13:09:30.201,,,,,487mnSNu6t,com.sec.android.app.shealth,,34-periodization.reminder.time,
,,,2026-09-20 19:57:45.092,2026-09-13 13:09:54.010,,,,1,487mnSNu6t,com.sec.android.app.shealth,,step.detectworkout_switch,
"{""enable"":true,""type"":""duration"",""duration"":1800000}",tracker.exercise,,2026-09-15 10:38:24.163,2026-09-15 10:38:24.085,,,,,hriiVjEkYE,com.sec.android.app.shealth,,34-15002.guideFrequency,
