com.samsung.shealth.exercise.weather,7006011,4
uv_index,create_sh_ver,sunset_time,start_time,latitude,custom,wind_direction,phrase,sundown_time,temperature_scale,content_provider,modify_sh_ver,update_time,create_time,type,longitude,temperature,humidity,time_offset,deviceuuid,exercise_id,pkg_name,wind_speed_unit,forecast_time,wind_speed,icon_info_id,datauuid
,,,2023-10-21 21:06:49.138,-25.400017,,90.E,Encoberto,,1,TWC,,2023-10-21 21:50:49.127,2023-10-21 21:50:49.127,1,-49.33995,17.0,80,UTC-0300,hriiVjEkYE,85838649-3ac5-47da-9e3d-1954858a8a92,com.sec.android.app.shealth,km/h,,23.0,3,3a34a08f-6c1a-4ac4-8eb5-a7eb171d88d4,
,,,2023-10-24 22:37:18.104,-25.401155,,230.SO,Encoberto,,1,TWC,,2023-10-24 22:52:33.286,2023-10-24 22:52:33.286,1,-49.329952,22.0,77,UTC-0300,hriiVjEkYE,533ab955-7816-4f12-a484-571f914623a1,com.sec.android.app.shealth,km/h,,21.0,3,c723fa93-fac9-476f-a833-40b111802a99,
,,,2023-11-02 15:53:15.918,-25.399635,,90.E,Nublado,,1,TWC,,2023-11-02 16:39:32.232,2023-11-02 16:39:32.232,1,-49.340096,19.0,74,UTC-0300,hriiVjEkYE,e8513616-44b3-45d9-9081-7935e3b6a2ac,com.sec.android.app.shealth,km/h,,14.0,3,8808cae2-4ca7-4482-bcb2-f622f10065a7,
,,,2023-11-15 08:11:13.389,-25.399927,,10.N,Névoa,,1,TWC,,2023-11-15 14:29:05.603,2023-11-15 14:29:05.603,1,-49.339943,19.0,92,UTC-0300,hriiVjEkYE,f2218f31-e4d9-4753-8acb-fde6d291411e,com.sec.android.app.shealth,km/h,,5.0,4,f0cb9ecf-1867-4efc-a6cd-8df564454b97,
,,0,2024-01-17 21:22:34.354,-25.439161,,ENE. 60,Encoberto,0,1,TWC,,2024-01-17 21:22:34.358,2024-01-17 21:22:34.358,1,-49.219982,23.0,90,UTC-0300,487mnSNu6t,27fd8f04-a033-4539-8bf7-230ee04fb75b,com.sec.android.app.shealth,km/h,0,8.0,3,1dc37f1b-d091-4041-bb29-d583493d7597,
,,0,2024-01-17 22:33:47.263,-25.3989,,NE. 40,Encoberto,0,1,TWC,,2024-01-17 22:33:47.265,2024-01-17 22:33:47.265,1,-49.338943,22.0,93,UTC-0300,487mnSNu6t,8a2522ba-c131-4e0d-b452-e3278134a994,com.sec.android.app.shealth,km/h,0,8.0,3,3def00ed-3870-47cb-9d44-ec6ab3c45144,
,,,2025-07-27 19:20:05.978,-25.42645,,340.NNO,Limpo com vento,,1,TWC,,2025-07-27 21:04:07.848,2025-07-27 21:04:07.848,1,-49.30791,24.0,45,UTC-0300,hriiVjEkYE,0bdbda5b-f819-4207-b9d7-013b5ae60b52,com.sec.android.app.shealth,km/h,,35.0,1,8fd720d5-4bdc-48db-b60a-11fd0304c7a4,
,,,2025-07-27 19:20:05.978,-25.42645,,,Limpo com vento,,1,,,2025-07-28 16:39:01.714,2025-07-28 16:39:01.714,1,-49.30791,24.0,,UTC-0300,hriiVjEkYE,0bdbda5b-f819-4207-b9d7-013b5ae60b52,com.sec.android.app.shealth,,,,,8df4046c-80e3-472b-a3df-581a224fb15e,
,,,2025-08-23 20:36:46.428,-25.430294,,330.NNO,Limpo,,1,TWC,,2025-08-23 21:55:08.875,2025-08-23 21:55:08.875,1,-49.3144,27.0,35,UTC-0300,hriiVjEkYE,bc0ed17f-ee9c-4efb-a84d-9b94e3a1582e,com.sec.android.app.shealth,km/h,,13.0,1,d1c69b1c-03e8-4876-8d38-79d909d849d3,
