minuto_desde_inicio,profundidade
0,2.0
5,2.0
10,2.0
15,1.6
20,0.4
25,1.2
30,2.0
35,2.0
40,2.0
45,3.0
50,2.6
55,2.0
60,1.6
65,2.0
70,3.0
75,3.0
80,3.0
85,3.0
90,3.0
95,3.0
100,3.0
105,3.0
110,3.0
115,3.0
120,2.4
125,1.6
130,2.0
135,2.0
140,2.0
145,1.2
150,1.0
155,2.0
160,1.2
165,1.6
170,1.6
175,2.0
180,2.0
185,2.0
190,0.6
195,1.0
200,1.0
205,1.0
210,1.0
215,2.0
220,2.0
225,2.0
230,1.8
235,1.4
240,1.0
245,1.0
250,1.4
255,0.4
260,1.4
265,1.0
270,1.6
275,1.4
280,0.4
285,2.0
290,2.0
295,2.0
300,2.0
305,2.0
310,2.0
315,2.0
320,2.0
325,2.0
330,1.6
335,1.0
340,1.0
345,1.0
350,1.0
355,0.8
360,1.0
365,0.2
370,0.0
375,0.0
380,0.0
385,0.0
390,0.0
395,0.0
400,0.0
405,0.0
410,0.0
415,0.0
420,0.0
425,0.0
430,0.0
435,0.0
440,0.0
445,0.0
450,0.0
455,0.0
460,0.0
465,0.0
470,0.0
475,0.0
